User: USER,Path: C:\Program Files (x86)\BMG\CLARIOstar\User\Data\,Test run no.: 4908,,,,,,,,,,,,,,,,,,,,,,,,,,,,,,,,,,,,,,,,,,,,,,,,,,,,,,,,,,,,,,,,,,,,,,,,,,,,,,,,,,,,,,,,,,,,,,,
Test name: HCQY exp 2 Fluorescence,Date: 24/10/2023,Time: 15:48:30,,,,,,,,,,,,,,,,,,,,,,,,,,,,,,,,,,,,,,,,,,,,,,,,,,,,,,,,,,,,,,,,,,,,,,,,,,,,,,,,,,,,,,,,,,,,,,,
Fluorescence (FI) spectrum,,,,,,,,,,,,,,,,,,,,,,,,,,,,,,,,,,,,,,,,,,,,,,,,,,,,,,,,,,,,,,,,,,,,,,,,,,,,,,,,,,,,,,,,,,,,,,,,,
,,,,,,,,,,,,,,,,,,,,,,,,,,,,,,,,,,,,,,,,,,,,,,,,,,,,,,,,,,,,,,,,,,,,,,,,,,,,,,,,,,,,,,,,,,,,,,,,,
,,A 1-6 Tetraphenyl porphyrin ,,,,,,A 7-12 C7SHU,,,,,,B 1-6 Tetraphenyl porphyrin ,,,,,,B 7-12 C7SHU,,,,,,C 1-6 Tetraphenyl porphyrin  ,,,,,,C 7-12 C7SHU,,,,,,D 1-6 Tetraphenyl porphyrin ,,,,,,D 7-12 C7SHU,,,,,,E 1-6 C5SHU,,,,,,E 7-12 C8SHU,,,,,,F 1-6 C5SHU,,,,,,F 7-12 C8SHU,,,,,,G 1-6 C5SHU,,,,,,G 7-12 C8SHU,,,,,,H 1-6 C5SHU,,,,,,H 7-12 C8SHU,,,,,
Well Row,,A,A,A,A,A,A,A,A,A,A,A,A,B,B,B,B,B,B,B,B,B,B,B,B,C,C,C,C,C,C,C,C,C,C,C,C,D,D,D,D,D,D,D,D,D,D,D,D,E,E,E,E,E,E,E,E,E,E,E,E,F,F,F,F,F,F,F,F,F,F,F,F,G,G,G,G,G,G,G,G,G,G,G,G,H,H,H,H,H,H,H,H,H,H,H,H
Well Col,,1,2,3,4,5,6,7,8,9,10,11,12,1,2,3,4,5,6,7,8,9,10,11,12,1,2,3,4,5,6,7,8,9,10,11,12,1,2,3,4,5,6,7,8,9,10,11,12,1,2,3,4,5,6,7,8,9,10,11,12,1,2,3,4,5,6,7,8,9,10,11,12,1,2,3,4,5,6,7,8,9,10,11,12,1,2,3,4,5,6,7,8,9,10,11,12
Content,Wavelength [nm],Sample X1,Sample X2,Sample X3,Sample X4,Sample X5,Sample X6,Sample X7,Sample X8,Sample X9,Sample X10,Sample X11,Sample X12,Sample X13,Sample X14,Sample X15,Sample X16,Sample X17,Sample X18,Sample X19,Sample X20,Sample X21,Sample X22,Sample X23,Sample X24,Sample X25,Sample X26,Sample X27,Sample X28,Sample X29,Sample X30,Sample X31,Sample X32,Sample X33,Sample X34,Sample X35,Sample X36,Sample X37,Sample X38,Sample X39,Sample X40,Sample X41,Sample X42,Sample X43,Sample X44,Sample X45,Sample X46,Sample X47,Sample X48,Sample X49,Sample X50,Sample X51,Sample X52,Sample X53,Sample X54,Sample X55,Sample X56,Sample X57,Sample X58,Sample X59,Sample X60,Sample X61,Sample X62,Sample X63,Sample X64,Sample X65,Sample X66,Sample X67,Sample X68,Sample X69,Sample X70,Sample X71,Sample X72,Sample X73,Sample X74,Sample X75,Sample X76,Sample X77,Sample X78,Sample X79,Sample X80,Sample X81,Sample X82,Sample X83,Sample X84,Sample X85,Sample X86,Sample X87,Sample X88,Sample X89,Sample X90,Sample X91,Sample X92,Sample X93,Sample X94,Sample X95,Sample X96
Raw Data (Em Spectrum),580,180,934,904,479,313,171,1272,1311,935,609,2565,283,127,847,608,407,292,232,157,1127,982,602,352,230,112,871,621,403,395,208,159,1284,844,524,353,217,150,1868,712,424,344,236,187,1326,905,483,344,265,114,3243,1175,733,494,307,192,926,831,424,302,193,153,1540,1086,638,488,232,172,1269,759,453,248,187,220,1648,1250,636,783,275,224,1031,778,383,302,349,1176,2734,1300,690,422,268,192,982,801,572,373,201
Raw Data (Em Spectrum),581,169,963,963,441,293,177,1182,1378,1004,591,2606,301,125,852,626,401,295,193,148,1289,966,609,348,230,119,836,608,402,337,239,135,1374,871,567,370,218,145,1927,706,452,314,224,174,1384,985,496,348,296,116,3201,1224,775,481,340,192,993,914,447,302,186,190,1640,1093,710,482,245,148,1418,721,505,255,207,192,1708,1235,732,824,257,228,1087,816,426,284,348,1259,2979,1394,733,437,284,192,1138,793,520,414,230
Raw Data (Em Spectrum),582,176,979,984,473,321,151,1107,1454,1049,680,2495,313,144,883,693,391,328,224,128,1257,1049,611,379,197,116,938,634,394,368,238,159,1507,950,602,418,221,145,1903,765,458,348,215,195,1469,1040,580,353,344,113,3265,1286,736,507,308,179,1156,968,525,299,192,165,1675,1182,782,509,241,145,1410,809,490,301,228,202,1762,1416,748,834,296,215,1153,846,451,362,377,1248,3210,1474,765,435,281,191,1179,854,567,403,214
Raw Data (Em Spectrum),583,176,1022,983,530,292,184,1118,1610,1107,687,2533,289,140,915,733,412,290,210,157,1474,1074,712,469,225,113,986,667,488,374,239,137,1584,1108,638,440,239,145,1914,756,457,323,219,182,1499,1082,587,389,307,127,3302,1420,795,505,358,195,1226,1008,542,326,212,150,1851,1271,837,554,244,162,1524,885,513,313,228,216,1851,1433,794,840,289,235,1320,997,500,377,384,1303,3554,1556,809,536,270,191,1189,976,639,440,222
Raw Data (Em Spectrum),584,197,1085,1037,565,284,195,1094,1641,1227,751,2702,298,136,1090,781,453,320,212,142,1552,1168,751,493,251,136,1068,706,495,354,240,147,1683,1112,670,421,298,169,1920,837,446,364,262,159,1691,1241,640,442,334,119,3439,1447,813,553,342,169,1263,1127,645,379,206,178,1992,1350,870,581,248,144,1778,1026,564,311,244,181,2072,1491,884,877,295,231,1372,1069,546,397,375,1374,3881,1652,863,550,306,192,1396,1013,709,465,242
Raw Data (Em Spectrum),585,169,1107,1096,627,324,178,1069,1791,1330,791,2640,321,125,1041,809,545,330,213,142,1666,1358,772,507,234,118,1020,753,445,381,235,164,1849,1260,657,463,281,156,2096,888,486,341,265,223,1797,1327,670,433,303,112,3487,1646,913,534,366,178,1497,1153,624,415,212,190,2058,1497,927,597,300,152,1871,1011,616,319,248,208,2162,1647,843,995,340,268,1434,1197,646,428,376,1333,4125,1682,922,546,313,197,1450,1262,701,482,254
Raw Data (Em Spectrum),586,157,1250,1197,559,339,169,1051,1894,1464,903,2542,332,137,1224,805,542,304,227,110,1820,1400,868,535,256,120,1205,759,481,412,230,161,1993,1368,786,511,256,142,1967,884,497,387,284,185,1983,1408,826,511,348,129,3556,1665,1015,638,360,203,1512,1355,718,462,249,169,2220,1518,994,702,286,168,2020,1165,695,380,256,213,2220,1742,980,975,310,243,1624,1326,662,487,352,1306,4457,1910,1037,562,368,198,1646,1336,865,515,267
Raw Data (Em Spectrum),587,173,1308,1181,648,328,178,1093,2178,1564,927,2667,346,116,1279,862,556,364,249,170,1908,1538,933,598,259,121,1284,801,535,409,252,181,2295,1556,859,529,304,160,2012,888,530,383,277,202,2149,1540,802,560,346,126,3823,1789,1071,663,374,223,1721,1436,870,492,260,180,2345,1679,1003,632,370,180,2120,1357,755,429,262,217,2395,1866,993,1011,353,243,1826,1525,763,479,429,1392,4756,2041,1148,666,378,233,1769,1478,880,569,272
Raw Data (Em Spectrum),588,187,1342,1236,656,363,187,1049,2423,1694,1041,2668,375,142,1324,922,571,349,246,165,2228,1648,1030,611,285,131,1300,850,571,431,260,192,2519,1699,987,627,337,160,2086,1031,568,401,270,241,2447,1722,899,629,383,133,3852,1987,1089,722,434,180,1914,1596,902,534,283,177,2498,1866,1175,827,378,167,2405,1400,817,422,308,237,2670,2074,1170,1077,321,236,1982,1621,828,573,419,1323,5067,2246,1193,652,403,219,1997,1580,994,593,308
Raw Data (Em Spectrum),589,199,1414,1278,701,404,210,981,2638,1939,1097,2779,434,123,1324,936,593,393,297,169,2325,1813,1137,679,315,151,1304,890,560,434,237,197,2678,1859,1094,603,365,162,2105,1081,618,469,292,230,2539,1906,1056,653,383,138,4055,2080,1210,759,444,225,2130,1709,933,585,297,171,2759,2000,1216,839,404,196,2695,1560,903,487,330,232,2950,2350,1283,1112,380,257,2191,1730,923,603,426,1405,5212,2400,1256,774,452,239,2198,1715,1099,658,303
Raw Data (Em Spectrum),590,213,1437,1378,743,416,205,947,2804,1950,1225,2593,426,173,1452,1039,681,413,267,180,2616,1955,1235,725,336,124,1401,1014,646,485,289,185,2855,1955,1166,703,357,153,2093,1088,633,458,312,208,2816,2068,1051,660,445,131,4184,2246,1356,765,478,242,2306,1984,989,644,317,191,2912,2128,1328,915,403,193,2813,1710,1004,505,341,233,3113,2388,1366,1188,374,269,2486,1895,978,695,458,1364,5590,2462,1386,863,483,250,2336,1834,1156,695,332
Raw Data (Em Spectrum),591,194,1452,1331,790,432,255,889,2981,2172,1237,2708,430,153,1499,1112,675,447,299,187,2791,2189,1287,804,367,134,1545,991,654,503,323,211,3284,2147,1285,761,393,190,2257,1198,678,481,311,252,3063,2118,1220,726,478,161,4479,2388,1397,816,496,260,2570,2045,1101,625,325,201,3265,2235,1406,989,410,235,3075,1832,1022,573,352,265,3389,2568,1460,1234,408,243,2527,2082,1098,770,456,1394,5663,2592,1547,855,476,274,2580,2074,1208,707,388
Raw Data (Em Spectrum),592,222,1685,1420,751,444,239,888,3200,2439,1498,2577,480,169,1604,1136,680,406,320,189,2963,2286,1382,830,425,157,1568,1102,699,549,296,200,3439,2436,1375,799,430,182,2298,1300,671,561,310,239,3331,2284,1334,818,479,176,4644,2582,1474,840,508,270,2668,2181,1203,732,370,200,3644,2374,1649,1019,472,219,3321,1980,1115,632,413,270,3517,2889,1592,1300,418,270,2814,2222,1160,868,446,1332,5872,2871,1579,916,510,253,2839,2276,1310,787,418
Raw Data (Em Spectrum),593,220,1661,1438,797,445,235,938,3548,2436,1475,2660,528,187,1696,1229,720,472,305,218,3183,2462,1456,943,401,174,1705,1147,772,509,300,221,3511,2563,1316,837,502,187,2387,1245,767,561,391,291,3562,2568,1435,840,511,190,4798,2643,1611,938,589,291,3018,2361,1247,788,422,225,3701,2655,1625,1166,532,227,3544,2151,1177,657,474,282,3846,3084,1754,1363,476,270,3037,2568,1184,873,441,1287,6023,3072,1752,992,610,296,2950,2354,1370,844,425
Raw Data (Em Spectrum),594,215,1763,1408,853,519,270,908,3677,2550,1586,2610,539,164,1688,1160,828,487,307,215,3414,2538,1657,996,489,187,1771,1174,811,562,332,253,3732,2718,1537,906,484,198,2338,1349,758,595,364,283,3781,2690,1581,865,530,185,5014,2939,1733,1010,608,279,3232,2510,1353,828,392,224,3974,2709,1752,1272,530,258,3818,2308,1295,661,477,265,4044,3361,1807,1455,473,318,3200,2644,1351,918,572,1286,6425,3380,1902,1070,623,330,3025,2448,1521,892,470
Raw Data (Em Spectrum),595,258,1884,1583,896,483,338,916,3927,2800,1698,2708,587,199,1877,1265,825,538,365,224,3694,2868,1753,1030,535,184,1814,1288,809,562,324,249,4079,3027,1626,950,551,211,2392,1356,787,640,410,302,3894,2875,1610,979,547,197,5177,3200,1832,1070,642,284,3333,2583,1556,871,410,224,4358,2979,1916,1254,544,279,4054,2399,1449,758,487,277,4345,3631,1991,1440,474,274,3474,2798,1472,966,596,1277,6413,3481,1936,1199,664,329,3283,2642,1530,955,465
Raw Data (Em Spectrum),596,228,1908,1660,893,487,274,882,4201,3154,1826,2652,605,205,1864,1417,859,554,399,219,3728,3027,1866,1149,554,199,1899,1308,786,524,355,255,4379,3149,1745,1020,582,201,2502,1467,833,667,409,308,4325,3116,1652,989,625,207,5520,3497,1906,1123,674,306,3565,2857,1574,982,451,225,4656,3143,2025,1366,542,266,4294,2522,1502,770,493,284,4785,3902,2054,1560,511,341,3728,2924,1591,1074,600,1283,6749,3763,2109,1228,714,388,3471,2870,1728,1056,469
Raw Data (Em Spectrum),597,273,1952,1660,947,594,305,818,4498,3179,1978,2539,616,211,1980,1359,892,517,354,226,4227,3196,1923,1187,547,238,1996,1326,833,626,354,266,4552,3366,1833,1119,580,255,2581,1482,840,648,440,347,4572,3196,1893,1038,637,224,5836,3555,2014,1176,743,316,3721,2924,1814,994,477,250,4730,3322,2180,1455,666,218,4669,2805,1673,846,574,360,5036,3959,2178,1585,523,321,3777,2987,1561,1119,591,1350,6927,3893,2273,1370,745,345,3799,2961,1721,1033,530
Raw Data (Em Spectrum),598,255,2084,1692,1040,555,299,882,4624,3387,2086,2591,626,199,2095,1384,879,567,398,262,4265,3242,1965,1239,561,225,2133,1321,999,680,431,275,4901,3496,1926,1196,619,228,2573,1551,1001,702,444,346,4694,3429,1954,1107,667,208,6028,3857,2192,1282,697,346,3920,3182,1837,1077,522,279,4869,3531,2278,1534,700,284,4828,2844,1560,862,576,351,5274,4431,2445,1715,594,346,4119,3385,1746,1191,635,1445,7297,4094,2307,1423,778,373,3987,3143,1830,1239,542
Raw Data (Em Spectrum),599,277,2207,1821,1042,587,297,818,4801,3561,2079,2673,692,203,2114,1486,961,566,403,271,4477,3444,2107,1366,617,207,2184,1469,894,647,348,288,5057,3640,2013,1148,681,226,2686,1614,927,702,444,371,5194,3636,2103,1215,719,246,6167,3930,2269,1324,777,361,4150,3292,1838,1116,529,316,5303,3610,2391,1546,702,312,4931,3048,1718,875,572,363,5561,4494,2449,1821,611,357,4327,3554,1800,1196,681,1351,7536,4131,2502,1411,809,406,4156,3300,1970,1155,536
Raw Data (Em Spectrum),600,276,2251,1817,1122,647,337,821,5237,3556,2141,2756,750,280,2163,1564,969,623,419,259,4731,3672,2135,1405,672,227,2182,1463,1046,667,415,316,5285,3921,2209,1244,644,189,2622,1744,927,747,520,383,5212,3757,2062,1265,659,213,6641,4144,2264,1322,750,318,4287,3462,1897,1188,556,312,5536,3864,2575,1546,729,345,5376,3178,1775,927,623,392,5639,4586,2506,1794,587,324,4540,3485,1744,1299,691,1238,7764,4460,2719,1535,830,406,4327,3333,2064,1173,568
Raw Data (Em Spectrum),601,287,2271,1807,1126,595,373,781,5196,3772,2155,2784,702,239,2128,1624,1008,614,450,273,4994,3647,2215,1412,623,189,2201,1559,1056,700,421,291,5523,4078,2192,1316,702,277,2627,1688,1016,789,514,385,5567,4016,2248,1245,666,262,6720,4262,2480,1436,752,352,4574,3577,1917,1141,585,314,5742,3985,2500,1703,772,302,5584,3235,1855,1012,643,377,5838,4878,2715,1894,639,358,4572,3829,2047,1357,706,1312,7709,4809,2667,1538,902,412,4378,3444,2178,1222,693
Raw Data (Em Spectrum),602,232,2327,1946,1184,675,382,841,5427,4082,2463,2732,780,215,2163,1662,983,605,435,294,5213,3815,2494,1482,700,236,2393,1625,1038,690,394,312,5642,4117,2229,1266,727,242,2724,1847,1077,802,495,425,5780,4068,2270,1410,774,244,6954,4445,2477,1513,819,369,4673,3801,2071,1254,610,289,6085,4273,2672,1664,807,351,5679,3347,1818,1049,624,357,6204,5067,2779,2015,638,402,4866,3842,1964,1275,692,1275,7988,4870,2795,1648,946,441,4585,3662,2204,1299,620
Raw Data (Em Spectrum),603,269,2250,1918,1165,668,388,848,5701,3890,2426,2683,749,241,2387,1799,1109,647,471,324,5203,4083,2339,1503,674,223,2375,1532,1042,720,439,310,5877,4249,2318,1455,726,273,2727,1712,991,753,560,390,5855,4222,2444,1360,753,243,7249,4419,2650,1568,821,392,4550,3907,1962,1260,621,318,6201,4214,2588,1681,805,346,5903,3557,1997,971,607,362,6343,5220,2944,2019,651,380,5017,3994,2021,1467,700,1307,8155,4971,2798,1697,947,433,4773,3652,2155,1321,668
Raw Data (Em Spectrum),604,267,2417,1780,1110,681,379,772,5894,4279,2387,2820,731,220,2497,1720,1098,655,475,289,5451,4000,2575,1573,731,240,2451,1597,1074,746,421,329,6151,4453,2415,1395,822,257,2880,1850,1036,828,547,419,6125,4281,2503,1387,719,263,7311,4557,2694,1521,896,371,4962,4114,2006,1317,579,319,6395,4449,2832,1770,810,343,6088,3629,2096,1048,677,413,6678,5213,2854,2060,617,341,5171,4110,2132,1401,711,1208,8265,5219,2954,1673,932,465,4906,3866,2295,1397,661
Raw Data (Em Spectrum),605,283,2453,2028,1227,665,409,801,6065,4343,2530,2770,781,244,2382,1696,1174,673,472,315,5695,4408,2610,1641,720,260,2532,1662,1098,769,437,281,6163,4440,2425,1395,740,271,2858,1883,1023,844,545,450,6204,4324,2431,1450,779,264,7544,4985,2791,1674,832,397,4924,4040,2256,1326,639,319,6515,4556,2783,1810,860,315,6267,3816,2012,1094,734,354,6576,5378,3000,2152,716,372,5319,4341,2229,1495,649,1196,8484,5286,3073,1845,974,435,5209,3942,2418,1363,671
Raw Data (Em Spectrum),606,297,2536,1963,1240,711,338,779,6305,4338,2544,2832,801,229,2338,1773,1178,678,443,305,5805,4494,2628,1652,735,274,2628,1703,1053,760,453,315,6608,4748,2540,1551,779,266,2962,2062,1149,921,523,433,6626,4509,2534,1502,770,274,7658,4896,2775,1642,931,408,5205,4272,2317,1331,636,307,6750,4608,2913,1825,812,352,6484,3823,2177,1118,684,379,6880,5421,3016,2076,667,338,5479,4379,2249,1520,694,1283,8556,5477,3219,1802,1026,437,5147,4134,2433,1378,676
Raw Data (Em Spectrum),607,253,2475,2049,1170,723,347,750,6454,4409,2699,2818,850,249,2580,1794,1153,681,535,315,5850,4578,2780,1596,733,257,2730,1851,1115,681,476,311,6525,4871,2697,1458,754,261,2978,1924,1067,906,566,428,6536,4687,2692,1416,817,238,7768,5036,2864,1692,854,338,5372,4405,2421,1366,654,307,6918,4789,2960,1917,877,351,6525,3916,2229,1111,731,386,6991,5437,3089,2139,660,374,5708,4409,2364,1458,721,1224,8470,5587,3217,1855,1069,510,5320,4159,2521,1416,731
Raw Data (Em Spectrum),608,297,2580,2036,1280,792,359,790,6591,4807,2661,2888,858,259,2743,1820,1123,648,531,323,6047,4472,2801,1650,777,242,2682,1771,1149,754,420,333,6808,5011,2720,1482,796,289,3007,1962,1102,875,524,393,6566,4756,2737,1489,883,274,8046,5151,2911,1754,973,378,5663,4419,2355,1444,739,338,7149,4875,2875,1896,953,335,6784,4141,2247,1217,752,446,7256,5750,3370,2196,669,386,5487,4548,2289,1567,773,1174,8562,5754,3153,1847,1040,457,5527,4317,2595,1518,745
Raw Data (Em Spectrum),609,256,2662,2042,1193,795,340,810,6602,4691,2708,3018,821,239,2658,1891,1198,773,493,308,6180,4599,2742,1641,763,254,2807,1764,1144,745,472,317,6776,5088,2777,1456,877,291,2960,2048,1101,877,569,418,6667,4862,2813,1503,821,252,8280,5264,3048,1624,991,394,5684,4489,2458,1467,679,308,7156,5053,3007,1822,1006,314,6876,4267,2307,1150,730,355,7231,5708,3153,2128,698,414,5885,4816,2290,1635,726,1247,8696,5777,3330,1807,1032,461,5715,4470,2464,1529,747
Raw Data (Em Spectrum),610,238,2727,2116,1331,727,362,755,6886,4787,2716,2815,877,255,2585,1929,1087,692,515,310,6432,4632,2867,1774,757,218,2843,1868,1191,790,484,253,6894,5223,2801,1492,862,249,3009,2062,1185,932,611,415,7062,4953,2758,1560,886,212,8077,5243,3026,1789,967,393,5876,4889,2431,1499,692,297,7202,4975,3183,1817,943,332,7357,4060,2293,1263,757,412,7606,5858,3458,2273,655,380,6037,4804,2461,1700,740,1091,8965,5790,3319,1844,1102,447,5810,4501,2618,1577,761
Raw Data (Em Spectrum),611,253,2654,2255,1265,739,366,759,6961,5104,2867,2936,750,229,2716,1888,1212,766,504,320,6526,4977,2980,1760,810,222,2843,1833,1134,732,442,335,7012,5235,2807,1598,870,286,3051,2204,1216,948,546,437,7026,5128,2863,1635,934,235,8368,5279,2945,1769,987,397,6100,4720,2505,1500,739,311,7363,5233,3244,1957,939,393,7379,4172,2352,1247,752,346,7596,5927,3424,2461,688,353,6069,5020,2452,1782,712,1143,8954,6074,3344,1957,1041,422,5830,4731,2876,1571,814
Raw Data (Em Spectrum),612,243,2644,2176,1170,790,389,785,7098,4954,2918,2848,891,191,2828,1944,1201,765,506,295,6518,4950,2790,1840,792,227,2810,1872,1174,765,382,281,7208,5301,2792,1701,873,263,3289,2135,1251,882,520,396,7321,5262,2704,1687,821,225,8147,5532,2985,1663,902,367,5951,4774,2675,1516,718,308,7418,5017,3267,1957,961,382,7325,4279,2403,1285,758,385,7528,6081,3451,2281,673,391,6131,5069,2502,1757,783,1091,8988,6072,3426,1924,976,452,6025,4756,2873,1622,738
Raw Data (Em Spectrum),613,258,2824,2157,1277,768,407,759,7204,5063,2881,2995,884,238,2685,2029,1170,715,519,327,6582,5189,2966,1883,772,224,2863,1958,1254,791,487,308,7179,5346,2908,1727,868,228,3084,2212,1156,955,548,402,7350,5257,2966,1643,893,244,8437,5502,2915,1752,964,350,6141,4972,2605,1645,768,313,7402,5200,3153,1807,914,356,7697,4432,2351,1298,795,363,7446,5943,3313,2344,633,327,6287,5358,2577,1704,768,1037,8855,5974,3388,1825,1120,436,6189,4901,2771,1634,713
Raw Data (Em Spectrum),614,262,2859,2132,1404,779,366,725,7253,5142,3061,3131,857,225,2899,2044,1268,742,480,329,6991,5045,2922,1912,867,183,2989,1972,1240,723,452,306,7503,5420,2936,1583,908,220,3179,2238,1177,943,556,431,7540,5350,3005,1562,869,229,8451,5376,3100,1770,1043,355,6328,5119,2681,1631,769,301,7538,5332,3133,1858,934,320,7668,4493,2544,1309,779,401,7624,6101,3545,2324,739,352,6414,5049,2586,1840,790,1166,8963,6236,3580,2092,1147,482,6277,4989,2690,1608,748
Raw Data (Em Spectrum),615,209,2785,2224,1351,810,367,652,7370,5247,2999,3084,878,228,2966,2043,1342,732,525,325,6843,5197,3277,1930,866,226,3140,2093,1200,704,424,261,7554,5440,3034,1723,812,226,3277,2272,1306,932,570,374,7770,5416,3100,1605,873,228,8507,5473,3147,1831,996,363,6320,5176,2721,1676,591,322,7737,5087,3281,1827,920,325,7900,4545,2483,1335,791,377,7801,6144,3451,2375,636,358,6864,5513,2665,1824,793,1047,8945,6075,3569,1862,1012,478,6339,5080,2949,1622,824
Raw Data (Em Spectrum),616,230,2931,2251,1321,745,383,700,7506,5493,3161,3049,911,209,3080,2212,1294,784,489,297,6986,5254,3310,1934,844,189,3089,1934,1280,786,391,280,7897,5740,3027,1819,906,266,3389,2600,1208,975,606,446,7784,5630,3135,1721,966,240,8956,5790,3183,1881,999,355,6644,5385,2763,1611,736,288,7820,5347,3379,1951,992,314,7988,4829,2584,1378,844,331,8187,6315,3413,2406,695,333,6931,5615,2696,1889,786,1102,9338,6428,3523,2100,1090,434,6718,5064,2955,1778,798
Raw Data (Em Spectrum),617,241,3002,2388,1463,824,351,717,8134,5524,3149,3046,866,210,3095,2200,1366,776,473,278,7185,5480,3310,1934,876,215,3334,2076,1249,773,471,317,8100,6007,3102,1817,920,227,3527,2461,1322,968,495,417,8097,5858,3171,1724,898,207,9141,5637,3280,1902,910,310,7041,5622,2993,1785,773,271,7856,5515,3527,1893,1015,312,8337,4907,2783,1329,778,378,8497,6410,3612,2476,678,327,7449,5734,2927,2005,854,1073,9590,6454,3693,2054,1149,415,6900,5444,3166,1768,761
Raw Data (Em Spectrum),618,207,3280,2461,1428,906,470,684,8545,5940,3312,3200,990,184,3327,2346,1383,791,525,241,7716,5733,3377,2078,811,219,3397,2215,1316,824,478,311,8386,6375,3394,1826,933,209,3755,2667,1336,963,607,413,8413,6047,3369,1879,928,241,9336,5848,3439,1881,973,351,7318,5915,3090,1891,849,261,8363,5813,3392,2020,951,271,8856,5193,2812,1374,851,328,8503,6900,3757,2483,732,333,7619,6099,3016,1943,814,1058,9677,6783,3857,2127,1194,425,7617,5741,3215,1918,866
Raw Data (Em Spectrum),619,207,3430,2588,1510,855,395,658,8742,6207,3470,3185,1067,182,3508,2484,1487,842,506,271,8231,6101,3817,2150,817,220,3713,2345,1490,845,460,306,9033,6579,3531,2079,992,210,3918,2868,1358,1057,599,364,9066,6685,3617,1892,1040,190,9999,6354,3554,2084,1073,339,7912,6331,3579,1976,873,268,9051,6372,3584,2067,1057,324,9665,5638,2937,1634,959,324,9200,7093,3893,2535,825,319,8153,6534,3190,2185,840,1037,10128,6956,4070,2264,1171,425,7867,6192,3443,2019,893
Raw Data (Em Spectrum),620,232,3678,2840,1653,923,423,668,9654,6719,3961,3422,1029,181,3652,2762,1622,861,573,279,8813,6726,3869,2424,972,196,3928,2419,1511,918,477,276,9754,7260,3835,2184,1034,217,4047,3048,1594,1078,668,418,9690,6958,3827,2063,1109,199,10438,6920,3827,2159,1052,348,8452,6842,3706,1919,861,273,9548,6520,3858,2203,1042,263,10422,6401,3312,1645,954,351,9615,7614,4207,2646,756,307,9091,7123,3469,2360,864,967,10211,7624,4312,2448,1243,454,8457,6572,3827,2177,990
Raw Data (Em Spectrum),621,202,4233,3045,1767,936,426,631,10544,7407,4031,3318,1196,181,4186,2927,1672,920,552,250,9992,7386,4241,2506,1047,216,4404,2840,1651,920,492,287,10902,7836,4131,2340,1107,189,4418,3476,1683,1204,634,421,10899,7747,4144,2227,1165,237,10947,7281,4078,2275,1133,352,9406,7373,3981,2196,960,292,10360,7089,4318,2324,1165,334,11283,6803,3847,1830,1023,337,10310,8196,4536,2929,834,318,9858,7883,3863,2700,962,989,11309,8222,4681,2645,1328,426,9406,7460,3978,2319,1047
Raw Data (Em Spectrum),622,220,4707,3372,1980,1120,494,604,11751,8033,4608,3933,1118,167,4699,3538,1840,1005,626,261,10991,8060,4898,2953,1112,218,4820,3213,1808,1024,545,258,12039,9030,4610,2523,1198,234,5008,3699,1714,1405,760,476,12176,8678,4755,2388,1284,218,12329,8267,4591,2485,1220,414,11080,8452,4430,2499,1099,277,11652,7839,4613,2644,1295,368,13317,7536,4186,2106,1131,325,11845,9022,4970,3068,897,309,11074,8825,4363,2996,1061,940,12286,9263,5282,3006,1480,422,10943,8412,4691,2601,1080
Raw Data (Em Spectrum),623,198,5277,3839,2301,1208,516,519,13611,9479,5511,4176,1469,192,5198,3877,2142,1156,681,277,12927,9597,5626,3182,1365,209,5780,3674,2120,1227,601,264,13894,10220,5308,2820,1354,187,5722,4231,1955,1543,810,489,14240,9800,5503,2834,1384,200,14479,9360,5357,2718,1474,428,12746,9915,5017,2935,1315,269,12971,9078,5450,2996,1411,357,14987,9039,4816,2353,1291,360,13367,10190,5681,3542,920,346,12708,10368,5192,3309,1203,1021,13685,10379,6098,3215,1793,409,12367,9775,5280,3056,1260
Raw Data (Em Spectrum),624,210,6008,4352,2601,1373,571,543,15648,11070,6159,4391,1499,176,6268,4293,2595,1348,755,291,14885,11263,6329,3739,1477,221,6656,4086,2458,1270,666,288,16297,12144,6228,3530,1633,243,6419,4864,2349,1773,968,515,16213,11520,6382,3479,1480,232,15903,10709,6119,3065,1516,445,14499,11252,5898,3376,1320,249,15458,10373,6080,3457,1591,375,17276,10508,5571,2746,1410,372,15072,11674,6609,3957,1136,327,14952,12091,5890,3941,1373,948,15287,11500,6740,3650,1933,540,14239,11003,6298,3524,1415
Raw Data (Em Spectrum),625,197,7315,5398,3029,1631,636,567,18912,13029,7469,4748,1788,200,7260,5008,3143,1574,867,334,17826,12647,7634,4537,1677,220,7429,4965,2954,1540,716,291,18853,13879,7272,4001,1768,200,7486,5852,2812,1990,1081,553,19605,13369,7503,3967,1794,228,18912,12579,6927,3693,1911,522,17421,13306,7252,3930,1722,345,17532,12137,7252,4018,1759,428,20581,12279,6670,3220,1797,399,18043,13660,7537,4608,1335,382,17897,13968,6930,4494,1546,964,17974,14344,7968,4469,2193,465,17381,13828,7335,4089,1745
Raw Data (Em Spectrum),626,221,8554,6368,3549,1881,807,544,22856,16008,8767,5576,2105,163,9070,6167,3648,1724,1098,274,21086,16020,9172,5421,1989,268,9471,6033,3672,1785,783,373,23191,17050,8668,4755,2227,274,9262,6866,3433,2475,1205,670,23534,16567,8997,4705,2096,265,22606,15137,8269,4516,2233,641,20908,16360,8653,4775,1994,341,21537,14590,8615,4571,2175,454,25421,14992,8260,3736,2117,434,21255,16503,9372,5587,1424,376,21601,17344,8493,5500,1764,929,20477,16957,9576,4999,2650,527,20838,16136,9099,4851,1904
Raw Data (Em Spectrum),627,175,10333,7445,4241,2178,909,529,27107,19320,10381,6208,2476,208,10639,7299,4253,2071,1198,345,25142,18898,10806,6318,2274,232,10948,6963,4158,2155,954,377,27065,20366,10366,5804,2559,232,10943,7864,4080,2803,1424,692,27805,19493,10550,5658,2529,315,25698,17617,9682,5335,2603,666,24878,19225,10292,5673,2158,422,24863,17133,10541,5810,2544,505,29645,17769,9688,4532,2479,470,25618,19362,11162,6556,1676,446,25710,20595,9816,6434,1997,999,23534,19772,11162,5959,3138,669,24916,19094,10654,5789,2458
Raw Data (Em Spectrum),628,188,12853,8956,5143,2781,1058,585,32887,23012,12749,6930,3021,206,12974,9040,5250,2447,1328,379,30891,22766,13159,7739,2766,249,13335,8501,4807,2535,1119,382,33942,24932,13016,7006,3336,267,12813,9677,4919,3384,1668,864,33775,23801,13247,6669,2927,318,31664,21860,11633,6062,3045,625,30730,23461,12110,7021,2660,406,30579,20904,12473,6887,2972,600,36326,21769,11706,5635,2872,494,31552,23297,13317,7482,2020,470,31925,25014,12434,7958,2426,1040,28741,24343,13480,7297,3660,694,30197,23892,13098,7157,2696
Raw Data (Em Spectrum),629,214,15525,11225,6367,3114,1171,576,40407,28469,15556,7987,3786,189,15708,11166,6125,3160,1667,384,37829,28299,16241,9635,3346,270,16544,10432,6079,2962,1245,415,41838,30781,15463,8399,3668,322,15702,11377,5871,4263,1980,1035,41733,29008,15779,8303,3427,325,38322,26248,14729,7324,3647,855,37432,29176,15590,8325,3380,511,37498,25486,14809,8077,3798,682,44881,26877,14400,6643,3578,589,37783,28342,16259,9459,2355,536,39524,30709,15091,9654,3030,1078,34619,29204,16789,8997,4616,809,37643,29235,15733,8582,3476
Raw Data (Em Spectrum),630,203,18983,13452,7972,4006,1388,520,50733,34945,19144,10032,4514,263,19677,14051,7661,3962,2108,441,47449,34942,20682,11683,4361,304,20175,13005,7496,3620,1636,526,52178,38064,19306,10415,4849,323,19607,14485,7277,5081,2472,1024,52523,36587,19911,10390,4041,349,47595,32476,18162,9002,4390,1055,47179,36301,19293,10472,4098,574,46210,31601,18463,10434,4735,751,55997,33474,18073,8330,4285,678,47050,35379,20564,11322,3046,602,48359,37908,18555,12114,3794,1185,42622,36444,20999,10878,5556,881,46603,36460,19572,10758,4380
Raw Data (Em Spectrum),631,239,23573,16936,9434,4746,1746,524,62637,43784,23987,11817,5694,262,24304,17100,9137,4410,2499,546,58796,43066,25096,14330,5196,349,25578,16357,9283,4307,2021,598,65091,47615,24055,12597,5652,365,24149,17796,8875,6382,2871,1261,64325,44693,24837,12952,5264,488,59177,40354,22167,11682,5548,1290,58314,44463,23877,12781,5290,640,57997,39710,22490,12713,5574,831,70548,41689,22707,10776,5267,715,59025,42685,25028,14517,3718,627,60322,47321,23027,14747,4740,1209,51608,45061,25966,13796,7010,1035,57632,44896,24708,13162,5231
Raw Data (Em Spectrum),632,208,29499,20840,11706,5987,2096,496,77735,56018,29994,14652,6780,327,30877,21379,11931,5878,3151,605,73474,54815,31932,17779,6529,360,32143,20520,11260,5518,2456,664,80185,59238,30084,16080,7478,469,29803,22179,10956,7957,3643,1752,80641,55780,30570,15673,6202,549,73302,50785,27971,14073,6840,1355,73044,55252,29459,16215,6483,674,72373,49433,28986,15382,7065,1025,86618,51840,27968,13250,6625,843,73279,53433,30543,17597,4486,850,76753,59916,29224,18963,5676,1359,64971,57367,32213,17171,8741,1289,73619,56868,30976,16989,6463
Raw Data (Em Spectrum),633,247,37432,26600,14709,7451,2670,501,98035,69277,37384,17359,8747,321,38359,26911,14791,7444,3925,646,93528,68065,39428,22458,8284,369,39695,25906,14337,6730,3069,782,101274,73750,37997,19971,9102,552,37557,27652,13701,10290,4568,1946,100627,70444,38616,19565,7827,524,92269,63957,34559,17447,8399,1908,92364,70055,37635,20347,7722,873,89383,61325,36071,19514,8720,1178,109144,65707,34799,16330,8693,1147,91359,66793,39167,22248,5695,924,95203,75147,37289,23832,7295,1367,80578,71192,40088,21345,10754,1546,90496,70549,38731,21172,8043
Raw Data (Em Spectrum),634,228,45999,32447,18470,9038,3198,554,121398,86293,46410,21018,10447,381,47951,33233,18363,9045,4642,772,113925,85192,49121,27639,9945,547,49557,31762,17760,8117,3617,928,124718,91956,46383,25095,11156,582,46355,33285,17040,12361,5580,2271,124894,88380,47792,24022,9633,820,113032,79339,43233,21644,10287,2160,113347,87369,46525,24811,9965,983,111017,75791,44791,24794,10713,1360,134732,81689,43621,20170,10318,1236,113056,83749,48273,27459,6850,1073,118466,92887,45770,29858,8930,1693,99190,87629,48754,25999,13555,1696,112997,88370,48401,25812,9848
Raw Data (Em Spectrum),635,262,57238,40110,22868,11246,3912,439,149169,105729,57720,25848,12891,379,58238,40929,22946,10920,5552,1020,140687,104995,60357,34522,12366,542,61586,38597,21961,10155,4248,1169,154116,112206,56820,31351,13819,772,56537,41864,20611,15690,6732,2976,153896,109013,59258,30582,11916,893,140378,97568,53497,27067,12681,2502,141736,107653,57880,30898,12139,1283,137558,94284,54585,29944,13652,1772,167279,101225,54312,25306,12891,1527,138894,102752,59889,33831,8479,1403,146717,115455,56530,36383,10967,1920,122432,108159,61505,33505,16880,1970,140446,109056,59191,32513,12345
Raw Data (Em Spectrum),636,272,68598,48333,26960,13628,4902,518,181390,128198,70727,31029,15917,550,71683,50465,27644,13487,6966,1115,171534,126909,72751,42735,15265,673,74492,47808,26840,12300,5446,1390,186748,137286,69289,37496,16594,920,69941,50103,25236,18661,8313,3537,188186,131855,71440,37449,14555,1072,168804,116949,64785,33596,15855,3230,170177,130305,70133,37854,14950,1484,166755,113871,66643,36250,16000,2118,202408,121782,65799,30117,15696,1828,169510,125316,72523,40838,10203,1506,178247,141367,68515,44437,13168,2031,148880,129856,75256,39545,20131,2379,170039,131037,71473,39089,14827
Raw Data (Em Spectrum),637,318,84826,59728,32796,16509,5738,518,223168,157838,86689,37791,19385,562,88042,60645,33772,16794,8463,1257,209576,155036,89814,51867,18513,795,93267,58116,32596,15023,6722,1601,229372,167403,86053,45992,20155,1117,84881,60501,31265,22266,10212,4285,228577,160848,87769,45363,17711,1268,207657,144476,78947,40753,19341,3586,208959,160205,86382,46181,17821,1760,203150,138068,81469,44901,19585,2370,248491,148924,80685,37081,19348,2211,207653,151804,88815,49379,12471,1771,218198,172162,84467,54814,15858,2311,179109,159672,91581,48351,25065,3013,208167,162098,87591,48824,18306
Raw Data (Em Spectrum),638,378,103436,73021,40859,19817,7052,495,272508,192534,105205,45721,23605,567,105822,75021,41925,20059,9903,1494,256260,189146,109841,63882,22872,915,111255,70812,40428,18255,7887,1917,279094,204081,106377,56100,25178,1221,103103,75365,38023,27617,12043,5184,277692,196882,106933,55068,21288,1463,255073,176143,95575,49415,23492,4647,255360,194345,105338,56346,22256,2110,249019,170739,98929,54682,23915,2991,302526,181950,98350,44534,22751,2817,252664,186306,107674,61273,15374,2182,264730,208815,102271,67319,20025,2874,219561,195014,111694,59015,30128,3206,254135,196632,107141,58849,22308
Raw Data (Em Spectrum),639,325,123361,86926,50247,23754,8414,472,324360,229220,125911,53988,28381,689,127702,88806,48726,24303,12515,1930,305151,225007,130808,74298,26938,971,132437,85955,47159,21978,9563,2464,332801,243871,125477,67288,29917,1497,124750,88640,44985,32810,14570,5846,332163,235534,128611,66418,25170,1722,299511,209571,114289,59114,28555,5153,301496,231963,125918,66925,25920,2499,293940,202716,118889,63768,29093,3617,360130,216349,116018,54317,27448,3091,298969,220295,128677,71625,17846,2604,315690,248138,120932,79250,23139,2921,260828,233940,132731,70434,36188,3989,300900,232996,128418,69482,26806
Raw Data (Em Spectrum),640,383,145716,102568,57657,28750,9795,502,384837,270561,148913,64236,33357,798,151382,105235,58029,28410,14268,2142,359545,266875,155424,88691,31875,1150,158210,101568,56018,26079,11111,2639,392415,288654,148186,78892,35419,1656,146293,104800,53919,38987,17536,7160,392554,277686,149968,77283,30113,2114,353697,247660,136743,70329,32966,6279,356798,275655,148774,79480,30836,2971,350729,240077,139303,77501,33831,4137,426859,258620,138975,64256,33337,3853,354036,261461,153488,85119,21084,2920,372169,294151,144610,94341,27710,3596,308672,274181,156784,82914,42536,4832,357454,276729,152180,82369,31322
Raw Data (Em Spectrum),641,400,171661,120899,67951,32991,11706,465,444345,313587,173705,73652,38539,925,178227,123137,67995,32975,16821,2554,418942,310245,179944,102696,37266,1386,183924,118608,66500,30527,13059,2865,455828,336639,171895,93726,41311,1960,171952,121780,62403,45101,20292,8400,458063,323171,176510,91285,35573,2457,412202,289420,158064,81184,38224,7402,414800,320064,172449,93600,35796,3338,406961,279565,163103,89669,40155,4845,495483,298099,160343,73866,38442,4590,412250,306229,177689,98797,24680,3451,433892,344239,168824,109335,31824,3948,359634,319971,181447,97722,49012,5431,414574,324088,176712,95382,36353
Raw Data (Em Spectrum),642,413,198299,140103,77782,38207,13373,467,509475,360834,199014,84770,44840,984,204432,142805,78410,38298,19440,2930,483369,358565,207676,119881,42521,1562,213144,136768,75777,34797,14626,3496,525465,387606,200820,106119,47286,2385,199378,141210,73161,52671,23697,9621,527899,372774,201965,104322,40401,2777,474004,330856,182926,93011,44691,8431,480621,369587,199221,106334,41153,3996,465834,322020,188195,102611,45286,5178,569416,342233,186604,86394,43257,4794,473851,352846,205313,114806,27685,3897,498263,396545,193142,126928,36917,4463,415150,367037,210656,112112,56490,6245,479071,371740,202626,110794,42525
Raw Data (Em Spectrum),643,439,223573,157647,88681,43310,15491,498,576683,407460,223020,96422,50261,1077,230440,160735,89069,43673,21818,3243,540097,404757,233249,135222,48923,1664,240259,154484,85471,39754,17273,3864,585434,435342,221588,119460,52141,2504,223493,159278,81552,58928,26066,10799,587904,417553,227243,117302,44826,3070,534754,372770,204243,105109,49463,9490,537795,414521,222116,119676,45620,4489,524530,361409,210126,114489,50654,5921,636891,384253,207989,96274,49594,5554,532398,395943,229895,129068,32072,4456,558185,445132,218163,142355,42246,5022,463566,411409,235538,125196,63472,7002,537246,414927,227961,124875,47715
Raw Data (Em Spectrum),644,526,248934,174947,98613,48325,16720,427,637934,451207,247920,106153,55982,1307,256983,179006,98764,48619,23772,3563,599107,446031,260442,150381,52786,1928,267396,172095,95840,43990,18717,4478,652967,479595,248817,131927,59062,2778,248304,176538,90957,66257,29112,11806,653890,461525,252242,130568,50987,3524,588893,410681,227456,115893,55335,10249,595570,457811,248377,130689,51284,4719,579196,397403,234686,126794,57336,6893,706986,425601,232956,107883,54817,6005,590157,440539,257789,141969,35639,4633,618268,490340,240850,156618,46268,5470,516019,456810,261568,138838,71373,7773,597507,461521,251988,138570,53027
Raw Data (Em Spectrum),645,504,277458,196128,110071,52747,19017,539,701355,496836,271484,117110,60921,1330,283860,198479,108618,53865,27306,3950,661408,491353,285526,164435,58314,1957,296625,189059,104977,47763,20895,4692,720897,528728,273168,144181,64491,3203,274555,194564,100443,72294,31684,12866,721516,506985,278792,142436,55822,3742,647278,455210,249246,127860,60620,11603,657025,504935,271710,145507,56586,5231,636767,440068,258048,139754,62587,7286,779114,468651,254769,118068,60280,6601,651281,484177,282018,157348,38422,5214,679338,540574,265586,171814,50829,5890,571520,506468,287152,152316,77684,8435,655995,507272,278730,151268,57625
Raw Data (Em Spectrum),646,565,295858,210401,119118,57311,20191,493,748077,532633,291426,124541,66497,1488,306415,214454,117331,58256,29060,4066,707370,525125,305117,174393,62530,2058,322653,203992,114482,51404,22746,5156,769548,566972,292308,156473,69220,3306,297478,209297,108158,77782,34868,13890,771257,550019,299106,154176,58546,3989,696406,485467,268137,137318,64593,12239,704303,543674,292037,155958,60966,5848,690210,471215,277617,151873,67194,8254,839546,504274,274890,125848,64738,7255,697691,515613,300997,167654,41363,5694,730650,581640,285650,185375,54873,6102,616458,538242,310839,164425,84123,9177,702852,543864,299983,162842,62381
Raw Data (Em Spectrum),647,661,317517,222973,125833,61739,21412,500,802369,567823,311828,132360,69867,1624,328291,229476,128419,62119,31034,4362,754586,561107,324299,188030,66504,2128,342602,220299,122345,55915,24340,5389,820002,608284,310981,166789,74534,3377,316213,225332,115851,82865,37316,15015,822403,583833,317772,162728,63839,4464,742536,520627,285170,146302,68937,13137,751977,576025,309635,168769,64043,6120,731527,502194,297095,159873,71601,8377,895013,540009,290633,134571,69057,7697,741620,554871,320889,177414,44323,5902,774800,618946,303492,196514,58113,6906,659537,578213,330571,175855,89128,9344,747610,580447,318165,175036,66596
Raw Data (Em Spectrum),648,705,334301,236188,131737,64091,22538,440,839577,594452,326594,139462,74122,1472,346481,241059,131931,64735,32516,4729,790048,585136,339385,195828,70571,2499,361033,231388,129583,58335,25302,5666,860160,633832,325951,174228,77672,3754,336460,237533,122407,86316,38888,15418,861873,607157,334078,173300,67627,4587,781527,543128,300189,152845,72716,13771,785408,603720,325345,175487,66941,6462,768040,524822,309619,166388,74799,8663,938107,560596,303673,140887,71627,8014,779027,581169,336327,186777,46666,6258,817617,649160,316748,205703,60730,6992,689322,605619,345624,184467,94278,10234,785849,607725,333108,180415,69492
Raw Data (Em Spectrum),649,628,346627,244366,136738,66722,23690,440,865855,612755,336854,143477,76480,1734,359945,252670,138346,66987,33665,5106,812659,608480,351902,202967,72615,2468,375051,239714,134149,60944,26376,5802,888559,654676,336023,180359,79765,3657,347511,244656,127748,91445,40360,15680,890559,629387,344801,177306,69074,4724,806795,562351,308107,157616,74968,14400,816388,624837,336932,180485,68712,6821,792447,543391,320961,174050,77856,8903,969864,579293,316136,147056,73726,8425,808761,601108,348574,193320,48162,6512,846247,669801,328690,212469,62248,7217,716736,624532,358341,189310,96450,10338,814364,625745,345120,187243,70789
Raw Data (Em Spectrum),650,579,355500,248974,141260,69086,23990,470,880793,621586,341313,146565,76553,1678,369504,255946,142190,67913,34902,4889,826127,617706,357069,206867,73569,2474,382737,245446,137454,63395,27162,6047,904314,666494,343208,183010,82299,3612,356287,251240,130353,93532,41647,16281,907179,641093,350289,180675,70709,4800,820991,572012,311751,159594,75757,14494,826860,637085,341041,184406,70699,6621,803216,557359,326962,176562,78473,9006,993204,591079,320791,148504,75816,8714,822292,610877,351729,196634,48609,6750,859411,688698,334623,216606,64296,7482,726123,637535,363551,192076,98213,10674,826904,640598,348607,190869,72228
Raw Data (Em Spectrum),651,741,360004,253481,141853,69640,24090,477,896760,629806,346947,148658,78039,1822,373848,262575,142330,69879,35269,5029,839381,623823,363557,208570,74299,2634,392036,249335,138991,63982,27109,6237,914908,677980,347292,187845,82489,3842,362283,253958,131379,95917,43105,16823,922083,651754,353742,182745,70990,4902,830870,578313,318397,163426,76993,14808,836371,640843,348815,184699,70731,7100,817280,558684,330023,178594,79257,9393,1002664,597343,323796,149638,76359,8739,830901,623518,359558,199238,49473,6765,871823,689205,338980,220069,64565,7455,740663,642954,366185,194077,99733,10697,835981,645431,354503,193234,72563
Raw Data (Em Spectrum),652,708,360765,256754,145521,69119,24412,417,894364,632185,345344,149103,78636,1869,374297,263413,143225,69993,34190,4956,834476,621450,361296,208257,73279,2447,392222,249861,141299,64433,27026,5930,919672,677022,347927,186193,81338,3853,365623,256285,130907,96624,42306,16806,919958,646852,352227,181289,71665,5008,830545,580096,316501,162541,76793,14343,836574,641458,346505,183798,70754,6737,820055,562770,328840,179732,79584,9528,1005581,597168,323530,148957,75637,8788,830436,619597,357152,199229,49340,6930,870691,689767,339503,217878,64251,7055,738680,645061,369043,193070,99638,10376,833612,648200,353789,193300,72836
Raw Data (Em Spectrum),653,692,361506,252401,141933,68642,24137,410,878555,621857,339941,144962,77502,1741,372156,258620,143051,69127,34483,4979,826867,613012,356085,206496,73104,2588,387134,247837,138674,62385,26629,6022,905759,667299,344365,183381,81624,3871,361692,251576,130080,95202,42412,16470,909971,638284,346847,178647,69973,4734,820610,570526,313066,159781,75532,14483,822596,635302,340585,183812,70452,6661,807112,551356,323758,175846,78871,9265,989204,586692,315739,146459,73706,8679,820056,614695,352512,193998,48040,6752,858906,678076,331341,215271,63291,7151,732607,633156,362938,192641,98562,10202,821941,635504,348013,191118,71943
Raw Data (Em Spectrum),654,651,351702,249040,138607,67729,23531,465,864072,606194,332803,144377,74816,1690,364816,255750,140505,67532,33862,4708,806990,601716,350406,200676,71748,2696,384098,242653,136283,61330,26041,5775,884705,650479,334569,178779,79787,3658,352790,246404,127314,92983,40998,16187,891508,625526,340962,176111,68155,4938,803687,558087,306876,156998,73832,13961,809752,622349,335488,179687,68779,6590,790781,538028,320580,172419,75757,9023,969758,577435,312853,144240,73307,8241,803972,601349,343696,190619,47910,6442,843439,669368,324507,212619,61281,6945,717880,621419,354825,187885,96750,10636,807483,622256,341383,186009,69052
Raw Data (Em Spectrum),655,588,339786,240233,133893,65023,22731,392,834236,583570,319794,138026,71765,1674,354145,244657,134918,66204,32968,4682,778632,579034,335200,192307,69676,2447,368347,234818,130942,59350,25335,5942,857924,625643,321300,173424,77533,3606,341528,239522,123544,89226,39867,15327,857056,601087,327191,168580,65684,4396,775440,538797,294319,150811,71748,13199,778520,596052,318942,171688,66608,6356,761670,519286,307490,165617,73809,9123,937782,555183,300221,138513,70729,8266,778291,580697,330770,184120,46072,6306,811533,641962,313415,203261,58902,6664,689210,597155,339920,179046,92917,9867,777753,600146,327175,179668,66759
Raw Data (Em Spectrum),656,650,327672,232417,129898,62736,21819,524,799004,562558,308080,133248,68641,1606,340156,237683,131751,63749,31057,4495,749379,558500,324046,185175,65982,2412,355449,226909,127394,57424,24559,5635,819839,601984,310256,165053,73016,3396,335557,230005,118289,86771,38137,14809,825825,578351,314578,162809,63404,4144,746024,516605,285432,145617,69378,13434,747393,576838,306791,165341,63381,6107,736999,501198,295343,158705,71226,8449,901085,533308,285161,132385,68371,7856,744924,557758,319574,176547,43990,5934,780298,613789,298670,194050,56929,6475,669468,577333,328334,173503,88279,9618,746553,574731,314992,171344,65119
Raw Data (Em Spectrum),657,625,312793,223315,124538,60502,20875,437,763782,535641,293186,127387,67376,1652,325466,226454,124632,60932,30770,4354,718019,530366,309353,176950,63157,2148,339368,215827,121812,54932,23595,5322,786398,576076,293581,159066,70532,3322,317507,220654,113834,82545,35886,13948,787902,553820,301806,153892,59605,4431,713252,494799,269762,138515,65517,12373,714821,551672,294826,156175,60968,5977,699652,479004,281657,151685,67936,8443,861845,507921,274464,125812,64526,7676,712591,533417,304367,167923,42087,5576,742559,589434,285639,185187,55233,6355,641026,550586,314899,164990,84604,8963,713919,551029,301482,164677,61369
Raw Data (Em Spectrum),658,660,298641,209540,117285,57186,20057,466,722160,507775,277179,120228,61976,1496,308433,216371,118423,57876,28693,4360,682336,504547,293850,168051,59802,2126,322410,206827,113239,51893,21995,4875,744827,545655,278602,148927,66918,3161,300354,207760,109218,79108,35257,13293,749200,522303,283331,146250,57210,3967,672701,468618,255190,130081,62224,11609,676414,519814,278971,147952,56853,5250,661849,455198,267077,143525,63678,7921,813846,480009,261536,119852,61455,7110,677728,508811,285439,159833,39715,5450,704447,557536,269996,177438,51166,5971,607286,523024,294716,156030,79738,8242,676214,525010,283095,153444,58421
Raw Data (Em Spectrum),659,640,278371,194952,109718,52715,18351,472,679411,474299,261264,113950,59085,1491,287394,201172,109451,53604,26932,3722,636135,473099,274674,158102,55605,1982,301606,192180,106263,48663,20426,4866,699228,508334,261668,138595,61173,3033,279937,195095,101248,73122,32053,12453,700266,490655,267267,136551,53523,3697,631524,440786,238377,122159,58326,11316,639118,487777,259580,138981,53747,5257,619270,421248,250227,134053,59948,7382,762178,453295,243274,112956,57506,6587,632295,474336,269597,149271,37521,5232,661986,522881,254558,162824,47943,5910,567369,486789,279440,145735,76329,8271,630294,490375,265303,144934,54561
Raw Data (Em Spectrum),660,589,259247,185176,103381,51281,17149,487,640511,452114,244538,106263,55988,1383,274354,189671,104713,50909,26454,3586,601858,446120,260080,149821,53157,2011,286111,181583,101050,45831,19454,4521,660471,486143,247913,132352,59356,2773,267521,183716,95518,70050,31429,11546,663635,462975,251185,130802,50423,3477,600104,415126,224904,115990,55226,10201,601506,462309,245511,131372,50346,4944,589864,403504,236168,127594,55584,7006,722728,427338,229758,105187,53964,6839,598381,446786,257506,140728,35144,5065,624841,491542,240068,156013,45210,5565,538852,464832,263339,139159,70281,7614,601865,463032,252889,138346,50909
Raw Data (Em Spectrum),661,543,248440,175576,98800,47769,16466,470,609584,427476,233913,101871,51898,1330,258572,178878,98502,47716,24692,3249,569227,421183,247110,142300,51329,2005,268889,170400,95650,43315,18861,4388,624501,454981,236243,124140,54956,2700,251193,175403,89469,65181,28795,11720,629253,437251,237957,122784,47444,3355,568102,394876,212511,110004,52884,10159,573350,438773,232530,125391,47875,4811,560717,380661,222590,119799,54221,6684,689893,404538,217501,102407,51567,6128,571703,424955,240286,134418,33156,4838,593171,471691,227805,148270,43540,5036,510910,434055,248956,132506,67471,7267,569816,439448,238586,130447,49231
Raw Data (Em Spectrum),662,600,233206,163976,91618,44259,15600,429,575191,401053,219139,94978,49254,1199,240907,167752,92783,43645,22470,3414,538272,399377,231114,134057,47203,1942,251723,161032,88503,40585,17543,3946,589053,431068,221354,120045,53214,2658,238222,165012,83467,60942,27029,10577,594028,415147,226425,115976,44736,3251,532888,371182,200513,102788,48879,9555,537230,410479,219828,116998,45533,4648,527123,356542,209809,112698,50501,6120,649287,383327,206197,94535,48348,5691,534422,400896,226057,125081,31827,4566,557403,441693,215411,139434,40762,4723,481228,412094,235421,123248,62653,6638,538163,411406,225130,123555,45663
Raw Data (Em Spectrum),663,476,214640,152350,84638,41986,14306,371,531993,372378,203935,88674,45973,1121,225008,155279,85528,41041,20317,3139,498414,369512,214934,124908,43969,1744,232155,151054,83335,38224,16506,3811,550762,403007,206800,109986,49265,2508,218248,152483,79433,57750,25151,10187,551056,387777,208615,106679,41993,3090,498540,346225,186812,96822,45013,9101,500544,382536,203633,109264,42435,4239,488073,333229,197938,105614,46989,5794,602809,353770,191744,88548,45244,5773,503577,373597,208412,116221,29684,4021,523880,412192,200859,129336,38098,4561,450283,383748,217127,115941,58758,6130,498904,383531,207129,113313,43023
Raw Data (Em Spectrum),664,540,200067,141157,78385,38605,13308,440,500661,350295,189151,84005,42965,1023,209988,145884,80100,38807,19533,3199,465874,348688,202127,115672,40284,1535,219096,139262,77694,34462,15246,3610,518061,372149,193669,103784,44924,2162,204469,141978,72549,53074,24008,9525,511533,361982,194389,100700,40075,2832,464829,323117,174863,90296,41927,8603,470038,360728,188697,102112,38850,3739,460571,310710,185447,99965,44420,5317,563872,333406,178862,83069,42381,5202,469729,348782,199375,108503,27618,3790,488131,386285,185606,122179,36127,4359,422390,359820,202639,107811,55134,5670,469145,361247,195398,106637,40263
Raw Data (Em Spectrum),665,468,187795,132237,73776,35336,12100,445,466417,326891,178181,77881,40087,1069,195508,137285,73449,35693,18158,2739,439076,323981,188262,108080,38966,1537,204825,130396,71757,33094,13697,3355,478310,348642,180512,94903,43020,2457,190052,132845,67236,49159,21944,8530,482883,334700,182769,93203,37504,2502,434177,303685,163483,84295,39642,8092,438393,335717,180408,94940,36992,4053,428193,290389,174982,92171,41142,5211,530609,311234,166489,77183,39575,5018,436849,328309,185479,102750,26287,3786,457502,363868,176273,113678,33495,3994,394208,337737,190193,101688,50763,5568,439937,338850,182019,99447,37445
Raw Data (Em Spectrum),666,420,169415,119156,67002,33188,12061,390,427189,296904,161197,71264,37175,1054,176733,121707,67216,33318,15979,2658,400761,296240,170981,96990,35373,1489,184760,117720,65887,29277,13031,2956,435446,319934,165970,87786,39344,2055,172272,118850,61717,44370,19867,8402,438501,307483,167147,84998,33417,2505,399654,275609,150129,77826,37007,7409,400448,305673,163137,87763,34303,3666,392695,265229,155552,84349,37358,4797,479343,284049,152466,70913,36052,4499,396369,296874,169163,93904,22968,3315,417176,327870,159058,102008,29972,3697,359637,305337,172577,92858,46914,5186,398347,306399,167987,90230,34357
Raw Data (Em Spectrum),667,535,158999,112215,62837,30086,10810,503,396039,278816,152615,66493,34771,1014,165713,114801,61634,30982,15409,2476,373767,276308,162309,90620,32350,1502,171326,110470,61210,27696,12232,2869,410134,302290,153016,82687,35943,1934,160123,110894,58600,40526,18781,7791,410771,285883,157749,81477,31863,2437,372934,257519,139549,70903,34614,6942,376220,283069,151876,80014,31808,3577,365473,249485,144895,78851,35007,4560,448538,263958,142513,66280,34528,3994,373806,277283,157442,87915,21564,3294,388122,309161,149085,96822,28270,3852,335938,286009,162914,87011,44205,4953,375913,290608,154581,84637,32161
Raw Data (Em Spectrum),668,477,146856,102938,57894,28219,9881,421,364628,261707,140577,61536,32370,1044,150992,105196,58607,28025,14640,2395,345603,256948,146921,85879,30355,1424,157790,100534,55450,25184,11289,2800,381946,275666,143239,75844,34005,1902,147180,102331,52796,38181,17205,7211,378726,265211,145335,74444,29279,2185,346331,238311,131820,66003,30930,6563,347933,265518,142915,76459,29837,3253,338513,230502,135454,71959,32710,4062,417780,244477,130857,60654,31092,3771,344542,258656,145869,80635,20555,3108,355799,284390,138869,89172,25807,3383,311120,266149,151065,79534,40487,4467,344874,268747,146152,78482,28858
Raw Data (Em Spectrum),669,517,133825,95531,52641,26575,8875,459,339992,241408,129512,57929,29277,876,141557,97224,54084,26350,13279,2260,319948,236270,137662,80241,28635,1243,146061,92378,51965,23430,10210,2811,354722,258758,131406,71150,31588,1401,139155,94980,48971,35667,15881,6756,356607,247797,135568,68872,27242,2010,321066,220972,119303,61549,28935,5789,324602,247731,131155,69306,27034,2886,315869,215225,124591,68539,30587,4070,384942,228972,122873,56377,28435,3328,321458,241225,135626,75395,18759,2611,337481,267032,128086,82510,24923,3153,289486,246680,140322,74436,37518,4121,323593,248206,134358,72509,27492
Raw Data (Em Spectrum),670,552,122609,87352,47585,23784,8362,474,315174,221288,121661,52594,26784,871,128376,87395,49939,24370,12698,1940,297373,218090,127299,73421,26534,1095,134221,84688,47033,21827,9698,2517,324846,237150,120851,65602,29586,1733,125446,88179,45663,32904,14819,5922,325872,228478,123075,63050,24801,1922,297347,203978,110644,57447,26482,5465,295364,227547,120316,66197,25146,2836,293287,198228,116928,62206,27301,3888,357915,211383,114963,53464,26611,3328,296045,220685,124230,69145,17232,2983,308967,245908,118377,76766,23137,2896,265744,227685,129635,67964,34172,3957,297312,228150,124799,67930,25310
Raw Data (Em Spectrum),671,528,115842,82177,45156,22470,7678,447,293995,208292,114401,49156,25415,841,119466,83045,45621,22274,11338,1933,277556,206171,119449,68933,25066,1065,124540,80253,44995,20457,8564,2398,305942,221420,114393,61326,27178,1512,116254,81720,41612,29970,13692,6309,306631,214539,117301,59044,23777,1942,274585,192721,104495,53487,25182,5262,278451,212892,112522,60476,23356,2479,272831,186842,109068,58579,26471,3553,337003,198091,106079,49209,24824,3356,277171,203532,118097,64825,16349,2488,289046,228355,109363,72306,21200,2756,250083,212310,121185,63993,32511,3544,278496,215782,114733,62803,23133
Raw Data (Em Spectrum),672,554,103864,75621,42216,20392,7139,573,273078,193809,104002,45670,24493,748,110670,77284,41246,20171,10547,1958,258800,192451,109821,64298,22821,997,116516,72952,40369,18868,8367,2207,283792,208762,106219,56808,24613,1478,109673,74762,39113,27965,12450,5846,283607,200015,108001,55146,21870,1810,256583,178709,97214,49835,23726,4876,258791,199831,106228,55552,21962,2678,249768,172235,100566,55220,24548,3039,312810,184767,98174,45282,23745,3039,258440,192608,109072,60641,15617,2327,267971,212003,103069,67383,19616,2808,233864,200884,112637,58674,30773,3316,259105,198057,108758,59329,22239
Raw Data (Em Spectrum),673,544,97442,69410,39126,19076,7227,516,256761,179398,97976,42668,21864,754,102951,71072,38667,18875,9996,1804,241638,177183,104173,58879,21806,1002,105853,68895,37970,17625,7686,1881,266614,192754,100783,53275,23831,1403,101681,69114,36214,26122,11925,5032,263979,186129,100039,51700,20451,1747,239146,165649,90501,46878,23267,4650,242296,182166,99934,52635,20097,2492,235289,161391,95160,50392,22847,2998,291103,171655,91217,42505,21215,2692,242144,180992,99151,56464,14455,2225,250756,199065,95943,62708,18942,2845,216041,183656,104221,55051,28012,3198,241246,186501,100965,53867,20584
Raw Data (Em Spectrum),674,474,89906,64997,36276,17304,6578,454,241441,168365,91447,40029,21521,790,95229,65027,36089,17946,9195,1807,226606,167575,96819,55782,20701,938,99644,63782,35881,16652,7536,1807,249559,182192,91456,50173,21985,1136,92888,64118,33995,24415,10923,4444,251900,173214,94805,48128,19289,1630,226429,155189,85817,43862,21096,4168,228888,175792,92197,48731,19457,2262,220453,150607,87871,48227,20859,2756,272117,161352,87684,39881,20464,2489,226211,168809,95437,52760,13491,2153,235071,188226,89906,58874,17175,2370,203584,173935,97126,52266,26459,2943,225490,172355,95703,51160,19743
Raw Data (Em Spectrum),675,602,85909,59441,35199,17033,6290,511,228797,158226,86572,39059,20392,766,90187,61605,34606,16604,8659,1634,211805,157776,89768,52160,18891,939,92291,59818,33463,15348,6985,1920,233698,172838,87992,46635,21689,1123,88727,61217,31768,22557,10793,4442,236976,164373,89268,46329,18309,1460,214286,147412,80262,41091,20137,4146,216492,164240,87307,47197,18309,2236,208517,142173,83927,45584,20004,2726,260329,152364,83162,38048,19820,2338,212877,158348,89697,49719,12774,2185,221843,175258,84356,55356,16379,2308,191402,162606,93067,47626,25059,3033,214562,164393,89625,48892,18166
Raw Data (Em Spectrum),676,506,78847,55440,32043,15985,5894,453,211606,148933,79817,36050,18852,717,82506,58413,31959,15753,8003,1603,199301,147857,85015,49820,17882,1002,87483,55566,31294,14192,5978,1908,222645,161786,82021,44717,19569,1181,81283,56874,30177,21784,10460,4334,218733,153572,83181,42671,17397,1666,198130,136533,75030,38538,18167,3827,201262,155649,83023,43694,17134,1814,194282,131957,78911,41996,19569,2446,243079,142279,77371,35385,18483,2425,199227,149354,85226,46688,12189,2172,207799,165339,77751,51539,15394,2320,178888,152032,86196,45001,23313,2815,200956,156893,82738,45128,16786
Raw Data (Em Spectrum),677,578,75980,53567,30390,14600,4943,589,204960,143602,76362,33882,18168,884,77475,53851,29779,15277,7562,1364,190567,141289,82397,46802,16510,1048,81905,52214,28906,13891,6023,1691,210874,152615,79407,41738,17721,1200,76078,53785,28197,20373,9570,3677,212042,146548,78916,41662,16193,1233,189749,131872,72052,37101,17470,3656,191178,146046,79025,41007,16455,2030,186672,125881,73820,40614,18201,2717,229938,134992,73798,34176,16957,2161,189694,140285,80203,44903,10934,1855,200584,158257,76035,49530,15342,2084,170631,145282,83411,44030,22031,2499,189716,147039,78774,43659,16728
Raw Data (Em Spectrum),678,576,70396,50600,28727,13980,5296,463,194971,136974,74912,33109,17164,745,75646,51673,28422,13968,7250,1513,183656,135856,79971,44819,16758,1005,78108,50036,27779,13054,5533,1750,202672,146019,74190,39986,18316,1005,72541,50736,25949,19886,8718,4031,199793,140599,76798,39060,14962,1378,184865,123672,68002,34825,16272,3580,183532,139391,73456,40844,15696,1807,176937,121323,71649,37422,17119,2767,219012,130052,70079,32680,16419,2281,177084,137675,77431,41804,10818,1841,190590,148210,73061,48500,13980,2315,163037,139131,79587,42402,21715,2608,182008,140949,77826,41668,15730
Raw Data (Em Spectrum),679,480,68653,49554,27028,14011,4900,526,186637,131656,70980,31683,17029,749,72266,51180,27473,13707,7181,1380,176438,130475,74629,43694,15321,889,77658,46899,26631,12479,5392,1836,194122,142697,72898,38525,17765,1193,70009,48712,25906,18151,8468,3614,195221,135235,73845,38151,14970,1485,174813,121025,65506,33870,15824,3322,174357,135142,70688,39192,14713,1766,172099,116277,68232,36607,16537,2246,212379,126206,67237,30385,15555,2012,175222,128194,73752,42221,10409,1766,184169,145059,69366,46045,14175,2035,157223,133212,76196,39297,20257,2316,175900,134299,73424,39928,14491
Raw Data (Em Spectrum),680,608,64983,46021,25758,13383,4777,523,179573,125955,68387,30851,15668,839,68156,48245,25818,12982,6892,1337,168269,123427,71851,41061,15036,1070,70295,45753,26049,11767,5555,1471,183499,135655,69615,36418,16848,1094,66673,46616,24104,17978,8278,3793,186684,129723,68958,36406,13979,1337,167199,116121,63403,32054,15644,3610,168427,128070,70283,36418,14210,1738,162094,111782,65141,36369,15668,2480,199557,120108,63999,30219,15462,2042,167162,125189,70611,39639,10174,1860,175720,136968,67159,43298,12447,1945,150303,129468,73662,37901,19631,2310,165874,129104,70344,37998,14198
Raw Data (Em Spectrum),681,455,62955,43992,25243,12103,4485,493,174400,122588,66202,29614,14580,632,66076,45356,25521,12722,6393,1440,163193,119391,70308,40189,14731,872,68817,44535,24624,11105,5003,1794,181614,130977,66316,36020,16437,1087,64042,44446,23057,17473,7631,3436,178645,125481,68097,34150,13556,1188,161260,113201,61439,32166,14984,2843,162814,123876,65937,35982,14251,1882,158531,107869,62892,33783,15881,2325,196092,116574,61540,29197,14895,2009,161993,120238,68982,38546,9463,1807,169738,133276,63119,41578,11964,1756,144394,123548,68843,36980,19191,2160,164179,125001,68363,36525,14201
Raw Data (Em Spectrum),682,497,60580,42861,24371,12022,4365,536,170085,120259,64893,28448,14805,706,63769,43031,24305,12140,6429,1424,155371,116287,66801,37895,14257,928,65860,43149,23966,11133,4887,1594,174384,127472,65363,34550,15746,1019,64383,42678,21809,16596,7292,3319,174345,121370,66291,34629,13290,1307,153712,108943,57575,31218,14505,2979,155986,118299,65415,35073,13603,1568,153111,105036,61168,33400,14413,2339,189347,114314,59992,27611,15080,1843,157253,116692,65807,37151,9487,1882,164140,129302,62632,40365,11904,1725,139664,122206,68369,36680,18307,2065,157240,120416,67376,35373,13250
Raw Data (Em Spectrum),683,501,58423,41128,23575,11801,4236,568,167096,114627,61888,28731,14183,758,61468,42860,22682,11368,6198,1299,153265,115209,65664,37744,13330,866,64094,41480,22113,10515,4669,1570,170276,125251,62889,34456,14873,1177,59465,41425,22032,16524,6821,3329,168246,117834,64283,33806,12775,1353,151519,105993,56880,29070,14413,3194,153116,117198,61928,33008,13912,1624,150815,101770,59547,33008,14602,2260,185975,110269,57097,27933,13912,2111,152953,112029,65109,36540,8973,1841,158813,125995,60264,40465,12288,2030,136077,116183,65826,35552,18514,2436,154428,116928,64364,35471,13439
Raw Data (Em Spectrum),684,548,58718,40537,22411,11971,4173,590,162202,114331,61838,28326,14191,632,60362,41028,23409,10636,5943,1251,150667,111830,65083,36378,13882,829,63833,40565,23100,10088,5016,1307,167457,122776,62343,32963,14641,1082,60461,41998,20655,16468,7897,3302,166713,117956,63805,33174,13180,1208,150287,105451,57299,28874,13714,2993,150723,117156,61992,33314,12828,1672,150554,100196,59098,32415,15077,2318,183742,107123,59589,27680,14262,1770,150372,112055,63931,35815,9836,1728,159266,124743,59744,39384,11901,1995,135436,116411,66446,34902,17114,2276,149852,115849,61290,33848,14051
Raw Data (Em Spectrum),685,525,57024,38829,23536,11192,4567,540,160917,113421,62131,27535,13687,744,59986,41295,23887,11061,5983,1182,151579,111451,66232,37165,13030,1080,63343,40828,22165,10608,5093,1663,166316,119667,62146,32554,15190,1138,58965,40565,21391,15949,6639,3531,165018,115756,62730,33152,12345,1328,149536,104185,57127,29110,14241,2699,151739,117595,62234,32291,13322,1605,147829,98173,59841,31066,14081,2057,179157,106855,57068,26323,13643,1941,149580,110882,62307,33736,9280,1518,157386,123241,61022,39573,11980,1751,133966,113042,65663,34874,17029,2116,152337,114559,62613,35312,13439
Raw Data (Em Spectrum),686,635,56030,39557,22690,11028,4205,575,156775,111758,60160,27168,14567,787,57891,40101,22418,10861,5536,1452,150074,108959,64108,37726,13917,832,61566,39360,22766,11088,4704,1558,165685,118580,62187,31691,14794,1044,57452,40343,21435,15687,7185,3434,166819,115917,63261,32084,12646,1180,149227,101865,57089,28590,13917,2753,149923,113966,60825,32825,12994,1573,147064,96525,59086,31479,13886,2284,182597,106327,57482,27168,14250,2163,147714,109852,63094,34520,8834,1679,155852,121756,59570,38301,11315,1724,131544,113437,66831,33975,17593,2088,148788,114329,62625,33173,12933
Raw Data (Em Spectrum),687,643,56086,40315,22425,10875,4127,612,158199,111811,62740,27902,14296,659,58691,41617,22566,11958,5963,1350,148674,110666,65188,36643,13559,973,60715,39734,20777,10342,5257,1318,163660,119265,61861,34148,15049,1130,58691,40848,20463,16007,7250,3170,163550,115436,61971,31747,12962,1177,150557,102521,56400,29769,14076,2919,150902,116111,61233,33347,12680,1585,143228,98362,57891,31370,14830,2244,179322,106774,56306,27070,13621,1915,149301,108892,62661,34508,9431,1585,153695,121525,58581,38761,11958,1805,132510,113286,65235,34791,17843,2291,151059,114479,60904,34053,12539
Raw Data (Em Spectrum),688,554,54877,39438,21374,11347,4125,620,157734,113096,60828,27194,13825,864,58464,40497,21846,11021,5885,1549,149974,112558,63485,36617,13303,913,60290,40285,21683,10793,5168,1630,161664,118933,62230,32069,14934,1011,57306,38590,20510,14983,7271,3440,162430,113601,62018,32297,12684,1321,146094,102303,55431,28433,14494,3016,152191,116340,62621,31628,12554,1565,145719,97135,58154,32248,13907,2201,178635,104260,57828,25955,13515,2022,148963,109754,61333,33389,8755,1744,153561,121949,58072,37057,11429,1907,132497,113862,65213,34677,17820,2136,145882,114498,61496,33112,13287
Raw Data (Em Spectrum),689,677,55509,40218,22251,11041,4623,711,161175,111712,59928,27568,14174,847,58811,41623,23352,11024,5656,1236,151404,111424,63383,37186,13124,1050,59607,38626,21032,10211,4792,1693,167576,117926,62435,32936,14614,1338,58760,38948,21658,15308,6875,3353,165036,117384,63027,31124,13107,1355,150134,104312,55813,29532,13818,3116,148915,115945,59420,32919,12954,1812,146646,100332,59048,31226,13835,2218,178397,106378,56728,25722,13598,1998,147577,111068,62841,34375,8873,1524,155180,121889,59607,39489,11244,1812,132794,111932,63688,34020,17882,2269,149169,113693,62638,34934,13886
Raw Data (Em Spectrum),690,564,57663,39623,22586,11064,4281,599,164305,109601,60729,28259,14253,810,58262,40380,21441,11187,5585,1550,153029,109266,64411,37174,14411,1163,60517,39094,21617,10166,5285,1409,166507,120277,62332,32893,15627,1128,57223,39482,20542,15416,6589,3365,168709,116754,61680,32928,13090,1568,150774,103347,55990,29774,13671,2590,150422,114058,61310,33016,13372,1815,146651,101092,58474,31342,14447,2044,179491,107575,57029,25757,14482,2132,148906,108949,64746,34690,9478,1374,154808,122585,58773,38883,11152,1797,134795,114833,64235,33210,16790,2343,149435,115327,62015,34654,13354
Raw Data (Em Spectrum),691,680,55773,40534,22721,10772,4485,643,162265,113459,63218,28879,14669,790,58586,41619,22905,11085,5901,1397,153882,112558,66252,37887,13254,1029,62134,39027,23346,10221,4853,1673,168938,122282,62979,35001,15092,1324,56582,39633,21030,15386,6838,3511,170280,118790,63439,32887,12960,1250,149268,104267,56821,30479,14908,3566,154029,117264,62777,33199,13070,1654,148698,101124,59137,32997,13897,2298,183093,109010,59193,27556,13456,2261,151088,112907,64248,37317,9614,1802,157063,124930,60682,39486,11967,1710,132503,117337,64358,35240,18291,2335,156309,118018,63660,34780,13953
Raw Data (Em Spectrum),692,726,59111,40604,22957,10886,4488,668,167668,116713,63618,28228,15260,783,59703,41674,22823,11497,6093,1528,157871,116560,64821,37682,14190,1089,62090,41444,23396,10428,5329,1776,172539,125441,63332,34588,14954,1184,59875,39535,21238,15508,6914,3648,170743,121984,65222,33461,13541,1356,153382,106285,57392,30195,13637,3228,156457,121316,65757,34110,14324,1738,152332,101090,59989,32201,14591,2426,186290,112912,58595,27903,14668,2215,156400,114956,65452,35008,9645,1528,162722,127351,60982,40871,11994,1814,136327,120437,66617,36593,19042,2292,160124,119368,64840,35581,13999
Raw Data (Em Spectrum),693,832,60219,41176,23362,11235,4240,733,168826,118178,64558,28217,15535,991,61051,42167,23640,11909,5964,1466,161158,118555,69671,39175,13573,912,63825,40344,22035,10997,4815,1684,174137,126798,64301,35767,15654,1189,60278,41037,22708,15892,7034,3805,175960,120160,66421,35331,13573,1229,158701,109460,58079,29346,16031,3388,159018,120556,65113,34340,13692,1526,153945,102366,62478,33686,14723,2378,189097,112610,61705,27484,14921,2596,156105,116514,66560,37292,9492,1962,163120,129533,62557,41077,12880,2140,138866,120180,68898,35687,19360,2417,161217,121389,67332,37827,14089
Raw Data (Em Spectrum),694,701,60033,41967,24232,12002,4331,722,175664,125324,68942,29738,15508,846,62404,44545,24417,12291,6558,1815,164054,121963,67581,40297,15034,1093,64879,41534,24232,11301,5341,1712,180119,130047,68983,36172,16044,1279,60074,42586,22437,16416,7569,3774,181954,126974,67993,34502,14044,1567,163641,113755,61353,32563,15385,3444,165951,126438,67003,36647,14580,1774,160548,109589,65003,34502,15529,2475,192162,115858,64219,29325,14601,2578,161723,121488,69705,39142,9507,2104,170818,134027,65642,43906,12930,1939,145019,123303,69272,37471,20004,2867,163229,125242,69705,37905,14518
Raw Data (Em Spectrum),695,749,59806,42404,23674,12180,4602,749,177213,127382,68496,30930,16439,1027,64857,45721,24958,12458,6850,1584,169036,125327,72221,41226,14727,1134,66591,43281,23610,11687,5137,1648,184640,133696,67683,36988,16675,1456,63381,41804,24166,16996,8048,3703,187444,128366,69288,34933,13678,1520,166275,114860,63680,31829,15626,3403,167795,127810,65949,37031,14448,1926,162829,110750,64472,34912,16054,2633,200737,118863,62374,29539,15240,1991,164284,122245,70294,39471,10745,1969,174002,135880,68111,43987,12757,2569,146261,127082,72799,38058,19928,2676,171647,130657,69010,38379,14192
Raw Data (Em Spectrum),696,624,62074,45720,26180,13012,4634,847,184461,131589,71677,31549,15507,958,65728,45831,26202,12321,6484,1716,175972,128403,73838,42957,16020,1159,70139,42311,25199,11965,5637,2139,189586,138630,71699,38724,17223,1381,63745,44294,22659,17267,8177,4278,191390,136803,71989,37855,14304,1560,173321,121741,65349,33465,16243,3453,173477,130119,71031,37498,15463,1760,170068,113408,66218,37743,16688,2696,204982,124192,66017,31015,15351,2562,172764,125908,71721,39214,10717,1760,181342,138920,70785,43804,13413,1983,151107,133149,73125,38724,20342,2607,175215,133015,71699,37832,15931
Raw Data (Em Spectrum),697,905,65263,46431,25790,12362,4383,765,192497,133959,73682,31611,16884,1020,67583,48031,27877,12733,6911,1508,180321,130944,75143,43973,15562,1206,70319,45735,25303,11550,5404,1879,196602,143932,72383,40888,17858,1577,68139,46478,23308,17696,8326,4476,198852,136186,73682,38685,16003,1600,174013,122270,66701,34812,16513,3711,178326,136023,71015,39242,15585,1879,173502,118629,71618,37664,17696,2250,214785,125888,67931,31727,16838,2366,174801,133519,74494,42280,9741,1925,185238,144210,72523,45619,14356,2296,157013,133751,75746,40819,21059,2621,179996,136650,74587,39242,15608
Raw Data (Em Spectrum),698,796,65560,48814,26253,13223,5140,941,196753,139541,75115,33830,18387,1013,69590,49273,26253,12716,8276,1665,189248,138697,78880,45002,16915,1231,71665,46208,26567,12668,5960,2196,202713,145622,77166,38993,18411,1568,69759,49393,24733,18652,8108,4271,207587,144174,75695,40441,16312,1520,181696,127525,69373,36315,16867,3644,186208,142799,76056,39959,16770,2075,183843,124316,71906,38221,17542,3113,225153,129528,71761,33781,16384,2509,184640,133968,77239,43602,11365,2003,194460,152210,74922,47197,14671,1906,161885,142196,81462,42927,21620,2896,181889,141568,77239,40441,15805
Raw Data (Em Spectrum),699,677,70881,49311,28041,14246,5468,853,205144,142941,77603,34061,18510,1028,71759,50540,29195,13996,7625,1756,192352,147932,81892,48483,17658,1254,73690,47028,27038,13017,6195,1781,209007,155407,79008,42037,18937,1405,72236,50013,26236,18460,8127,4465,215628,146553,77929,40783,17633,1781,186910,133711,75296,37196,18034,4063,193155,149011,79158,41711,17858,1931,182972,130049,77703,41109,18009,3060,232408,137122,75321,34161,17783,2960,192804,140232,80437,44796,11136,2232,200629,160674,79559,48734,14221,2107,165690,145224,83698,43667,23050,2935,193506,146804,80212,43943,16328
Raw Data (Em Spectrum),700,893,73485,49630,30056,15054,5596,893,218407,154012,81866,36309,20230,1182,77663,54280,30266,14608,7383,1708,204902,151174,85781,49892,19205,1576,77847,49919,28348,13373,5938,1839,223477,165362,81709,46135,20256,1655,76323,49892,25774,19153,9695,4755,222926,159608,85439,43639,19074,1839,202485,142741,77400,39698,18365,3836,205402,152829,83259,46293,18312,2154,196653,136172,78136,40828,18076,2916,242551,144186,74851,35574,18706,2654,199017,148311,85912,48368,13005,2076,213283,167463,82208,51469,15869,2417,174347,153513,88776,47764,23698,3100,200672,156114,84467,46345,19100
Raw Data (Em Spectrum),701,1069,75468,54873,30302,14671,5512,1069,226568,160150,85642,38392,19086,1069,79499,55806,29918,15412,8090,1837,213240,156393,89508,52158,20046,1536,81583,53530,29562,14507,6390,2276,228405,169885,89234,45879,21829,1755,78951,55312,28876,20595,9433,4909,232327,165278,90715,46098,18291,1865,209264,144519,78731,41217,20293,3784,214584,161247,86080,46180,17359,1974,207728,140734,82516,44836,20732,3373,254676,151841,82817,38749,19635,3099,203450,150716,88603,49690,12998,2221,222893,171009,83750,51418,16701,2633,183953,162974,91428,47524,25476,3483,215462,163715,88192,46564,18977
Raw Data (Em Spectrum),702,911,78459,57991,32255,15430,5808,826,236517,167168,88082,39742,19985,1139,83413,57108,33052,16369,8057,2249,221258,166570,91811,54432,19529,1338,84552,55400,30205,14718,7060,2648,243065,176705,91242,47628,21522,1651,84096,57080,30063,22519,9793,5067,249271,171637,91583,47713,19045,2107,217329,150599,81733,41991,19102,4498,225130,170641,93149,47372,19900,2761,215194,150656,89164,48539,22319,3473,265356,160392,84324,39998,20213,3416,221543,160591,90986,51329,13437,2534,233158,179438,90616,58560,18106,3018,190142,167338,94630,50389,26333,3359,219408,171523,92295,49991,19871
Raw Data (Em Spectrum),703,801,82268,57238,34016,17082,6228,890,249117,173552,94368,41312,22094,1305,86983,60618,33571,15807,8956,2254,233874,174352,101871,56822,20137,1572,89297,57119,31169,14917,6821,2224,254277,183872,98075,51010,22480,1957,84344,59017,30517,22272,11270,5249,254663,179542,101189,47718,20018,2224,229544,157151,86390,44574,20285,4715,232569,177348,94071,51247,20552,2699,224324,154660,90097,51514,20789,3500,274088,162460,88021,42053,19811,3114,231234,172899,98372,55547,13879,2728,243542,187342,92411,59195,17735,2877,200361,178445,99943,51632,27195,3262,233340,174975,98520,51366,21353
Raw Data (Em Spectrum),704,1051,84446,59687,34619,17217,6955,958,255225,180268,98634,42223,22564,1391,88928,59997,34836,16073,9860,2380,242397,178382,103827,57369,21143,1607,91772,60182,33043,16475,7604,2596,266569,189757,95234,52269,24697,1855,85992,61975,31621,23986,10479,5471,265270,183544,99871,52764,20586,2195,237482,165771,90938,46303,23152,5100,244468,185090,98078,51867,20648,2442,234639,159403,93318,51002,22904,4049,286629,171675,91988,43181,21915,2689,242026,172942,100180,56658,13848,2844,253772,197794,94801,61418,17619,3029,207561,183328,102992,55205,27788,3771,240666,185337,103054,52238,21297
Raw Data (Em Spectrum),705,1162,85857,64522,35343,17946,6552,968,268933,188982,101867,42573,22110,1485,95314,63683,35924,18172,9231,2163,255150,189918,107257,62037,23465,1840,96509,62004,33116,15364,7940,2518,277293,200925,104061,54064,24272,2163,89537,64005,32438,25176,12330,5164,282909,196535,104352,54258,21981,2195,249728,174232,95960,47544,22303,5293,252116,193663,104029,55775,20431,2840,241465,165001,98219,52418,23917,3583,300661,182301,98090,47189,23691,3776,250567,185045,103448,57324,16106,2937,265415,202991,100672,65490,18850,3325,215030,186400,110710,57356,29114,3938,247888,197471,105675,56227,22303
Raw Data (Em Spectrum),706,1310,92647,65884,37778,17394,7287,1142,281165,196107,105710,46978,25319,1511,99531,67294,37945,18503,10007,2317,259540,193522,109538,63030,22264,1612,97483,64910,35796,16689,8194,2351,288553,207592,103695,58429,25823,2082,97315,67798,34957,25890,10645,5809,292012,192615,108463,57724,22935,2351,255712,179216,98121,50538,24077,5238,260010,198962,104434,57657,23405,2451,251279,173911,101143,55105,23170,3559,313201,188014,98624,44896,24547,3492,253495,188652,107154,61384,16488,2921,271192,216020,102352,66723,21290,2955,230090,198021,114239,59739,29819,3962,259103,201849,106919,59840,24816
Raw Data (Em Spectrum),707,1190,95200,67655,38360,19355,7805,1085,288365,199885,111545,47985,26810,1575,101115,71610,40250,17815,10990,2415,271915,197750,116060,66465,23485,1855,102795,66290,37450,17815,7315,3080,298515,216230,109515,60585,26110,2205,101255,67270,37065,25935,13055,5845,299110,205625,113575,56910,24395,2520,263270,187985,101570,53270,24990,5425,270235,205485,107345,57120,24640,2555,262535,174930,104650,57750,25130,4130,322245,194425,100380,49105,25060,3500,271705,201075,112490,61950,16345,2765,282870,220570,106925,68565,19950,3290,230090,202755,115640,62930,31885,3885,271600,209440,110600,61390,21385
Raw Data (Em Spectrum),708,1097,98086,71581,38752,19668,7312,1206,301277,210685,114537,49317,26980,1572,105836,71654,39300,20363,10529,2742,280000,206518,119728,70411,25627,1755,105727,70119,39849,18754,9140,2961,307675,222238,117023,59809,28113,2193,100462,70631,37107,26030,12832,6434,312062,214268,116804,62076,24275,2340,276454,191968,105032,54143,25847,5484,277770,215548,115195,59590,24202,3436,275686,187544,107518,59846,27053,4204,331876,197854,109090,49939,25189,4058,277587,206664,118156,64745,16086,3656,289322,226223,111174,70887,21679,3363,242418,213976,122105,63465,32171,4168,282340,216389,114062,60285,25554
Raw Data (Em Spectrum),709,1335,100853,71863,40089,21590,8010,1182,307746,214827,117560,50159,26930,1716,106727,72435,40814,18996,11443,2632,295044,217917,119772,72741,26319,1831,114852,70452,38716,18843,9193,2746,312094,228750,118437,61641,27769,2479,103485,72321,36466,27464,13198,6217,311522,225698,119772,63090,25442,2403,286042,198768,104438,54508,26853,6027,292641,220396,116492,61679,25900,3776,279100,187630,110579,61908,26243,4501,343410,204337,108176,51227,25137,3280,283562,209525,115462,64120,18157,3395,294929,235806,113173,69041,23230,3395,244274,216582,122137,66180,35016,4768,287911,221769,120268,66599,26014
Raw Data (Em Spectrum),710,1243,107476,76167,41371,20926,8098,1203,315973,221165,123030,51914,28222,1724,109881,76528,42373,21407,11024,3127,295889,221726,126718,70475,27300,1924,114812,71116,40208,18641,8900,2686,321184,238563,119702,63219,29785,2405,108999,73561,41291,28903,13189,7015,332369,222688,124513,64421,24173,2365,291680,204689,112406,57727,28422,5813,300579,226216,119502,64381,25376,3648,283341,195348,112567,62297,29024,4329,350970,214150,114691,54961,28743,4289,294285,216876,124553,69432,19082,3608,303987,243173,116736,73762,23812,3287,261654,229102,124874,69312,35157,4169,301020,228220,124353,66586,26578
Raw Data (Em Spectrum),711,1468,109462,76539,41813,21305,8010,1300,319955,225256,120953,54018,26715,1845,111391,77336,44707,21347,10820,2684,313287,223369,128586,74568,27596,2055,116675,73058,41142,21473,8891,3481,331740,243122,123218,65425,30406,2139,111265,78217,40975,28225,13379,6123,337695,230708,123637,66558,25289,3020,297727,208271,115794,56576,28686,6584,303179,232008,125482,66935,27722,3649,290178,195605,116633,63664,30029,4236,362691,212129,113697,52802,27680,3691,296511,218630,125860,70668,17153,4026,316348,250336,121288,78259,23318,3481,262288,224459,129509,68906,33887,4320,304312,226682,125231,69871,27093
Raw Data (Em Spectrum),712,1225,112848,75874,44413,23804,7876,1356,333906,229940,128907,53777,27654,1838,116174,79331,45419,22885,11508,3238,313078,229809,133239,76530,29492,1925,117267,77361,44807,21309,11508,3588,341038,245561,127244,70667,31023,2494,112454,77930,39600,31373,14133,6957,342963,236985,122343,66685,27348,3019,304808,212657,117442,61259,29011,6914,311109,234360,125931,67648,25991,3544,297938,204693,118711,63359,29142,4944,363835,220139,117311,56315,28048,3938,301789,223027,128819,70229,18684,4026,324017,252212,118755,79287,24329,4113,265952,234929,134770,69267,36493,4376,312115,237860,127463,68260,27873
Raw Data (Em Spectrum),713,1377,113750,81768,44004,22667,9911,1422,338083,234061,128204,54236,31156,1835,119118,79703,42811,23585,13857,2983,321197,224654,127882,78923,29091,2386,120357,78831,44279,20786,9728,3396,348637,245808,128295,69929,31799,2707,114117,80896,41526,32579,14637,7204,347260,238328,130544,65845,26613,2753,307844,214330,116182,62312,29137,7204,312984,238191,127745,69287,26981,3441,300595,210476,121734,63368,30147,4267,375388,219148,123661,55659,26476,4451,314406,224930,131278,73416,18997,4176,330099,256866,126047,81768,24732,4038,266318,244018,133205,72682,37580,4772,315232,237181,130406,71398,27990
Raw Data (Em Spectrum),714,1249,112379,83852,43703,23004,9605,1489,344726,240223,130389,56910,29872,2017,119727,81643,44664,23292,12775,2737,318456,234604,135191,77465,26990,2353,122753,78810,43943,20651,9749,3314,348904,251797,127075,71702,30544,2785,116942,79962,42502,30352,14264,7588,347511,240127,130389,69204,26558,2930,312309,215826,118190,62865,29632,5907,318312,248579,125298,66851,28623,3890,307554,210735,123425,68436,29199,5235,378055,228264,119823,55421,29440,4658,312020,226247,134807,74679,20411,3746,333680,260345,124914,84092,26126,4034,277298,241039,137400,73719,39045,5187,318264,243969,131301,70357,28431
Raw Data (Em Spectrum),715,1410,117712,81950,45030,22616,9016,1662,344171,240059,131312,58227,31229,1964,115194,80187,44023,23321,13499,3274,327801,243333,135644,79936,29768,2569,123505,78878,44476,20752,9570,3929,354799,252349,127434,75654,32236,2972,119223,82001,41907,29919,15161,7455,355001,249175,134485,69560,28056,3274,318483,215680,118820,62155,29617,7152,323822,242476,128239,69358,28962,3173,309518,210492,125368,68502,29919,5541,381898,230438,122497,59284,28509,4533,320296,238245,131967,73639,19996,3979,330068,264387,130405,82454,25537,3828,278541,237137,137558,71675,39187,5238,322513,245851,133830,78273,30121
Raw Data (Em Spectrum),716,1687,116434,79590,45013,22928,9962,1581,341817,245307,130823,57031,29570,1898,122759,86812,46858,22559,12756,3004,329009,238508,136674,83544,27672,2583,122759,79380,46015,20925,10963,3268,353466,253424,124867,68574,32363,2741,119438,80012,42589,33470,14864,7801,361899,251474,134724,70419,28357,3163,318994,222801,118806,65095,31731,7063,318573,246414,133564,69681,28937,3742,317413,210045,126343,68363,31836,4691,385249,230180,120124,57874,31046,4375,322631,236505,133090,76217,20135,3742,342397,263070,127028,85019,25458,3795,278830,243093,131878,74161,38319,4533,321577,248997,136200,73213,27936
Raw Data (Em Spectrum),717,1760,118401,82050,45645,21832,9239,1760,343489,241641,128025,57413,31126,2200,120436,82710,48999,23867,13528,3685,323142,233777,135669,83645,30631,2530,125715,79356,45590,21667,11219,3795,349264,259954,129510,70612,31071,3080,119556,80346,43720,31896,15398,7424,353168,248241,131544,70227,27992,3630,312748,222834,117851,61703,33161,7094,321822,244446,131819,72261,28157,4234,321822,207875,122636,68742,31731,5059,388804,226958,124065,57853,31346,4344,320612,229873,138474,77376,20183,3630,334800,261329,129565,82985,25737,3520,272988,247801,137924,71602,37891,4894,320502,248681,133194,73196,29147
Raw Data (Em Spectrum),718,1787,112119,80529,46173,22712,9396,1902,347942,236054,127221,56665,30379,2075,121918,83757,44905,23288,12163,3805,314797,241415,134485,79665,29168,2594,126069,78397,42599,19772,10837,3805,350248,256403,132813,70903,31647,3113,117364,80645,41158,32050,14353,7206,349210,248333,129354,67963,27612,2998,314912,216743,119728,64158,30206,7378,314970,242626,131257,69750,27669,3977,309493,207405,124224,69635,31935,5361,382875,230405,121111,56722,29168,4957,308802,236112,135234,74016,19657,4093,328401,257844,127856,82605,23692,4150,276751,236804,138750,71076,36662,5419,317967,245969,133620,73324,28822
Raw Data (Em Spectrum),719,1877,111956,78957,46441,22827,9264,1877,328118,238504,126912,55403,30275,2664,116679,82045,47592,22161,12170,3209,318188,231420,138840,77806,29185,2543,125580,79804,44201,21737,11626,4057,343740,257517,128547,66907,33423,2664,114499,80712,43111,31183,15137,7508,347312,238141,133391,70359,26400,2967,307047,215375,117284,60065,28034,6600,319459,242985,130666,68300,28458,4178,308500,209380,118193,65757,31183,5571,369534,224578,122068,55645,30820,4783,312799,231783,130060,71993,20466,3936,324485,257396,122128,84103,25189,4844,279254,236446,133088,71146,37117,5449,314615,244499,128970,67149,28337
Raw Data (Em Spectrum),720,1724,109392,81038,44830,21521,9515,1788,334561,222998,124526,57665,26949,2491,118013,82251,47639,21776,11559,3001,306271,226510,130721,77590,28737,3065,118907,75738,44957,21329,11303,4087,330346,243178,127592,67819,30206,3576,111563,80080,40934,30269,14496,7535,341777,234748,129763,69671,27971,3321,306399,211312,115011,59645,28609,6641,310997,228426,123696,65903,30780,3385,298672,207608,119226,64562,29503,5045,379327,227149,115586,53451,27907,5620,301035,224148,135510,70820,18775,4470,329069,256588,123377,78420,25033,4534,275235,230406,133594,70373,35953,5747,311571,240687,132381,67883,27843
Raw Data (Em Spectrum),721,2149,110497,73015,42385,22099,9068,2015,315906,226703,116273,54745,28951,2553,111639,76642,42788,21831,12427,3762,298576,225897,125610,68649,28884,2821,114661,76508,41109,21226,10613,4097,324101,231405,126483,66835,29690,2620,109019,78993,39698,30093,13636,7859,326519,222874,125140,66164,25861,3493,291926,209574,114124,55215,29287,7590,302875,231136,121311,63678,28749,4366,286821,194662,113990,63813,31167,5172,353656,218441,115131,52729,29287,5105,288030,214478,124938,69925,18674,4769,317720,244503,116945,75097,22368,4635,260423,219851,127491,67104,35399,6045,298374,236040,123864,67373,26801
Raw Data (Em Spectrum),722,2173,104224,71632,41283,22289,8201,2173,298583,207606,112985,51937,25793,2453,107167,72963,43456,21447,11775,3785,285265,205013,122797,65814,27405,2874,110742,71912,41353,18994,9883,3645,307764,218890,119573,66375,27896,2523,107027,72753,40862,30559,12756,6799,302367,215666,121676,59997,24251,3294,281621,189313,101560,57474,29017,5958,292695,218190,112564,63151,26985,4346,272649,188401,112494,58735,27055,5117,338183,201228,110882,51937,28386,4906,280289,213003,120554,64973,18293,4346,298723,229754,114106,71632,23130,4766,245244,216648,123288,67076,34765,4976,284494,214545,121255,68127,25723
Raw Data (Em Spectrum),723,2211,99551,68676,43181,19085,8990,2211,289443,201682,112741,48118,27485,2874,101836,69413,41339,21296,12822,3242,277653,200134,115984,66392,26822,2800,101173,68382,39423,20780,11643,3463,298212,217304,113257,60866,27191,3095,104194,68161,39717,28517,13337,7148,292907,208682,113552,58434,24759,3390,269474,187902,98520,52907,27780,5821,261295,206472,111857,59760,23948,4053,264169,178470,106846,57402,27264,4569,316781,190997,102278,52613,25791,4937,264169,199545,116868,66024,17611,3979,287749,223567,110678,73540,24096,3905,235210,204998,113699,61529,30949,5305,273822,206693,114289,59760,26306
Raw Data (Em Spectrum),724,2169,95569,67998,37174,21762,8519,2246,278730,191216,109587,47552,23311,2943,99209,68308,38723,19981,11462,3563,258362,192919,110052,64823,22924,2788,99519,68385,37949,18277,9371,3795,280047,206860,107031,55994,26177,3408,93710,67998,39188,28191,11927,6893,280512,195862,103159,59324,23234,4492,252166,176346,97815,49798,25402,6118,253947,197024,107186,54135,24705,4105,248449,168834,103004,56381,27261,5344,313271,188660,103624,48559,28113,4647,255961,188273,109277,60253,16341,4879,268972,209183,107883,67533,21065,4260,224285,194933,109664,59014,32063,4957,259988,195011,103624,60873,22460
Raw Data (Em Spectrum),725,2665,84701,65807,33590,19782,7348,2503,253698,176991,98992,42633,23577,2826,93017,62335,34155,21316,10577,3472,240456,177476,105290,59347,22608,3149,96974,59589,37304,18410,6783,3230,270170,192171,98427,51999,25111,3553,91322,65726,36416,26484,13081,6863,257251,180302,97055,53210,22931,4683,232866,163668,86558,48204,23012,6621,244655,186681,95036,53372,22770,4925,233109,153818,91241,51515,23820,4118,291810,165849,92775,43844,23658,4360,230928,174165,99315,54502,16553,3553,249823,193382,95763,61769,20025,4441,213972,181271,100123,55068,27776,5652,236823,181028,99154,52887,23174
Raw Data (Em Spectrum),726,2438,82814,59777,34219,17404,8239,2438,238773,164535,93996,39852,21187,3111,86177,55742,36236,20767,10341,4036,227675,167057,92903,53472,22364,3195,88867,57423,34050,16983,8492,3952,247181,178743,95425,51370,23205,3531,86429,58937,30351,26315,10846,6810,248358,170840,90465,47334,19253,3111,217670,157388,83402,43299,21775,6053,226498,171933,94753,50277,23709,4372,220277,144861,84664,49016,23121,5885,275262,164114,92483,41785,20262,4288,216998,164283,93491,55658,16311,4624,232047,179668,92314,60450,19169,3867,195474,172942,99461,54649,28081,4540,225741,170504,94837,53304,21607
Raw Data (Em Spectrum),727,3080,79471,54037,32915,16193,7041,2728,227851,156125,88184,41188,22266,2992,82375,55533,32123,16809,9945,3432,203033,155157,88624,52804,21562,3168,83255,54741,34411,14697,10737,3696,232428,156741,89680,46028,23498,3256,76655,58965,30011,22530,12321,5897,228908,167390,82815,45060,20066,3256,202417,143452,74630,39427,22354,5985,214210,158325,88712,44708,20506,3608,195289,138084,83959,44092,21826,5192,242373,146620,81143,37843,21474,5016,205145,151725,89240,49988,16457,3872,219843,169766,79647,56325,18834,4752,186840,160174,88800,49988,26930,5192,206730,165630,86159,50164,20858
Raw Data (Em Spectrum),728,2873,77481,58853,31975,16034,8063,2873,214464,151256,79335,38463,21873,3151,75350,51994,30770,15478,9917,3337,195743,143841,85823,46989,20483,3615,78594,49955,32160,15570,8341,4449,212055,157280,75906,44487,23356,3337,74330,52921,28453,22151,11400,6488,212703,150422,83598,44024,18351,3800,193704,134388,75350,39668,21039,5654,194909,150051,80911,42355,18722,4727,192684,123729,77018,44487,21502,4819,233001,137910,73960,35775,20390,4356,195465,148012,80818,47916,14366,4356,205845,153943,70252,53570,16683,4356,170904,145046,84155,44487,25951,4912,190831,151534,82208,44580,20112
Raw Data (Em Spectrum),729,2826,66757,48143,28847,15398,7796,2826,190819,139849,72800,35766,21245,3021,66952,49703,27580,14911,9453,4288,187700,133417,76308,49410,18127,3703,75139,46487,26313,14229,7699,3314,201636,142383,74067,41126,20661,3996,72215,50385,25826,20466,11110,6724,201636,137316,71143,41029,18029,3801,181561,124451,73092,35084,18712,5263,181268,137413,74261,42101,18419,3898,176590,120651,68024,38495,18614,4386,223564,129324,70168,34499,18809,4970,176980,137608,78939,41419,12182,4288,190721,153103,74261,50872,16373,4483,161485,138680,81083,46487,22805,4873,183899,141604,79037,43758,17640
Raw Data (Em Spectrum),730,2773,62554,45195,26398,16743,7909,3081,182014,122541,73648,32150,18900,3184,67690,44374,28247,15099,10374,3903,161984,118946,72004,42422,17462,4109,65225,44065,27117,14688,8115,4622,182630,136510,71593,37800,19722,3595,67793,47352,25679,18284,9964,6882,181808,133018,69745,37389,15305,3903,165579,114426,66355,32664,15510,5649,164860,126547,69128,39340,16948,4314,159519,107544,64198,35848,17667,5341,197524,122335,64198,33075,19208,4622,161470,125417,67896,41806,13867,4314,171948,146474,73340,46325,16640,4520,153767,131066,70669,40573,23830,5341,171434,132710,71388,38519,15305
Raw Data (Em Spectrum),731,3153,56443,43305,25436,13979,7252,3153,160710,108156,60017,29746,16082,3363,58650,45091,23965,14295,8409,3679,151251,106369,63590,40677,16502,3258,63275,41938,25541,12403,6517,3889,168068,127286,62539,34581,16082,3889,60332,46037,24070,18604,8934,6096,162182,121820,65167,34791,14505,3679,149674,105739,57179,32163,18919,6201,151356,123292,69266,35527,15346,4835,147151,101534,61383,33004,15766,5150,179840,111730,58020,29115,15871,4940,149674,112571,66323,37103,10090,3889,162918,123922,63906,39205,14295,3994,132752,114463,68741,35632,21127,4625,147362,112781,67059,38470,14084
Raw Data (Em Spectrum),732,3512,54110,36549,24147,10976,7354,3183,148283,103282,62342,29854,15366,3512,56525,39183,22171,14488,7024,3512,137307,104160,59598,35891,16025,4061,56306,37866,20305,10317,7464,4281,148063,110526,56306,33257,15915,3512,54879,40830,21403,17451,8781,5927,150039,107892,59708,33037,14927,4281,131490,98123,54220,30732,14927,5817,139392,103611,56635,31830,13720,4281,135660,89233,58391,33696,16793,5049,165514,100867,52793,28208,14927,4939,136868,104050,60037,33696,12403,4390,147404,119197,59159,41159,14598,4500,122160,112502,62672,33586,20086,4500,136319,101745,57403,36440,14159
Raw Data (Em Spectrum),733,3470,44066,35161,23132,13648,6130,3585,136131,98311,51584,24289,14920,3470,49271,36895,21860,11913,7865,3585,125838,98773,55979,37705,13301,3932,55748,34814,19662,11450,6246,4164,134165,97964,54823,29031,16308,3932,53782,34582,20009,16539,7634,5783,148044,100855,58871,29840,14457,3817,121558,89521,51816,26833,15498,5667,126069,96576,54823,30187,16308,4395,129423,86282,49155,30303,14110,5320,152208,95419,49965,24751,15730,4973,126647,96460,55632,35045,11682,5205,133356,106985,55054,33194,12954,4048,116354,98542,61184,27874,17580,4858,122368,100740,51006,30534,14804
Raw Data (Em Spectrum),734,3663,51524,33332,20634,12332,6349,3663,123561,94258,51036,22832,14529,4029,49693,36995,22954,12332,8425,4151,116968,91083,58118,30646,12576,3663,48838,32966,19291,11233,6349,4273,120630,93769,53844,30890,14651,3907,47495,35164,21367,17338,8058,6959,125514,91328,52135,28815,12210,4151,122828,83513,48350,24297,13919,5250,119287,91205,47739,28570,13919,4518,116479,78996,51158,27349,14774,4518,148957,84612,48960,21611,14041,4273,115014,88397,55553,30524,10378,4762,130398,99142,49082,34187,12698,4518,109031,91816,52379,30402,15995,4762,118311,98775,53844,30402,12942
Raw Data (Em Spectrum),735,3842,38040,33942,19468,11143,6916,3714,122574,75824,44700,22286,12168,4099,45981,33301,19340,11271,7044,4483,109510,82356,43804,31380,13449,3971,42395,29715,17675,11015,8325,4227,122190,90682,48159,25872,13833,4227,43163,32277,17035,13577,8581,5764,124751,84918,44572,27538,12296,4483,107716,74671,39833,23439,14345,5764,114249,83253,48415,26897,11527,4611,105667,70701,43035,23183,13705,4867,127185,82228,41755,22927,12424,4867,110534,77617,47262,25872,9606,3971,113480,87864,46237,31508,11271,4995,93371,82356,47902,30740,18059,5379,112968,84021,49311,27666,12424
Raw Data (Em Spectrum),736,3886,40463,25457,17150,9781,6163,3886,104641,78380,41669,19964,14604,4019,42607,32156,18758,9915,7503,4019,101827,73155,44750,27065,11657,4153,43545,29744,20231,10585,6163,4421,113216,78246,43545,23715,15006,4421,36979,28538,17552,13130,8039,5627,109196,82266,44348,24519,12996,5225,99416,72217,40999,21839,11255,5895,107053,83070,42607,24117,12192,4823,100755,66322,40731,23983,12058,5091,118575,76370,40061,21169,12862,5091,100889,76370,44884,27065,8977,5091,105713,81462,41133,28806,12058,4689,91511,77978,43813,24117,14336,4555,99148,78514,45688,27065,12192
Raw Data (Em Spectrum),737,3502,38517,26752,15827,11345,7143,4202,100844,69050,41038,22410,14006,4342,42159,27032,17648,9944,7003,5042,91180,70591,43979,24371,11485,4062,37537,27872,17228,9804,6723,4902,103226,74093,43419,23951,14146,4202,38097,27872,16107,13586,7143,6723,103506,75913,41318,22970,12886,4622,96783,63028,37957,21429,12466,6023,95802,71572,42299,23951,11625,4622,92721,63308,38797,22410,13026,5182,108268,69331,36416,19749,12606,5182,96503,71291,42859,21990,8964,4762,96222,79135,38797,27312,11065,4902,84737,72132,41178,21990,15967,4902,95662,70591,39637,21289,13306
Raw Data (Em Spectrum),738,4558,34257,27788,15291,10439,5734,3970,89832,68955,38226,19554,12056,4411,36756,25729,15144,11468,6616,4705,90420,64838,40138,23524,11321,4705,39109,27053,18084,8527,6763,4999,89979,67484,39550,21172,12791,4264,34698,27053,15732,11468,8821,6028,95419,66749,37638,22348,11468,5146,85127,67337,34551,20289,11909,5881,86303,71454,38667,23377,11615,4705,86450,57340,38079,22642,11762,5146,107328,61897,34257,15879,11762,4705,87186,61456,37638,22789,9557,4999,90714,72924,35580,27053,9116,5293,73806,62338,38962,21466,13085,4852,84539,63956,39550,22789,12791
Raw Data (Em Spectrum),739,4480,33677,26571,15139,8342,6643,4789,83112,60866,37385,19001,11277,4943,33214,25644,15294,9578,6334,5098,80795,61330,36613,26108,10968,4789,32596,21628,17148,8188,6797,6179,91300,67664,34913,20392,11277,5252,31515,27035,13904,12204,9578,6025,82803,63493,36458,22400,12204,4943,82185,55923,33059,17302,11277,6334,78787,60712,33523,22709,10659,4789,83730,53297,31360,17920,11277,5561,93617,55305,35995,17457,9732,5407,73225,60866,31978,22091,8806,4789,83267,63338,34450,21628,10659,5407,71989,60557,34604,21164,12977,4789,82185,62257,39239,22555,10659
Raw Data (Em Spectrum),740,4102,29977,20668,14515,7573,6311,4418,78887,54116,31555,14831,11675,4891,32028,22562,13884,11044,8520,5364,67843,55063,33290,19722,9782,5049,30608,23666,13726,7889,5995,4733,74785,57430,34552,19564,11991,4575,30924,20826,13884,9782,7889,6153,80307,53643,35341,17355,11360,5207,73049,50330,28084,15462,10098,5522,67843,54905,35341,21299,10886,5680,73523,52854,29346,17040,11517,5364,88038,50961,27453,15462,10886,5680,69105,54905,32975,23193,8678,5364,76994,59796,32028,22404,12622,4575,64529,58061,35341,20826,14200,5364,70525,54274,31081,20037,9624
