Well,580,581,582,583,584,585,586,587,588,589,590,591,592,593,594,595,596,597,598,599,600,601,602,603,604,605,606,607,608,609,610,611,612,613,614,615,616,617,618,619,620,621,622,623,624,625,626,627,628,629,630,631,632,633,634,635,636,637,638,639,640,641,642,643,644,645,646,647,648,649,650,651,652,653,654,655,656,657,658,659,660,661,662,663,664,665,666,667,668,669,670,671,672,673,674,675,676,677,678,679,680,681,682,683,684,685,686,687,688,689,690,691,692,693,694,695,696,697,698,699,700,701,702,703,704,705,706,707,708,709,710,711,712,713,714,715,716,717,718,719,720,721,722,723,724,725,726,727,728,729,730,731,732,733,734,735,736,737,738,739,740
A1,190,186,165,196,180,186,173,184,214,212,258,228,212,246,267,259,297,266,310,354,335,393,369,328,345,364,383,347,348,312,347,355,315,304,313,287,285,300,286,235,258,266,250,247,282,240,259,279,273,270,326,314,350,372,367,510,453,558,684,735,865,1010,1062,1183,1324,1365,1542,1637,1770,1638,1757,1928,1833,1757,1777,1764,1704,1599,1593,1578,1530,1343,1356,1282,1225,1277,1138,1108,1165,1068,922,958,813,840,879,929,896,862,802,772,754,834,758,853,731,919,938,926,929,881,828,974,1031,931,928,1113,1003,1136,1013,1204,1235,1453,1224,1275,1329,1904,1478,1680,1609,1869,1804,1929,1750,2019,2113,1914,2372,2530,2421,2301,2299,2553,2944,2947,3020,2988,3531,2728,3707,3411,3390,3469,3842,4511,4273,4611,4555,5042,4852,5252,5364
A2,886,919,869,956,1018,1049,1133,1179,1315,1308,1411,1431,1561,1648,1725,1846,1815,1983,2034,2084,2114,2265,2299,2296,2415,2563,2418,2561,2582,2675,2780,2652,2632,2687,2910,2872,2924,3017,3262,3501,3773,4049,4645,5192,6044,7049,8470,9932,12185,15122,18834,23088,29059,36180,45216,55910,67273,82659,100577,120696,142662,167386,194853,219139,244443,270711,293737,315084,334855,349231,360028,365551,369642,367411,361989,352297,341929,324635,310571,292248,279195,260948,246680,229373,215234,200482,180491,169887,156228,141624,132506,123744,112573,105844,97501,92158,84678,79690,75872,72641,70247,66329,63926,61062,61276,60162,57286,59648,58382,57659,58491,58071,60944,58931,61414,65029,63700,68510,69928,72035,74641,75989,82217,85678,87074,89214,94259,95620,101303,101997,107235,111223,111710,113796,115021,119324,115643,115321,119439,115347,112265,112377,107448,106036,99132,92291,91558,78855,76833,74164,67177,62014,56306,50659,48350,44444,43411,37957,37932,35995,30608
A3,539,605,628,653,702,715,753,786,823,910,982,926,1119,1131,1137,1193,1246,1356,1334,1432,1432,1530,1472,1538,1615,1674,1654,1575,1684,1732,1885,1751,1847,1748,1895,1991,2102,2083,2068,2206,2442,2687,2990,3328,3913,4697,5500,6607,7985,9812,11927,14772,18331,22668,28158,34292,41714,51346,62762,75266,89932,104163,121485,137464,151994,168014,182548,196722,208363,216362,221460,229620,229426,228125,225831,219289,212324,201778,192747,180423,172900,163743,154039,140272,132590,124843,112052,104157,96537,89800,83179,75268,69830,64637,59950,56704,52540,49333,47382,45367,41973,41061,39032,38732,37909,38668,37379,36721,34824,35612,34936,36563,37491,38759,38564,37908,40172,39566,44688,44846,48079,51610,50162,52107,53969,56420,59873,60725,61930,64997,69553,66264,69748,72040,74151,73488,75743,73141,75168,75263,69543,69858,68197,67055,64590,59428,57591,50604,50048,45999,44682,40362,37537,37705,30158,27538,25323,24091,25141,22091,24297
A4,471,441,473,475,507,537,567,624,598,684,686,756,757,792,805,884,989,1029,1042,1027,1034,1101,1082,1196,1154,1176,1256,1278,1283,1320,1224,1287,1357,1366,1325,1375,1436,1498,1560,1642,1702,1904,1945,2359,2668,3157,3829,4190,5256,6401,7718,9700,12318,15302,19121,23489,28629,34948,42307,49686,60012,70165,80604,92283,102099,114410,123944,131893,140002,145312,150360,153865,154039,154632,151868,147159,141478,136498,129378,121805,116202,109098,102925,96520,89496,83523,76038,70321,64967,59397,55447,51286,47046,44081,41689,37466,35744,34035,31968,30198,29428,27492,27572,26214,24729,24864,24173,24779,24797,24486,23326,24927,25650,24690,25923,27484,27739,28387,28159,30650,31238,34306,33451,35114,36968,37215,41673,41475,42700,44590,46221,46637,46294,48225,47785,49815,52182,49769,49632,50438,48150,47221,45839,43844,44299,43521,39011,35907,35033,34597,30404,25331,26342,25214,24785,23055,20901,19469,19554,17766,15462
A5,211,234,203,239,281,237,284,314,324,315,368,416,437,436,427,479,504,506,531,572,623,643,597,645,593,645,643,685,705,681,681,737,760,765,707,763,736,754,759,759,792,849,1005,1194,1326,1426,1703,2256,2523,3166,3848,4724,5908,7167,9072,11087,13556,16631,20081,23645,28121,32854,38380,44083,48429,53047,58342,62923,66377,69615,70635,71543,72784,72966,72322,68887,66281,63534,61395,58047,54246,51283,48055,45328,42799,39226,35984,33278,30671,28360,26465,24171,22914,20604,19358,18258,16596,15822,14872,14362,13505,13822,12571,12397,13180,11542,11981,11974,11999,11735,11822,12298,12166,12107,12704,13036,12923,13127,13561,14522,16000,15110,17167,16519,18701,18172,19510,19600,19997,22505,20966,21976,24504,22989,24493,23472,25458,26287,22827,24159,25991,24383,21938,21443,20291,20025,19169,19098,17795,16665,16127,14505,15147,13879,13308,12296,11389,10925,12203,12050,10413
A6,144,138,165,137,172,194,189,196,228,225,245,258,234,300,323,309,308,374,325,404,387,468,408,405,491,478,443,470,437,491,513,435,436,414,454,443,427,446,425,498,539,526,629,656,722,844,993,1120,1319,1608,1946,2363,2982,3506,4254,5616,6546,8312,9763,11896,14078,16526,18709,20850,24143,26444,28101,30520,32772,34172,34511,34878,35882,34861,34802,34373,32588,31171,29510,27989,27126,25810,23513,21914,20974,19583,17430,16548,14680,13871,12827,12493,11194,10760,9906,9282,8751,8009,8130,7181,7196,6645,6599,6510,6337,6377,6111,6120,5902,5893,5638,6544,6073,6678,6352,6828,6283,6563,6780,6822,7567,8858,8598,9194,9273,9167,10376,10290,10346,10947,11465,11030,11289,12986,13063,12995,12861,12374,11183,13866,14241,13703,13738,11643,10533,10255,11771,9857,9732,9941,10066,9775,9110,9484,8425,9350,6833,8824,8527,8497,8204
A7,117,106,111,107,119,123,115,123,131,121,139,146,151,169,166,206,187,194,228,237,274,235,257,247,263,250,202,257,244,243,251,251,214,212,195,214,173,198,189,182,175,150,156,148,176,143,134,169,158,149,155,168,165,173,166,170,188,189,231,251,241,263,244,253,285,265,326,347,336,425,376,365,359,405,328,347,414,378,406,429,429,390,375,385,411,371,466,362,405,367,440,376,462,411,484,490,401,458,497,480,498,518,562,582,534,598,620,518,636,593,599,717,707,654,742,771,847,905,869,903,920,1015,968,1038,1144,1130,1175,1295,1280,1449,1443,1552,1444,1560,1777,1662,1898,1760,1787,2119,2363,2149,2313,2579,2401,2745,2690,2992,2966,3119,3492,3469,3622,3932,4273,4611,4287,4762,5146,5407,4575
A8,2061,2155,2266,2328,2384,2530,2723,2972,3028,3306,3372,3719,3923,4158,4509,4877,5049,5403,5486,5687,5989,6165,6560,6684,6886,7011,7133,7436,7572,7565,7497,7691,7935,7946,7807,8166,8158,8324,8766,9240,9615,10515,11418,13199,14960,17612,20722,24890,29836,36110,44672,54596,68574,85326,105230,131191,156668,193274,235097,278314,331020,385999,444137,498375,556329,611736,659033,706090,744030,772472,782947,805061,804665,799497,783054,758024,739819,705003,671157,630766,602063,570849,535390,502876,471818,440732,404091,376212,348127,321599,299959,279426,262605,244817,229313,216298,201367,191822,182234,174345,167880,161728,157933,153779,151763,149594,148228,145566,148034,148322,148818,149820,152504,156501,160280,162229,163985,175636,176605,184502,196600,203615,213315,222040,232877,240884,249768,256690,272359,272539,283101,293072,300870,301650,309811,315411,316886,315718,309090,308258,298416,300725,288560,276253,263628,242556,226498,217819,197226,184387,169174,156296,138295,130117,128078,114249,106115,95662,87186,77242,73365
A9,1661,1653,1666,1734,1773,1857,2005,2093,2272,2285,2630,2769,2844,3108,3184,3376,3689,3724,3974,4167,4336,4532,4760,4558,4928,5006,5137,5232,5359,5211,5496,5404,5402,5520,5626,5640,5771,6010,6176,6273,6765,7386,8009,8907,10253,11886,14217,16762,20446,24327,30523,37350,47215,58607,72516,91215,108538,133047,162406,192793,229266,269027,306448,345935,385183,422788,457162,488627,514413,536072,542187,556649,556881,552672,542458,524399,507373,485984,462592,434211,413301,396544,369635,344985,323384,305912,275983,257794,241265,222674,204125,192328,180085,168781,159347,148504,137334,131566,125953,119177,115137,112721,106512,105289,102950,103484,102212,102129,100754,103787,101691,104708,103974,107300,109898,111970,115124,118652,123230,129021,133466,139336,144478,154245,160485,165582,172299,175980,187325,190949,198876,199170,206662,213458,205356,209384,220218,217884,210921,208230,209907,199834,192957,187092,183548,168836,160331,154717,134295,130006,116378,108472,97465,91024,85955,78386,70475,68910,66602,55769,52381
A10,1297,1217,1252,1354,1343,1298,1502,1517,1560,1649,1749,1933,1892,2029,2174,2204,2275,2502,2513,2724,2712,2808,2900,2929,2860,3071,3053,3183,3217,3134,3336,3404,3208,3406,3374,3371,3415,3505,3670,3728,4124,4354,4873,5302,6052,7295,8237,9810,11488,14156,17683,21856,27168,33841,41924,51466,62218,76751,93178,111268,131859,152529,176727,198964,219372,243317,263483,281631,294490,308010,313393,321208,318865,316043,313400,301868,291884,277940,263644,249438,236610,225250,210920,197020,185779,172747,157187,149769,136644,127285,118204,108755,103356,96248,89639,84755,79005,75336,71705,68442,66102,63840,61757,59614,60250,60293,57709,58267,56605,56914,58967,60387,61536,60952,62301,63744,66753,65959,70290,75948,76901,80431,84836,87280,92607,96347,97886,102165,106312,107070,110683,119108,116567,118246,119247,122900,122917,126210,124397,121644,120631,117079,111793,105299,102230,95843,89792,85015,80911,72020,72312,62644,58830,52047,49327,44572,42875,40058,38520,33832,30766
A11,1332,1257,1355,1317,1361,1374,1299,1342,1473,1435,1584,1518,1556,1729,1657,1615,1641,1809,1839,1921,2055,1970,1962,2060,2072,2103,2066,2176,2176,2089,2071,2177,2218,2202,2167,2151,2085,2200,2309,2363,2321,2537,2738,2960,3437,3932,4624,5245,6187,7510,9151,11229,14166,17102,21090,26355,31446,39314,47683,56166,66860,77151,90014,100553,111420,123768,132212,143142,149465,154008,157422,161309,162369,160862,156079,152547,148644,141471,133726,126676,121043,113810,107102,99722,94093,88155,80285,75753,70228,65111,60507,55017,53336,47480,46113,43235,39919,38137,37321,34747,33792,31775,30787,30477,29928,28585,29936,29942,29248,29126,29175,29633,29890,29327,32110,31487,33354,34557,36749,37246,39331,42533,41166,44129,47262,47996,49833,54355,52461,54355,55602,57667,61259,57953,62625,60846,60721,62253,64043,61397,63157,62536,55581,54676,52122,49092,46241,43828,41150,36059,34513,32163,32818,27296,26861,26129,20231,24651,21466,20392,16882
A12,349,355,376,355,356,376,407,429,442,449,441,515,520,572,599,653,656,738,697,728,769,724,776,823,788,842,838,838,856,866,842,861,853,873,890,829,872,885,819,845,985,1041,1037,1200,1306,1511,1869,1914,2529,3049,3674,4659,5756,6663,8470,10672,12683,15965,18728,22245,26829,31169,35748,40506,44995,49420,53892,57312,60422,62702,64246,64931,65391,65282,63972,62307,60019,58059,54594,51584,48117,46769,44265,40305,38469,36205,33188,30212,28462,26833,25043,23231,21879,19868,18617,17513,16849,15921,14962,15157,14003,13379,13420,12410,12280,12636,12525,12491,11412,12091,12156,12905,13942,12622,13508,13314,13658,13915,14550,14773,16210,17496,17252,19010,19133,19399,20282,20965,21533,22848,23812,22605,24154,24916,25261,26393,26723,27057,25998,24704,24458,24921,24181,21369,21453,24869,20010,20594,16961,17542,17565,13979,13829,14920,14774,12168,12862,13866,11615,11123,10413
B1,103,118,125,119,109,104,110,123,147,152,159,155,184,195,175,222,181,189,223,233,251,221,248,255,255,250,286,246,242,250,281,229,214,219,257,224,201,171,182,215,196,174,185,167,157,145,160,196,188,195,181,223,202,210,225,202,293,292,261,402,352,465,384,524,513,517,651,638,715,739,742,690,708,639,733,666,673,720,642,652,602,675,613,624,569,490,657,542,615,500,578,537,536,525,642,490,517,567,565,550,547,619,536,650,590,671,620,643,603,559,828,735,726,753,825,899,780,858,941,878,998,1069,1110,1038,1236,1388,1242,1260,1316,1449,1403,1510,1707,1881,1681,1864,1898,1870,2190,2119,2427,2351,2383,2653,2633,2826,2859,3168,3244,3021,3595,3469,3842,3817,4151,4355,4153,4762,4852,4789,5364
B2,810,816,887,994,938,1019,1112,1096,1216,1235,1415,1472,1579,1595,1597,1760,1873,1877,1969,2126,2165,2180,2132,2260,2423,2331,2352,2438,2574,2533,2592,2727,2628,2758,2815,2855,3037,2919,3140,3564,3466,3913,4532,5220,5918,7009,8685,9947,12110,14692,18311,23218,28335,35916,44500,55502,66690,82740,99859,120340,142223,166044,191092,216723,243041,267353,288807,312693,331035,344680,353135,362917,363191,363950,357346,347817,335995,322493,306035,289172,274475,259148,243661,228168,212056,197297,181881,167733,156244,143559,129997,121757,113155,104812,96523,91555,84024,79308,74901,70126,68010,67390,62070,60440,60109,60293,58435,56839,56899,58337,58897,59928,60429,60397,60589,61904,62854,66145,69252,69226,75666,74892,79940,83899,85374,89859,94158,96985,98707,105773,106995,105729,112454,111547,114204,115244,113799,115871,116211,116679,115394,111840,112494,107141,100216,93825,85672,83519,78501,73482,67279,59807,59159,49618,51280,44572,42607,38657,37491,35068,31397
B3,641,620,617,662,726,766,799,891,874,958,1091,1067,1177,1245,1316,1381,1415,1479,1625,1646,1653,1803,1775,1843,1890,1985,2010,1947,2079,2066,2116,2219,2245,2260,2361,2279,2421,2510,2620,2889,3105,3190,3608,4275,4847,6091,6924,7944,9574,11693,14596,18271,22649,28688,34534,42619,51899,63910,77463,92659,109980,128418,149029,167745,187150,207660,225892,242646,256368,269167,273706,281199,280739,281362,278532,271000,262427,250438,239553,226216,212398,201452,188825,176556,165367,153535,140001,129935,120515,113030,102248,93542,88616,80314,75693,70969,66332,61085,57398,56010,53205,51989,49251,48246,46269,45001,45471,44724,44541,45213,45172,45424,45875,46090,47185,46149,51424,48750,52458,53926,58247,60879,60837,64741,67013,69460,72130,74900,80282,77776,82621,84172,86813,87457,90384,89959,90659,93049,90963,91066,87296,88935,86281,77150,76982,72831,68605,64950,58111,57986,54132,49085,47196,39440,35530,35350,33898,32494,31904,26880,28557
B4,344,381,351,391,406,445,484,521,534,590,636,608,620,683,736,803,795,851,908,941,983,1064,1067,1010,992,1076,1081,1174,1119,1163,1159,1207,1224,1234,1274,1252,1297,1266,1376,1391,1545,1701,1851,2158,2450,2877,3447,4268,4971,6051,7747,9273,11640,14618,17985,22546,26714,32951,40065,47887,57298,67179,77889,87524,98389,107906,117385,126675,132329,140269,143046,146923,147401,147247,144606,141072,136039,130981,122911,116143,109747,103089,98481,92926,84971,79336,72250,66831,62022,58137,52309,49505,45310,41694,39466,36628,33677,31470,31562,28701,27155,27289,25338,25348,24392,24412,24596,24371,24471,23115,23872,24137,23415,24393,23984,24744,26247,27784,28811,28919,30004,30823,32910,33186,35145,35989,39759,40250,39922,43065,44097,47349,46382,46252,45528,47548,47438,50319,45827,48076,46618,47624,44227,40823,41047,37950,36068,33267,32809,32355,29172,25436,24915,24404,24541,21262,22375,18068,18819,17766,16566
B5,232,292,295,295,315,306,356,380,406,384,436,488,491,525,560,585,621,649,663,687,720,710,710,783,756,832,787,815,798,827,886,872,855,868,887,847,846,910,846,941,983,1241,1265,1428,1605,1817,2175,2654,3145,3944,4612,5771,7223,9069,11063,13380,16662,20314,25265,30006,35368,41655,47625,54616,60080,67668,72689,78091,83859,87107,88162,90994,90397,90713,89220,86527,84515,81802,76389,73073,68692,64300,61835,56201,52598,49612,45249,40903,38602,35191,32611,30050,28122,27105,24513,22455,20571,19751,19208,18011,17869,17245,16204,14778,15681,15102,14038,15442,15178,14207,14394,15074,14725,15773,14869,16054,16309,16443,18242,18460,20178,18812,19985,21294,22224,23014,21961,25200,24604,26167,29024,30909,29273,26935,30352,29869,28621,30026,28995,28640,31100,28816,28386,27485,28036,22770,23289,21914,23356,19881,19824,17028,16464,14920,16727,13064,13934,12606,13085,10968,11360
B6,132,131,162,165,151,182,179,233,219,209,252,233,282,310,288,329,342,361,347,367,417,385,423,407,453,466,470,501,463,491,463,444,454,452,436,424,391,446,490,511,459,560,551,681,666,750,996,1052,1228,1568,1804,2176,2754,3479,4316,5357,6238,7557,9532,11478,13387,15714,18200,20318,23242,25516,27278,29581,30490,32689,34145,34371,34414,34041,33834,32951,32099,29920,28675,27821,25711,24533,22995,20864,20917,18849,17285,15920,14340,13654,12776,11750,10907,9777,9353,8904,8224,7955,7329,6479,6552,6355,6730,6144,6098,5910,5809,5696,6195,6181,5708,6085,5730,6123,6702,6871,6328,6819,7022,7775,6962,8007,8484,8512,8809,9489,8999,10150,10529,10795,10944,10904,12296,12114,12391,11837,12597,13198,12394,12836,13091,11285,11425,11495,11462,11950,11182,11353,9824,9356,9861,9565,8890,8212,8547,8069,9245,6863,7645,9887,6942
B7,97,101,86,99,89,107,102,94,120,129,114,148,126,150,173,195,208,202,210,224,238,244,283,261,230,234,288,276,270,239,227,260,272,201,234,224,218,202,174,182,186,181,180,176,165,185,157,175,188,164,190,200,225,247,280,269,293,285,367,410,466,477,595,672,699,786,782,888,914,792,930,858,864,937,859,958,909,690,836,839,762,781,675,799,684,690,642,653,639,609,690,573,582,516,681,654,506,655,644,538,608,531,562,636,576,598,711,675,750,660,740,809,688,773,825,813,891,858,1013,878,1103,878,1025,1186,1175,1356,1276,1435,1280,1526,1764,1552,1619,1698,1921,1813,2003,1980,2190,2180,2299,2418,2874,2726,2556,3068,3111,2816,3151,3021,4109,3363,4061,3585,4640,4099,4823,4482,4411,4943,4891
B8,2266,2264,2367,2535,2637,2685,2841,3032,3264,3487,3889,4032,4255,4432,5019,5170,5393,5696,5831,6289,6755,7051,7231,7370,7483,7766,7648,7835,7959,8174,8278,8237,8363,8549,8578,8594,8750,8978,9550,9840,10293,11225,12654,14188,16003,18821,21901,26263,31825,38303,48032,59323,73748,92665,112641,140860,171274,209624,252007,304173,358727,416549,479385,541731,598961,661364,713852,760826,803851,834136,848401,870316,862663,865685,849585,819821,793139,760956,722766,684656,649098,614495,581379,543511,510532,474917,434866,408161,375828,350426,324717,300823,284835,263463,246083,234055,217299,204251,196112,188800,182831,174501,170856,164524,163130,161924,159574,160192,162560,158957,158720,164214,164020,168985,172014,176100,180629,189992,191613,198748,213231,221879,231877,241288,247064,257313,263603,277900,283729,297104,308316,315384,324717,327070,330030,331327,341501,336285,336529,336595,326451,311540,307694,288633,273464,260723,246508,230932,213908,195107,181192,165440,155197,145731,128445,122318,106785,99444,90714,89291,85040
B9,1904,1965,1956,2135,2115,2265,2395,2520,2673,2841,3002,3051,3432,3595,3748,3848,4225,4471,4704,4833,5033,5421,5646,5594,5764,6069,6031,6007,6149,6178,6362,6444,6284,6564,6613,6471,6632,7088,7161,7411,7804,8451,9548,10585,12088,14110,16989,19288,23719,29290,35839,43920,54898,68776,84777,104942,126297,154755,188257,223390,267546,311094,358698,401057,447027,493836,531285,569678,598641,622035,631102,647714,646508,642810,630918,610949,592510,567745,539133,506563,485887,456324,432847,403946,377034,351500,321232,301433,280991,262152,240883,224937,210489,196478,182577,171868,162671,152037,148108,142744,134428,130825,126022,121989,121582,118032,116523,118496,114857,117808,116542,119893,120036,123588,126871,129586,132881,136742,144150,146528,154485,164153,174427,179513,185090,188531,202655,205555,210137,217688,229102,229366,243242,238741,246658,245448,253951,248681,246776,245710,242411,236711,229053,214946,198805,194674,183536,172935,159412,149303,133737,124238,109319,102012,94990,88120,82132,76334,69690,60712,55694
B10,1291,1248,1226,1246,1403,1413,1489,1520,1601,1773,1888,1953,1937,2055,2232,2394,2439,2557,2844,2835,2933,3060,3187,3265,3189,3391,3425,3455,3667,3431,3550,3613,3582,3601,3756,3783,3686,3839,4001,4191,4405,4730,5212,5884,6486,7566,9081,10645,12492,15423,19468,23722,29452,37371,45580,56494,67823,84286,101178,121272,142152,166687,192757,215460,241475,265188,287174,306221,324412,335386,342461,349855,350035,348955,339956,328681,319919,303948,291634,272524,261963,246110,233438,217617,204563,189020,174518,163079,150708,139588,130790,121802,112453,104660,97185,92485,87219,81578,79113,75331,72714,69613,67402,65190,65055,64408,64456,63540,62621,64162,64023,64910,66349,66659,70365,69781,71454,73242,77866,79685,84283,89124,90445,97541,96934,103351,108296,111300,114135,117369,120424,124560,127550,129397,131541,130556,132089,134184,130507,133209,129188,129775,124900,122100,112685,106502,96014,91528,86286,81376,75908,69161,61025,56673,52379,45469,46760,42019,41902,37539,30924
B11,524,506,550,624,593,589,687,687,725,815,839,921,919,1032,1056,1170,1212,1293,1319,1332,1495,1495,1515,1629,1722,1662,1670,1631,1758,1784,1833,1784,1782,1775,1856,1843,1896,1961,2001,1917,2084,2285,2450,2812,3090,3542,4452,5177,6002,7386,9151,11077,14000,17707,21717,26837,32384,40383,48443,57481,67879,80755,92345,104484,115937,127776,136889,146584,154857,159862,162113,167353,165144,165527,162335,154983,151303,145808,137305,129423,124450,117119,112030,103372,96463,89336,81003,76775,71393,66387,61619,57586,53262,49742,46301,44450,41290,39545,36598,36771,33233,34061,31819,31654,30912,31066,30057,29910,28824,29617,30373,30166,31265,32953,33161,34719,33800,34696,35784,38099,39173,43027,43927,45553,46272,49545,50874,52045,53668,57674,57045,59218,58765,61073,62193,63818,62460,65772,65138,65212,63668,61999,58385,56150,53593,51596,50025,47436,46804,39860,36875,30692,31830,29378,27594,27666,23313,23390,20583,19774,20037
B12,102,106,101,91,98,101,118,129,134,147,156,167,167,197,198,181,225,215,262,267,251,273,254,303,293,315,299,267,291,269,284,277,263,251,294,297,280,273,239,202,245,252,234,275,308,317,323,389,485,558,558,685,843,1073,1243,1594,1857,2181,2526,3230,3635,4178,4951,5710,6121,6712,7237,7568,8360,8541,8640,8728,8455,9148,8728,8311,8127,7735,7158,6997,6871,6360,6188,5528,5692,4959,4407,4552,3982,3695,3534,3141,2937,3007,2805,2737,2625,2324,2417,2234,2164,2059,2091,2111,1953,2320,2209,1867,2136,2151,2414,2353,2082,2061,2433,2205,2451,2621,2775,2583,2995,2797,3274,3055,3586,3615,3996,4305,3802,4654,4811,5033,4769,3946,4658,5087,4849,4674,4612,5268,5684,4903,5397,4863,5266,5006,5045,4840,5283,4678,4930,5361,4939,4973,4884,5636,4823,5322,5587,6025,5522
C1,84,82,95,99,119,107,121,95,110,109,153,155,117,183,162,174,199,229,221,218,229,225,232,253,238,244,235,259,236,220,244,229,211,201,197,224,201,173,182,177,173,181,167,195,176,165,163,187,182,183,174,204,185,240,242,241,257,333,314,329,490,436,500,566,647,658,624,689,724,754,846,822,745,740,831,862,765,879,763,677,666,715,709,596,692,631,680,692,591,609,647,555,637,468,622,582,590,513,565,573,498,505,680,650,590,613,666,659,652,762,793,680,764,694,701,856,914,789,941,903,1051,1152,1139,1008,1175,1388,1276,1330,1462,1373,1644,1594,1619,1698,1825,1813,1845,2035,2190,2119,2299,2351,2243,2432,2478,2826,3111,2904,3058,3314,3492,3679,3512,4048,4395,4227,4287,4762,4558,4943,5364
C2,887,923,874,1010,973,1135,1178,1270,1269,1347,1526,1567,1575,1709,1750,1871,1995,2086,2265,2323,2320,2325,2387,2468,2587,2569,2680,2694,2805,2749,2921,2956,2877,2979,3119,3095,3274,3388,3406,3741,4011,4638,4968,5849,6662,8005,9189,11026,13526,16405,20425,25837,31823,39709,49276,62072,73674,90786,110726,132151,158012,182227,213971,239470,266317,298224,322300,348232,365393,381988,390239,403535,403952,402997,398661,383276,374764,356667,343763,319590,305258,290047,272476,254545,236568,220681,199861,185924,172486,156846,146497,136290,124791,115525,107446,102308,92544,87602,82693,78851,76008,72153,70603,68316,67472,65809,66664,64811,63143,64297,65627,66546,65738,65846,66838,67533,71253,72639,75091,78255,80448,86602,89904,90275,96409,102028,104870,108780,110296,113440,118259,121876,124181,122697,129140,129751,129611,132039,128835,129636,129699,120975,118802,116205,112530,99961,102656,92144,86286,79329,72621,64852,59598,60374,57507,50592,46090,42299,44254,38312,35815
C3,527,591,586,604,656,685,785,744,912,865,945,1040,1110,1086,1231,1209,1194,1370,1464,1381,1484,1543,1603,1687,1639,1674,1635,1759,1714,1738,1929,1966,1966,1908,1937,2057,2097,2283,2277,2474,2577,2814,3262,3657,4162,4908,5980,6999,8698,10391,12656,15956,19849,24485,30550,37304,45230,55753,68434,81471,97036,113779,130887,148419,164663,183576,199175,213985,226124,235192,238928,248655,248278,247779,245786,236688,229505,218771,210751,196238,187423,177680,165775,155342,144731,135815,123563,112152,103917,96707,91369,83895,75843,70174,65570,60840,58266,53611,50194,49203,46908,44686,43514,41249,41520,39193,39390,38557,40970,38456,37438,38843,40260,40463,41988,43260,43871,46988,46763,49612,52099,52679,55514,58305,60491,62230,62660,65380,68912,71787,71878,73100,77974,79060,77465,81799,81066,82985,78224,77988,79122,74090,76188,67719,69005,63626,61123,55885,54404,49508,47763,43830,39842,36086,34675,34710,27735,28012,24553,24563,24770
C4,455,405,423,446,520,546,555,605,619,676,708,780,842,802,823,945,908,998,1050,1078,1152,1199,1215,1165,1325,1257,1256,1347,1376,1357,1379,1382,1453,1528,1522,1457,1496,1651,1692,1745,1823,2069,2182,2416,3015,3433,4120,4794,5856,7414,9119,10964,13799,17728,21506,27156,32659,39385,48213,57462,69397,80174,92969,105452,116441,129852,141208,151043,161247,167611,171391,175387,175317,175926,173584,167807,162578,156600,148842,140752,132704,126880,119581,109341,102148,95386,87748,81044,73748,69256,63343,59348,54601,51509,47071,43929,40963,38770,36598,34642,33610,30827,30852,30788,28987,29329,28287,28545,27504,27822,27995,28953,28534,30238,30460,30609,29945,31774,31972,34964,36546,38310,38860,38761,41018,41702,45098,47460,46795,50198,51473,50747,53295,55521,56862,58781,57400,58513,57702,54616,54664,53670,52217,46423,47862,45217,42458,38283,38555,38690,33486,29746,26671,27296,24785,22798,20365,23951,21613,19001,19091
C5,281,271,296,283,326,311,361,359,390,429,436,425,501,518,526,558,641,618,593,662,668,693,759,757,713,751,814,808,764,851,764,892,844,914,901,857,808,890,886,997,1047,1097,1136,1378,1577,1956,2050,2535,3011,3653,4596,5739,7114,8896,10983,13624,16373,20358,24176,29054,34285,39953,47018,52673,59567,65304,69849,76384,80683,84131,86104,88264,88976,89244,87558,84074,82299,78993,74615,70742,66643,62811,59866,55739,50948,48380,43660,40785,37444,34407,31973,30462,26931,25616,23694,22649,20213,19063,18598,18257,17115,16500,15825,15523,15372,14606,14492,14500,14037,14123,14165,14430,13675,14584,14725,15176,16354,15493,17301,18360,18260,19553,19843,20582,21235,23336,23338,24605,24969,26968,27460,25877,28398,28311,27615,29617,30887,28542,30206,28034,28290,29018,28176,28443,26177,24546,22616,21562,21317,22123,19413,19025,18439,14226,14651,13833,12862,12466,11615,11432,11675
C6,406,385,388,414,398,357,414,432,442,408,428,418,422,474,505,521,525,536,561,534,588,495,542,617,591,594,620,581,595,629,556,541,535,624,535,558,551,534,560,610,560,642,591,637,716,796,833,924,1031,1267,1490,1710,2007,2545,3084,3742,4555,5398,6564,7525,9017,10700,12196,13633,15283,16604,18553,19872,21146,22091,22397,23130,22049,23413,22656,21493,20996,20763,19633,18319,17476,16492,15075,14502,13762,12390,11618,10267,9784,9058,8293,7982,7028,6779,6370,5902,5725,5511,4923,4830,4510,4536,4678,4561,4426,4261,4069,4378,4483,4267,4211,4155,4030,4617,4290,4495,4590,4894,5115,5568,5754,5951,6235,6198,6151,6810,7455,6825,7202,7476,7737,7968,8489,8259,9701,9671,8592,9569,8762,9143,9579,7725,9042,8842,9836,8478,8323,8625,8063,7309,7498,7147,7683,6940,6105,6660,6699,6303,7057,6797,7258
C7,97,92,102,93,86,99,102,107,115,109,141,133,155,148,152,199,181,202,199,203,267,231,254,241,257,258,274,255,242,243,218,217,227,242,218,188,230,198,184,177,186,158,148,151,162,171,154,166,155,173,190,175,218,210,239,255,290,329,397,344,466,562,587,638,720,782,715,786,852,850,940,802,1036,948,875,924,875,832,818,851,788,821,770,820,728,683,642,621,680,617,552,528,536,582,583,541,569,535,621,503,596,569,666,609,576,671,590,832,620,728,722,717,707,852,763,792,869,858,1013,1079,1025,1042,1253,1127,1113,1227,1276,1365,1426,1411,1644,1510,1707,1744,2161,1763,1845,2200,2018,2180,2235,2418,2313,2432,2788,2907,2774,3080,3615,3216,3595,3574,3402,3932,3663,4611,4555,5042,4705,5098,5207
C8,2255,2238,2347,2564,2481,2704,2875,3019,3259,3547,3719,3930,4295,4437,4876,5021,5499,5643,5989,6336,6624,6610,7280,7180,7417,7825,7759,7864,8179,8256,8352,8677,8486,8504,8761,8707,8901,8876,9575,10219,10469,11654,12203,14177,16482,19055,22853,26584,32238,38796,48767,59096,74816,92513,114963,143422,170904,209443,255152,303712,359809,417095,484414,543336,600436,665800,714815,765896,807889,839793,857441,874320,873534,869045,854950,826737,802400,765039,730796,685457,653344,619968,581754,544527,510928,478793,437379,408940,380077,352128,325122,307910,283071,264733,248947,236894,220093,207895,200267,191701,180582,173730,169197,167488,163650,161632,159710,160600,161207,161937,160235,163607,164651,166191,172550,177684,182033,188740,195281,205169,212627,221796,229884,241851,253648,265350,271192,281330,294258,300956,314931,315174,322835,336064,331855,333795,337969,336890,333819,335989,327792,318459,307694,297033,274858,264195,244490,229612,217245,203488,182527,169119,155197,139833,136137,125648,110134,104906,98948,87129,77782
C9,1456,1480,1573,1680,1758,1876,1977,2119,2272,2343,2531,2709,3016,2992,3287,3467,3757,3888,4304,4274,4447,4718,4768,5001,5110,5238,5199,5439,5504,5609,5616,5754,5912,5876,5888,5965,5831,6078,6392,6597,7095,7649,8611,9654,10935,12984,15324,18114,21614,26775,32840,40389,50769,63585,79515,97480,116706,144605,176683,207540,249082,287929,329649,373352,415641,457375,492442,526613,552671,573718,582730,595029,592170,589503,580169,559864,543110,513598,492375,461796,439697,415782,391430,366521,344164,323676,291718,275310,254723,236403,218495,203004,189459,176342,165678,156929,144399,139128,131882,129797,122126,116801,112445,111799,109681,108446,106660,109018,106346,107614,109090,108477,110983,114414,116188,119911,123947,127906,134619,138401,145788,148852,159310,166849,170129,175394,180996,190960,191200,204261,211063,214184,223158,220525,223414,228726,234291,234877,228676,231662,226127,214948,208517,196966,194933,175457,168823,157093,145046,137316,122849,108156,100099,98311,88641,78642,70475,70171,62485,63956,55852
C10,1130,1099,1130,1138,1240,1285,1363,1441,1465,1593,1693,1746,1900,1965,2091,2227,2417,2475,2536,2730,2679,2813,3009,2982,3223,3155,3285,3277,3402,3397,3423,3624,3550,3448,3603,3474,3741,3683,3827,3860,4080,4454,4965,5629,6606,7312,8755,10301,12710,15032,18587,22804,28510,35736,44216,54585,66125,80973,98982,117361,139592,163135,187071,210764,234246,259431,280385,300324,315394,326150,333267,338899,341528,338114,332584,322454,314152,298136,282786,268385,254938,241014,227106,213112,196724,188582,168583,160390,146638,138487,126471,117417,110485,102321,95298,91402,83508,80891,76866,73647,70988,68400,64187,63931,62582,62686,63548,62520,61936,64263,62262,64285,62931,66064,65951,66827,70474,71665,72075,78029,81157,83612,87199,89979,93658,100672,104165,111265,110150,117636,116776,122421,123875,125221,125202,128491,132247,131599,129815,128789,129507,126954,110742,109647,107651,106179,94080,89240,81467,81181,72210,65272,61354,56558,49937,50080,47430,41878,40285,39084,33921
C11,554,506,620,519,581,671,663,692,782,734,814,857,978,1009,1005,1156,1185,1315,1404,1358,1501,1557,1623,1558,1549,1731,1664,1673,1786,1796,1802,1822,1762,1796,1812,1860,1917,1915,1899,2001,2102,2356,2431,2861,2970,3656,4254,5014,6029,7680,9249,11106,14004,17968,21416,27166,32854,39936,48965,58634,68626,79248,91684,102267,114155,127966,136893,147014,154909,160350,161103,165943,167888,164994,161116,155616,152627,144162,136906,131132,123156,116199,110353,101838,96319,90924,82317,75950,70406,65628,61990,56682,53123,48740,46469,44246,41543,39370,37919,36303,34230,33051,31649,31100,30645,30803,30072,31103,29884,31632,29950,30993,31723,31348,32378,33328,34045,35600,38197,38400,39593,39626,43045,44871,45561,49578,50941,52920,56300,57712,58127,61735,58677,61027,67043,64926,65306,65662,63236,59762,59964,60387,59086,57329,54600,49012,49688,43388,42726,40834,36362,33319,29635,31575,30402,25744,25323,22970,21025,21319,17355
C12,316,325,313,386,368,398,439,446,463,565,572,632,642,703,728,792,832,851,1018,1020,1007,1030,1110,1192,1243,1210,1242,1318,1308,1251,1316,1331,1246,1245,1284,1363,1369,1307,1461,1487,1555,1586,1840,1988,2159,2655,2979,3447,4416,5419,6371,7941,10143,12564,16002,18896,23437,28355,35028,41693,48376,57930,66371,74313,82877,91474,97557,105582,109682,114541,116987,120154,121406,119984,116913,113038,110594,102960,98693,93524,88538,83916,80148,73947,68644,65498,59219,54669,51801,47603,45042,41343,38355,34524,33659,31809,29839,28011,27113,26327,24481,23802,22881,23494,22242,22369,21677,21907,21178,21997,23203,21159,22307,22134,22974,24081,24910,24306,26929,27766,29636,30577,31714,34343,33816,35473,38751,38570,39629,40509,42654,43785,43581,46161,45096,47296,45646,46250,46461,44686,46234,43796,40792,38170,36865,34801,34050,33883,33273,29529,25987,27013,23817,22438,21733,20749,20231,17368,16026,14521,12937
D1,139,128,124,119,136,131,150,134,142,181,153,151,189,176,200,222,230,244,230,260,251,283,263,263,263,260,284,274,291,263,240,277,247,217,243,221,230,217,204,212,211,213,188,211,190,200,189,214,197,180,225,213,231,206,277,223,268,303,302,375,328,396,376,351,466,464,498,555,573,594,599,568,646,618,509,627,570,537,527,522,570,476,566,546,519,497,542,519,494,484,560,501,536,458,474,500,464,567,542,538,486,543,562,568,618,613,605,659,668,660,740,699,745,753,742,856,847,858,893,953,972,932,996,1186,1051,1162,1175,1120,1389,1297,1523,1426,1531,1514,1969,1813,1634,1815,2075,1877,2235,2284,2173,2358,2556,2826,2943,2904,2780,2924,3184,3258,3622,3701,3785,4227,4019,4202,4705,4943,5049
D2,838,884,831,971,1055,1055,1143,1208,1234,1381,1480,1557,1663,1721,1849,1902,1917,2040,2190,2210,2283,2344,2494,2531,2563,2740,2756,2755,2714,2753,2843,2976,3006,2970,3175,3206,3185,3461,3625,3744,4070,4541,5040,5733,6435,8065,9739,11388,13793,16817,20840,25924,32583,41360,50606,63259,75741,93415,113433,135633,160522,188942,218393,246522,275984,306646,331174,357201,376787,394934,405158,413436,416910,414892,407602,397041,386805,370905,354204,332199,312987,296698,277778,262042,240394,226435,207675,190909,177187,164086,150074,139959,129788,119878,111713,103094,95496,90646,86284,81857,76519,76208,70995,69751,68905,68712,65968,66741,66045,67210,64499,67557,67667,68085,69107,70615,71989,73984,78156,81089,84415,86602,93263,95643,96872,101641,104434,113540,115122,114966,125154,123050,127681,132150,134519,131262,136094,137044,135753,129758,134680,126080,124059,121731,110052,106986,99797,95312,86008,81181,76729,67900,67172,55864,56530,53666,47028,43979,43078,39239,35972
D3,566,620,640,667,784,749,837,833,931,966,1046,1088,1141,1168,1318,1369,1419,1403,1434,1535,1682,1690,1716,1774,1908,1951,1883,1907,1973,2053,1961,2159,2092,2145,2208,2170,2413,2444,2364,2729,2796,3092,3417,3863,4525,5327,6272,7593,9189,11281,13927,17285,21234,26631,32842,40489,49270,60730,73697,87951,104358,122038,140590,160802,179062,197865,215222,230804,243289,254129,260291,267432,268109,268934,264117,256490,250294,238030,224765,214446,204553,193484,181451,168828,158421,146616,134020,123260,113547,105373,97481,89363,82760,77354,71753,67589,63031,57463,55433,53062,49825,48148,47395,43618,43698,43775,41932,41978,43840,43096,42406,42887,43335,45001,45617,46599,48795,48843,49562,52421,55804,59782,59158,64177,64015,64522,68268,71960,74213,75373,80336,81614,82569,81401,84284,87289,83860,88595,85429,81500,82571,80404,76538,74866,72490,69602,64906,60197,56350,53503,49304,43935,42147,42794,39681,35735,31084,31374,30581,26571,23351
D4,424,390,440,455,411,505,505,550,570,633,685,678,709,774,844,823,895,923,966,999,1051,1105,1020,1105,1114,1094,1174,1193,1242,1221,1265,1311,1271,1220,1265,1410,1416,1441,1403,1530,1666,1775,2031,2345,2668,2946,3444,4104,5207,6305,7813,9709,12110,15071,18352,22968,27633,34027,41320,49713,59214,68448,79030,89082,99536,111291,120533,128914,136651,142805,146713,149785,151649,151118,149052,144830,141173,133176,128900,119866,113999,106894,101466,94068,86722,81496,74740,69095,64530,59230,53999,51876,47000,42334,40701,37118,34352,33009,31675,30747,27702,28073,26527,25172,24097,24952,24097,24230,23787,24012,24912,24523,25764,24690,25613,25986,27026,26138,29293,29973,30082,31865,33593,35618,36134,38377,38751,40040,42005,44056,44738,44414,46382,50061,48698,49966,49125,48064,50900,50559,47575,48699,46119,44581,41047,40937,36068,35819,34107,34110,31739,24806,26781,23595,22954,21646,16748,18208,17349,17302,16093
D5,256,269,286,255,284,327,289,325,391,408,410,423,499,500,498,537,582,651,643,694,697,716,727,817,812,773,807,929,885,896,855,934,949,1021,1022,982,1107,1073,1053,1156,1233,1370,1437,1601,1835,2067,2321,2811,3257,4012,4827,5781,7104,8649,10616,13068,16293,19278,23522,28060,32543,38669,44679,50473,55999,62065,67094,71907,75750,79919,80997,83748,83858,82604,81509,79740,77781,74798,71163,66063,63422,59357,55899,52831,48152,45321,41063,38616,35794,32839,29948,27983,25795,24031,22133,21219,19991,19260,17943,16689,16398,15691,14779,14359,14529,14825,14144,13778,13043,13699,14094,13585,13847,14089,14539,15155,14416,15261,15757,17156,18312,17715,18305,18595,20462,20851,22264,21980,23799,24221,23371,26548,24941,26751,27518,28559,26934,27662,26401,27187,27460,26062,28176,25275,23544,21882,22028,21474,20668,20076,19619,17868,16683,14573,13186,13833,12996,11485,12938,10659,10886
D6,148,168,154,159,184,172,160,199,249,230,260,275,269,312,325,320,344,391,396,376,398,416,466,467,449,470,523,518,488,482,497,470,430,448,445,497,506,510,500,526,619,605,725,714,836,904,1083,1242,1453,1710,2266,2771,3372,4132,5102,6389,7998,9454,11415,13846,16394,19225,22031,25078,28638,30951,33176,35858,37586,39501,40959,42531,41822,41544,41151,39856,39109,36440,34591,33308,31244,29960,28154,26706,23489,23459,20829,18781,17788,15873,14974,14139,13059,11944,10844,10416,9953,9668,8492,8514,7840,7441,7148,7322,7517,7150,6883,7109,7173,7332,7082,6949,6532,6896,7837,8048,7509,8813,7601,9305,8276,9324,9110,10706,10571,11394,11787,12740,11772,13465,14351,12750,13477,13399,14456,16370,15075,15618,13489,13684,14752,14643,13668,12969,13476,12354,11939,10737,11678,11207,9655,9565,10537,9947,9768,8453,9245,9104,7204,7415,7100
D7,120,109,110,125,111,123,125,108,139,147,139,163,176,159,178,193,196,218,184,246,257,256,265,279,255,258,276,265,263,230,231,249,234,201,222,205,175,190,212,200,162,168,175,206,162,188,195,190,191,192,184,200,241,277,301,294,286,381,476,507,561,610,686,743,845,875,927,990,999,1048,1118,1000,1093,1193,1072,1030,973,1038,896,814,909,834,845,799,800,713,833,645,728,617,629,689,619,659,583,572,696,567,644,725,632,657,732,555,745,657,681,738,734,779,758,882,764,832,804,899,847,974,1013,1079,1103,1179,1196,1186,1422,1420,1310,1505,1535,1716,1604,1594,1838,1973,1633,1763,1687,2310,2018,2119,2299,2418,2523,2653,2633,2988,2774,3080,3337,3508,3390,3469,3512,3701,3907,4355,4287,4342,4558,4943,5049
D8,2264,2241,2245,2416,2488,2629,2843,3044,3166,3422,3504,3969,4217,4529,4790,4986,5330,5689,6025,6178,6515,6712,6917,7235,7353,7571,7654,7904,7954,8233,8236,8293,8149,8476,8511,8573,8592,8995,9411,9574,10208,10991,12401,14278,15956,19032,22236,26075,31846,38718,47503,59232,73080,92256,112187,139812,167953,206825,250649,299078,354463,411539,474855,533703,592356,654970,705579,753790,791936,822224,839736,853291,862127,852133,837122,808531,789467,748241,717467,671332,642349,606440,574591,535125,500560,473106,428977,400198,372583,346681,320226,298156,280264,260513,242290,230502,212523,202254,194068,187888,178564,171772,166949,164064,160755,160231,158348,157634,157718,158313,158949,161805,162798,167637,169436,173981,180094,184843,189996,200303,208449,220233,228916,235386,246724,256248,270353,275625,284606,296455,305229,312825,327911,325051,330558,328607,329747,333701,333128,327633,318213,313018,300966,281485,279427,245624,244490,227411,208718,198031,186739,157872,146197,137404,131741,118219,106249,99864,97330,84348,74469
D9,1911,1929,2118,2154,2170,2277,2376,2633,2776,2869,3024,3272,3469,3689,3829,4168,4343,4550,4726,5028,5268,5417,5544,5721,5908,5897,6134,6216,6434,6520,6275,6631,6702,6694,6785,6673,6874,7112,7241,7578,7980,8538,9688,10728,12144,13953,16873,20129,24046,29408,36333,44844,55519,70078,86573,106873,128415,158297,191157,227658,270451,315833,361144,408520,452458,500865,539182,574443,607375,626484,641063,655570,657275,651101,642435,618005,599192,576306,545310,512324,488199,464167,435627,408262,383468,360171,325815,307330,283095,261902,243538,226870,211578,196621,185579,174697,164812,154361,147804,140100,136215,130673,125565,124588,122748,122278,121242,119454,120106,120077,117987,121841,121659,125906,130562,131577,134931,141311,146225,150616,157874,167417,168192,180046,188706,192242,204032,210700,215219,218413,229423,236705,236679,243146,252757,256429,254531,252805,251503,249040,247967,242555,226811,217230,207325,192817,181434,169238,165343,153980,138154,126235,114367,107679,94624,93628,84945,85018,71895,65810,59323
D10,1030,987,1052,1027,1216,1156,1302,1420,1382,1579,1682,1756,1902,2022,2091,2295,2399,2600,2746,2854,2927,2983,3222,3273,3271,3478,3442,3465,3474,3545,3637,3639,3656,3703,3782,3750,3724,3785,4073,4300,4482,4667,5212,5788,6665,7620,9043,10604,13062,15438,19728,24275,29819,37523,46140,57214,69431,84733,102555,122696,145293,169936,196787,220207,244581,270039,291037,310694,327091,338333,346524,351499,352107,351181,343455,332540,324483,307117,291368,275979,261668,247976,235114,217400,205298,191544,173693,164085,152562,140339,128058,122241,111834,106493,100563,92107,86428,83815,78481,76103,72192,71256,67977,66178,66432,63882,63972,63509,62768,64111,64940,66969,65967,68680,69292,71686,73214,75143,78904,78807,86832,89042,91384,96147,101045,103739,107322,110565,118230,120573,122669,126699,130307,134260,130773,134183,139415,134569,139211,132119,131040,128431,128545,120773,111678,106017,95257,95400,89252,80206,71593,66744,61464,57252,55676,48927,45420,42439,42490,39393,31239
D11,658,660,741,716,743,742,828,865,917,973,1036,976,1109,1192,1183,1317,1386,1490,1425,1565,1623,1678,1802,1847,1730,1829,1800,1909,1896,1945,1920,1895,2034,1926,1988,1944,2037,2068,2011,2201,2267,2566,2601,2894,3351,3873,4749,5537,6399,7897,9601,11597,14910,18530,23461,28350,34418,41389,51313,60866,72550,83830,96999,108032,121497,134253,144537,154540,163150,167867,171070,176412,175832,173290,170402,164761,161456,152948,144088,137346,130296,123082,116174,107954,100894,96960,87893,82074,76427,71842,64507,61210,58424,53151,52079,47718,45676,43026,41600,40291,38290,36853,35073,34794,34396,34320,34989,34179,34840,33563,32681,34082,34130,35945,35925,36667,38412,38314,41141,43266,43823,45879,48283,51988,51867,55872,55004,55580,60175,60878,65704,64419,62134,65754,68628,69963,69154,70942,69173,67331,68905,64753,61679,59171,56691,58217,51370,49108,47082,43563,39546,35421,36879,31922,28692,27538,28538,22690,24847,22864,19248
D12,512,494,533,516,554,520,594,587,589,655,646,682,706,753,805,843,879,859,918,980,1051,1016,1073,1074,1086,1129,1102,1074,1115,1189,1244,1181,1188,1108,1163,1219,1174,1168,1267,1300,1315,1409,1642,1782,1860,2259,2655,3123,3648,4486,5309,6399,8334,10212,12132,15169,18538,22366,26797,31932,38300,44067,51353,57542,64596,71035,75050,81255,85256,88653,90498,92035,91214,91709,89691,86230,83554,80197,75705,71631,68327,64923,60091,57308,53549,50132,45615,42232,39112,36300,33689,32037,29545,27735,25788,24712,23017,21442,21105,20923,19048,18913,18111,17620,17226,17393,17063,17576,16336,17323,17565,17372,17571,17576,18767,18836,19607,20386,20969,22222,23304,24790,24825,26306,27139,28501,28912,30450,30855,33757,31710,33258,33124,35194,36499,37575,36316,35746,34875,36511,34931,33518,34624,31538,31985,27776,26400,24466,27804,24851,22700,22703,18549,17812,19291,17035,14872,13726,14849,13749,11833
E1,73,97,82,76,81,98,94,99,98,136,119,150,148,171,145,170,183,209,227,207,200,219,207,263,261,252,231,226,255,218,199,235,223,251,227,221,225,198,189,169,201,155,172,154,190,163,183,163,155,195,181,181,202,217,208,237,253,307,310,317,415,432,479,486,556,588,620,601,724,758,732,716,729,687,798,812,656,696,733,652,704,655,634,624,533,572,626,550,526,509,552,528,628,554,612,551,517,589,519,526,559,594,614,541,548,700,560,596,652,660,687,625,802,753,701,878,780,905,820,978,946,932,968,1157,1298,1130,1377,1400,1316,1373,1523,1468,1663,1514,1681,1763,1792,1980,2018,2483,2107,2284,2383,2358,2788,2745,2943,2904,3058,3216,3184,3363,3402,3701,4151,4099,4421,4762,4852,5252,5207
E2,504,633,741,861,957,1123,1211,1396,1555,1689,1987,2140,2258,2418,2706,2946,2955,3286,3539,3634,3767,4122,4257,4279,4722,4446,4824,4881,5054,5290,5450,5559,5642,5682,6141,5969,6306,6783,7010,7530,8191,9082,10013,11645,13998,16101,19787,23425,28562,36134,44229,54751,68617,86348,106549,132144,159850,197726,242270,286582,342740,402036,463821,527668,588793,653738,709799,764961,813201,849261,874548,902850,904589,909785,897933,874724,854114,818791,788309,746077,709395,675506,640972,597947,565579,531604,481917,454827,422094,391348,360871,341978,316846,292784,275801,257868,240116,226544,216630,202882,196652,188423,182434,177083,172755,170154,167092,167787,165087,164511,163987,167081,168681,171125,171437,173446,180941,183800,190431,197369,208186,214941,222767,233073,243108,254311,265584,275905,280073,297027,302543,312741,317672,323767,335361,336415,337337,342610,336298,332417,327409,321011,304680,293275,287017,274773,258194,245013,221786,211285,196908,173533,156953,147350,142730,130899,115628,109949,101888,97788,86302
E3,418,473,495,608,679,794,914,995,1102,1303,1514,1530,1813,1947,2052,2272,2312,2453,2647,2677,2912,3096,3169,3170,3369,3531,3580,3720,3595,3882,3888,4267,4239,4343,4458,4875,4779,5037,5021,5643,5937,6747,7815,8567,10046,12194,14669,16922,20741,26260,32466,40308,51172,63088,76857,97731,118639,146532,178426,212980,253496,296604,344093,391301,434587,484045,527056,565700,601368,628918,647491,666328,669259,674642,662472,644000,631683,605902,581572,546725,522171,498785,470549,439361,415618,391595,356620,332196,309275,286458,265029,249099,231130,217358,201737,189983,177275,165109,158520,150591,141186,138254,134934,129216,126204,123665,123904,120301,120922,120432,120172,120940,121602,121547,129717,128495,133706,136302,141689,145023,153066,158477,163837,177259,180948,188724,196577,199885,210978,212767,224973,227688,231209,238833,241231,248873,246888,245216,253521,250675,244583,231606,228423,214651,211662,194916,190934,172583,167660,152031,142160,128127,121282,110455,106956,89913,90975,78435,74836,68745,64529
E4,296,320,350,391,493,520,566,653,774,850,931,1039,1189,1269,1349,1397,1571,1658,1756,1832,1965,2090,2143,2153,2221,2467,2418,2448,2537,2514,2708,2656,2806,2787,2929,2858,3142,3063,3369,3594,3709,4202,4798,5730,6290,7605,9093,11103,13247,16204,20469,25255,31340,40091,49038,61338,74250,91152,111837,133869,160474,187973,217789,245420,273193,304070,332400,358450,380224,396262,408612,419059,424615,423817,419042,410683,395985,382027,365189,345677,328241,312111,296425,278442,261066,244251,224502,209871,195720,182128,167100,158188,146190,138716,125303,120321,110785,105606,97937,94511,90328,86833,81279,80171,77715,77555,76709,76047,76642,74949,74295,74671,77694,78132,80862,80312,82305,84977,86891,92376,93742,100148,104337,108603,115727,115003,121828,130095,127259,134343,140227,142887,144659,145043,150847,158511,157758,147878,155525,149678,152050,146769,140951,138532,131892,129917,119218,111153,103803,95702,93678,78200,75184,71131,63856,61479,58283,53644,49694,40938,39917
E5,247,249,333,267,353,370,398,430,519,532,628,639,737,757,867,905,926,982,1066,1108,1164,1255,1217,1210,1309,1353,1335,1389,1469,1467,1516,1516,1570,1558,1620,1702,1666,1673,1884,1917,2027,2151,2547,2839,3365,4098,4746,5641,6866,8374,10555,13004,16189,20296,25102,31139,37796,46587,57741,68917,80919,95184,110963,126843,139959,157339,169205,182970,194384,203310,209594,216329,215900,217060,213975,209584,203207,195294,188829,176073,168180,161473,151954,141085,132568,125073,112763,106185,99523,90367,85739,79671,74337,68971,65343,61054,57327,52476,50770,48642,45146,44282,42835,41195,39637,39792,40041,39577,36862,39049,38636,39100,38236,38818,40647,41397,43224,43347,45219,47630,49971,50211,54916,56111,56967,58680,62492,63420,65512,68278,70074,73603,74386,75665,80202,76359,79801,80455,81048,77927,79633,73754,71632,75603,67611,64676,61879,56765,52828,50190,49304,41097,41818,37242,34553,34838,28404,27312,23818,27344,22088
E6,223,228,221,245,240,234,268,323,283,325,316,369,406,439,429,445,495,527,526,502,583,554,597,560,615,681,647,658,703,646,679,726,688,633,681,706,709,727,774,769,856,997,1007,1186,1314,1403,1732,2003,2411,2832,3636,4504,5640,6944,8698,10804,13053,15777,19722,23673,28042,32507,37794,42879,48675,52632,57352,61846,66543,68837,71338,72863,73180,73243,72820,69755,68169,65676,63115,59663,57550,53679,50985,47913,44622,42233,38214,35620,33503,31454,28801,26471,25342,23382,21442,20658,18431,18038,16487,16187,15474,15401,14884,14372,14318,13395,13493,13480,13238,13835,13302,12629,14038,13871,14250,14834,14081,15469,15950,16529,16315,18675,18618,18091,20401,21690,20820,22365,21569,23878,24494,26170,25072,27761,28479,27753,26934,29147,28822,27853,27651,28346,25513,25348,25635,22366,23877,20506,20853,18906,17770,15871,14817,14689,14163,13064,12192,10925,11321,12513,10413
E7,136,141,124,125,131,126,128,125,138,139,144,158,179,190,178,208,226,198,266,248,242,250,238,241,271,238,245,240,263,248,251,251,279,235,260,261,244,310,281,281,268,224,193,178,157,174,169,178,176,170,171,165,188,200,204,227,246,251,325,244,300,315,339,372,401,376,384,426,393,420,480,467,495,463,514,526,489,496,466,466,435,496,443,427,468,431,397,448,421,409,457,447,471,411,435,460,453,480,508,491,523,480,510,474,506,496,650,596,554,593,634,643,649,753,701,706,824,835,893,828,893,987,1025,1008,1020,1130,1209,1225,1097,1335,1323,1300,1488,1422,1585,1612,1739,1925,1902,1998,2171,2149,2313,2505,2401,2342,2606,2728,2966,3216,3287,3469,3402,3932,3663,3842,4019,4342,4852,4943,4891
E8,896,907,980,1124,1353,1524,1700,1858,2104,2309,2630,2855,3209,3344,3732,3973,4209,4570,4782,5179,5340,5478,5691,5873,6231,6509,6657,6953,7116,6994,7172,7450,7415,7695,7832,7890,8453,8405,8923,9642,10061,11199,12759,14583,16876,20124,24338,29030,34727,42309,53512,66924,82707,103642,128352,159013,190489,236131,288868,342028,403993,471465,542462,608975,676860,750562,808482,864640,911929,950431,967402,992601,990410,987442,970868,939786,912729,870867,833037,778875,744097,705651,667668,621507,582497,544937,497254,464850,434872,400832,370052,345916,324447,301195,282873,265231,248752,235415,224670,214940,207920,199314,193476,190765,183686,184497,180872,183841,182842,182240,180460,186916,189307,192367,193936,195065,204625,211376,219024,230050,238532,249082,261029,271122,281776,297401,304201,315700,332278,338452,353615,359168,361560,373323,379592,388144,389624,386164,386161,373469,368215,360911,350309,331666,320939,295766,280306,253726,245327,214306,217348,191192,170563,164237,145050,136919,123935,110509,113209,101650,88669
E9,745,828,880,985,1122,1173,1382,1596,1639,1926,1995,2318,2431,2701,3011,3091,3277,3590,3818,3855,4074,4320,4329,4677,4712,4961,4974,5251,5359,5351,5463,5399,5674,5826,5830,5864,6186,6480,6616,7019,7714,8491,9586,10978,12692,14547,17615,21326,25884,31379,39395,48931,61172,76545,94728,116996,141041,174048,213296,254247,299117,349524,402091,453789,505403,559621,599420,644494,677198,704872,715400,733233,736978,730408,717469,694664,672956,642973,612766,575770,546639,520777,491697,457492,427485,396056,365129,340151,319261,295800,272684,253860,237512,223240,208769,196038,182536,172912,165058,158228,152284,146516,142369,138161,138695,136184,133555,134095,133361,134217,133808,136437,135697,140728,144524,144506,151308,159772,159231,169026,176790,182280,193558,200599,206541,215353,228210,233100,241139,247326,259369,260611,266215,272192,275905,276022,286157,280082,278999,278043,273511,265796,250501,247073,232804,221320,210188,193705,178133,162557,150274,140950,127977,121905,111962,98367,95396,87539,78070,70599,70209
E10,385,437,476,516,598,630,713,823,992,1079,1036,1254,1372,1522,1501,1680,1770,1978,2077,2058,2272,2259,2397,2561,2671,2608,2816,2899,2909,2880,3007,3180,3051,3169,3270,3128,3271,3510,3556,3832,4101,4475,4911,5785,6726,8065,9329,11261,13947,16513,20970,26383,32679,41499,50388,62468,75741,92564,111856,135412,160494,187193,214768,241252,270635,297270,320233,343602,363452,377857,382831,391701,391488,386005,383218,370032,356260,340672,324748,307180,289358,275117,257843,241760,226395,211120,193437,182741,168706,155870,143118,134214,125586,117778,108572,103145,98691,91082,86792,83693,80336,77446,74667,72863,73177,70522,70189,69315,69957,69750,71670,70719,73492,73455,75149,80355,80099,81429,85419,89492,91167,99874,102117,104273,110689,116230,119813,124285,128831,128965,139506,138693,144134,144768,149263,145315,146373,152882,148780,150587,141130,140388,136395,129984,122598,114415,110475,102177,95554,87710,82790,73260,69147,66042,60926,56740,51718,47901,39844,43101,36446
E11,201,248,249,306,348,328,400,450,483,486,599,649,720,778,846,932,937,1020,1076,1116,1164,1258,1201,1319,1359,1432,1380,1387,1476,1379,1497,1693,1543,1608,1546,1674,1685,1685,1839,1834,2056,2348,2456,2891,3174,3924,4661,5412,6760,7904,10507,12561,15356,19663,24212,30621,37022,44421,54822,65257,77939,90109,104061,117581,131138,143399,154827,166174,174062,182591,186257,189327,189181,189132,187010,178145,173105,164335,157653,145872,140196,132810,124747,118267,109058,101510,92300,86138,79817,74519,68757,65031,58923,56636,52385,49719,45033,43997,41137,40981,38679,38066,36471,36161,34860,35005,35261,33567,34481,34799,33544,35644,35409,36856,36812,38401,38479,40703,42975,44219,44743,48045,50760,51158,54031,57486,57287,60340,61966,67629,65985,68948,67429,69654,73335,74244,68996,75891,72286,72175,71587,70463,67076,63592,60950,54099,55910,48316,46341,46097,41189,36893,35781,32500,29059,27281,27199,24231,24847,21628,20668
E12,157,159,170,171,205,212,244,264,301,300,342,381,410,432,431,483,516,598,581,666,627,627,714,728,738,742,750,750,824,821,735,801,785,761,837,786,829,810,856,921,988,1033,1198,1236,1541,1683,2227,2392,3090,3386,4643,5325,6651,8673,10360,13589,16380,19692,23673,28961,33792,39695,44976,50963,56914,62998,67732,72041,76882,79378,80992,82910,82712,82577,81952,77511,76210,70987,68335,64895,61488,57510,54529,51619,48758,44111,40925,38128,34895,33181,30448,28099,25703,24709,22943,22097,21436,19031,18463,18561,16702,16273,16439,15834,15273,15102,15414,15473,15260,15359,14676,15276,15164,16447,16746,16910,17602,18090,18218,18285,19705,20677,21266,23192,24110,24434,24950,24675,26724,28532,30226,29735,32030,31890,33137,32639,32416,31621,31935,31304,32249,30899,29928,29549,27106,25838,24298,23234,22151,21050,19105,18289,17012,16424,15506,14473,13264,13026,13085,9887,10571
F1,108,104,107,110,91,95,110,108,118,136,133,138,160,180,157,184,228,207,210,216,282,219,238,251,226,254,231,251,261,250,268,197,225,231,174,205,220,200,207,190,178,171,204,181,145,171,242,175,115,130,190,152,145,186,204,266,286,263,299,302,395,420,479,486,466,499,421,555,563,642,683,599,557,634,591,728,650,572,660,572,608,529,470,511,670,512,443,464,494,509,448,501,554,554,474,429,538,546,395,515,535,632,575,623,604,686,620,659,636,677,529,754,802,614,887,813,758,905,820,853,736,1207,1281,1097,1329,1097,1108,1575,1060,1411,1203,1887,1882,1468,1345,1914,2266,2255,1614,2059,2171,2149,2383,2653,3175,3311,2018,3080,3429,3021,3801,3574,4390,2891,3663,4867,4555,3642,4411,4789,5207
F2,542,576,690,815,990,1023,1195,1392,1570,1805,1970,2237,2448,2526,2902,3097,3266,3431,3790,3966,4152,4289,4544,4779,4672,5097,5028,5337,5436,5646,5902,5865,6041,6198,6444,6330,6864,7166,7654,8206,8808,9608,10827,12466,14583,17472,21415,25312,30982,38610,47614,58983,73755,92645,113929,143525,172143,212759,259894,309925,368866,433694,501375,566492,634267,701805,764111,823102,875104,918031,939646,966045,981554,979215,968566,942318,923400,889104,849201,800551,761925,728053,690663,644907,607701,571595,524668,489457,454027,421993,389810,365022,341025,315325,295455,280109,260466,244134,232540,221770,210910,204115,194025,189547,187115,183914,179072,178317,180706,177279,175791,178037,180503,184025,185109,188279,191947,201194,201506,213697,227261,228378,244403,254188,263601,277196,285128,294735,312902,316633,324271,334088,341870,349462,352025,360239,366116,358228,361777,366324,354932,345260,333838,321866,302042,295847,274085,255750,242083,227170,212110,188984,171441,160536,146026,138712,127418,120173,117179,95316,90404
F3,335,385,434,497,523,657,692,812,843,1066,1116,1163,1399,1471,1579,1703,1828,1983,2082,2028,2144,2276,2467,2359,2621,2683,2777,2795,2971,3018,3109,3142,3197,3215,3344,3543,3588,3849,3961,4341,4655,5201,5776,6744,7702,9297,11428,13041,16261,20386,24637,30984,38623,48635,60637,75628,90778,112656,136396,164756,195159,228718,264299,298938,334791,375016,405709,436920,463458,484857,497126,510637,517053,515760,513206,498706,485306,467363,446944,424001,399687,381177,361136,338441,320970,297657,273295,257118,240472,221481,205771,194627,180685,165897,154844,146462,135141,129045,122949,115937,109485,108071,103311,100688,99381,98903,96222,91458,93467,92407,94679,94708,95475,95430,98638,99983,101711,106662,111213,112517,117492,123814,129532,133515,143176,146118,152520,157605,164256,168024,174342,181304,182202,180467,189844,190344,190174,192092,188555,191155,190366,188751,177187,175891,161011,158824,150999,138084,128642,118117,116583,107210,93953,87786,86688,76337,68331,61207,58075,57622,52854
F4,239,278,312,381,404,463,550,632,674,757,777,931,1014,1060,1201,1195,1308,1420,1499,1503,1783,1732,1755,1877,1858,1829,2008,1980,2172,2188,2129,2359,2286,2429,2408,2481,2651,2566,2740,3180,3211,3610,4068,4605,5395,6548,7719,9341,11482,14190,17033,21177,26821,33882,41564,51849,62584,78536,95507,113202,135960,159466,184579,208331,234901,259625,283529,304917,322736,341540,346370,357132,357767,359286,357028,345521,337082,323696,311207,291651,278702,265977,253434,234635,220947,206532,189007,177002,162880,153259,140497,131977,121947,115047,105639,100317,93851,88365,84251,80991,76932,72026,72550,69940,67135,65663,64592,64246,62882,62604,62103,64303,64573,64578,68467,69417,70941,73195,75936,77302,81104,84874,87626,91165,95079,98736,102318,105035,108871,114356,117217,122211,124662,129901,129812,126829,131509,130445,128951,127396,121461,125677,122096,124163,115473,108359,102992,100417,86101,85469,74675,72630,71672,61184,59461,59814,50914,48742,38079,40629,39286
F5,160,172,202,196,222,245,332,369,391,461,537,564,596,668,766,730,801,879,933,990,922,1026,1155,1111,1208,1133,1230,1328,1200,1348,1366,1380,1291,1378,1381,1445,1642,1524,1630,1687,1958,2122,2329,2773,2981,3824,4321,5186,6284,7770,9740,12228,15488,19393,23558,29292,35809,43652,53132,64104,76556,89495,104053,116381,132751,145816,159431,170873,181910,190503,193956,201034,200859,201272,199161,192408,190447,180573,173744,163477,156884,150334,143871,131143,124038,115081,105697,97318,92846,85088,79714,74114,68953,63825,60573,56622,52403,48569,46467,45753,43006,42059,40417,37555,36588,36611,36229,35874,35411,34850,34813,36067,35600,36896,37843,38551,40484,40679,42637,43993,44322,48401,48795,52196,50074,57841,58530,60410,62039,64044,65544,69703,70185,71535,72950,71977,76481,76936,74361,69874,72289,74291,66796,67055,63196,59831,57507,54125,48287,49313,41703,40256,42915,34929,33943,31124,29878,26472,24700,25644,21142
F6,133,156,133,154,167,188,177,238,236,272,321,316,391,406,413,469,478,451,528,544,619,610,638,649,655,728,713,733,747,767,731,777,823,749,823,781,836,827,809,911,928,1015,1236,1203,1558,1742,2059,2609,3066,3643,4615,5813,6906,8818,11025,13418,16510,20820,25292,30168,36301,41731,48208,54704,61158,68074,73779,80099,84233,87909,91191,93892,95041,94489,93677,91013,89707,83920,80283,76733,72874,70184,65250,60405,56373,54244,49114,45597,42964,39879,36491,34945,31503,29483,28010,25998,25031,23734,21681,21286,20907,19014,18948,18013,18168,17218,17502,16744,17037,16121,17213,16747,17418,16130,18395,18794,18159,19945,19907,20868,21412,22240,22974,24467,24883,26822,26830,29155,29137,30134,33714,32671,32555,33726,34674,35409,33786,37561,34644,34029,34165,35937,34274,29401,30591,29714,29342,30187,25117,22805,23728,20601,16683,18043,15628,16266,18624,15407,14702,12668,12149
F7,75,95,78,99,108,96,102,92,95,128,139,133,157,152,164,165,187,178,191,222,253,221,238,245,218,216,292,255,251,226,216,220,238,206,211,217,213,190,169,175,157,163,180,137,140,128,148,158,152,152,184,178,169,156,149,188,170,200,181,182,217,238,260,245,259,283,344,319,308,377,312,376,422,405,355,342,409,354,412,441,442,357,409,378,389,341,420,425,308,442,371,331,369,391,415,419,464,458,395,456,450,467,549,501,534,467,499,565,652,660,599,588,668,773,887,706,624,603,651,1053,1025,823,1053,979,1020,936,1142,1295,1060,1488,1163,1258,1663,1377,1729,1662,1739,1870,1845,1998,1916,2217,2383,2284,2478,2503,2774,2816,2966,2631,3081,3363,3842,3354,3785,3842,3886,3922,4117,4326,5680
F8,875,970,1071,1178,1338,1557,1742,1886,2218,2446,2504,3059,3217,3490,3797,4082,4475,4720,4945,5249,5479,5752,6032,6249,6263,6625,6793,7093,7404,7358,7433,7793,7841,7789,8096,8286,8573,8763,9468,10017,10608,11759,13183,15212,17698,20686,24897,29407,36850,44530,56153,68266,85709,108258,133119,165873,198823,244339,297142,355417,422374,490521,565155,634635,707197,779406,845294,902076,950235,989294,1008544,1029154,1031368,1026648,1013014,978780,954607,906670,867132,813768,773413,737192,692659,648529,606656,569902,518053,483246,448184,415520,386681,361469,339353,312518,295880,277883,259960,243687,234494,224565,216295,207956,200310,198128,194828,190626,189480,188941,188776,189488,188423,191916,192707,199382,207567,208871,211198,216292,225732,236471,246203,261039,271761,288442,297355,304115,315014,332395,341491,352031,364880,372337,379763,383831,401540,397210,391100,399528,391925,385276,389225,380323,361804,348540,332091,305778,288461,280128,248756,232433,212418,195816,179454,169557,153596,143963,130768,121714,113650,107366,88511
F9,648,691,715,803,941,1015,1131,1347,1486,1685,1792,2035,2291,2498,2642,2771,3022,3058,3572,3589,3790,3941,4127,4194,4161,4438,4587,4712,4697,4989,5145,5182,5125,5474,5429,5449,5884,5973,6017,6799,7260,7875,8699,10245,11481,13825,16669,19659,24280,29848,37750,46296,57966,71578,89211,111557,132996,164305,200761,239217,283917,329495,380436,428623,475199,521756,567564,606883,639555,663782,670626,690758,688054,691138,676017,651493,634227,604722,578623,544333,517842,490493,462364,428922,402511,379650,341993,323438,297217,279202,254908,242208,224037,207830,196493,182947,172393,162709,155189,148732,143970,138772,132739,130840,127132,126641,128155,125841,126090,125800,126585,128367,132527,134189,136254,139476,142083,148524,154719,161125,167542,172161,182085,184406,195785,207800,215349,223195,230646,231877,243414,251720,253175,256269,260009,263531,264441,268368,269892,267023,253395,252698,246366,228209,220258,209208,195895,180855,167846,155442,145447,125079,118319,113578,108055,96958,86553,83057,74394,74461,61532
F10,605,642,753,729,865,1074,1155,1213,1334,1347,1504,1608,1671,1824,1872,2009,2094,2271,2302,2449,2523,2559,2740,2814,2934,2966,2976,3135,3206,3130,3242,3369,3179,3400,3360,3434,3571,3600,3857,3936,4258,4728,5199,5695,6519,7668,9003,10541,12343,14862,18653,22956,28751,35357,43756,54074,65491,80108,97220,116572,137545,160363,184413,207554,231666,254906,274759,293209,307650,322029,327734,335717,331105,332789,324190,314994,306417,291764,277578,258716,249578,233457,221061,206373,193733,181455,165039,152372,142673,133316,122446,114321,106468,100134,93995,89442,81483,78719,73806,70653,68059,64282,63129,61522,60952,59826,61294,60464,59197,59573,59689,59689,61727,64558,64240,66655,68067,69438,73595,75872,80159,83941,84979,89712,95852,96993,103158,105700,108907,110122,114291,116130,121249,126506,125010,128189,125342,126045,126184,126670,127272,118020,109691,112668,105250,99719,91810,87919,79799,75821,71491,68005,56415,54476,50792,47390,46492,37537,37344,36458,31239
F11,214,248,260,256,317,321,366,430,457,507,567,600,666,767,807,801,868,926,1020,1038,1183,1203,1233,1240,1331,1247,1298,1331,1374,1443,1431,1438,1447,1485,1504,1424,1476,1585,1647,1773,1872,2143,2375,2636,3023,3659,4196,5132,6102,7640,9274,11791,14358,18777,22506,27815,33680,40949,51533,59551,72123,83253,95949,108395,119957,131951,142185,151746,161053,167447,169268,174169,174604,173519,170002,164318,159102,151543,146638,135513,128766,122870,114756,108031,99763,94629,84822,81351,74088,69181,62352,59492,56393,52339,48711,45992,41954,40167,39342,37765,35287,34794,33635,31654,32022,30453,30587,31182,31465,30125,30056,31435,33156,32656,35244,33991,36407,37734,39018,40607,43166,43246,45464,45820,50723,51805,52620,56175,60065,60191,62136,63077,63578,66029,65843,67394,65992,70172,65427,68360,64115,64417,60137,59760,58162,51353,51538,48668,44858,42296,39340,33424,32818,29956,30646,26513,27199,24931,23818,19156,17513
F12,150,156,176,173,189,205,233,252,288,307,341,376,427,424,457,544,529,609,598,670,691,670,704,718,697,824,711,819,828,771,842,817,855,813,869,829,836,866,876,999,1014,1049,1174,1312,1572,1811,1971,2571,2954,3678,4517,5616,6952,8920,10741,13185,16369,19615,24358,29050,34376,40281,46472,51980,58147,63621,68379,73766,77312,80272,81319,83327,83967,81661,81537,78071,76716,73730,68813,64889,62257,58695,55231,50793,48714,44430,41223,38584,35187,33690,30198,29048,26746,24938,23062,21903,20877,20362,18485,18081,16690,16791,15589,16213,15498,15248,14234,14987,14689,15647,14764,16195,16215,17140,17034,17467,17245,18600,18097,18937,20650,21088,22206,23103,23244,25499,26327,27545,28040,29028,30066,31496,31942,30193,32369,31027,33312,31071,34587,29972,33462,31638,28807,29401,28500,26242,26568,23762,22522,20563,20132,17343,17012,15961,15872,15242,12728,14286,12350,13131,10571
G1,401,326,376,380,353,401,422,411,465,439,425,437,513,488,493,485,498,538,496,532,528,570,585,542,561,545,575,541,505,541,583,528,515,569,445,487,458,495,448,412,459,429,451,428,445,419,402,404,415,406,390,394,433,420,440,386,485,458,412,495,553,574,558,591,669,729,697,722,833,773,683,847,734,751,837,717,771,808,769,783,634,728,634,666,555,624,558,527,688,576,569,573,563,678,583,511,548,644,587,678,559,670,536,541,632,627,560,785,717,728,722,809,745,733,846,835,802,881,820,1053,1077,1015,1110,1127,1113,1097,1108,1260,1426,1259,1604,1636,1444,1606,1777,1662,1898,1925,1845,2180,2171,2217,2383,2358,2866,2665,2606,2728,2780,3314,2979,3363,3732,3585,4518,4483,4689,4762,5440,5407,4733
G2,546,599,677,810,962,1058,1267,1381,1491,1811,1972,2235,2493,2718,2935,3068,3317,3471,3821,3864,4192,4309,4458,4546,4768,4945,5005,5266,5523,5648,5780,6069,6115,6080,6319,6374,6826,7166,7477,8099,8676,9658,11120,12801,15047,17675,21205,25353,31677,37829,47563,59326,73973,92801,114970,142579,172454,212833,259849,313535,368550,432154,503983,567700,638892,708906,767653,828486,882499,917814,945455,971541,981846,982026,966712,948831,924902,891223,851926,807585,766216,733718,692434,643674,611721,575099,527616,492185,455176,424771,392759,365550,345402,318199,295139,280997,259222,245673,232676,223431,211627,203951,197827,190928,188435,184848,176486,179369,178097,174790,173466,177320,183616,180200,190224,190291,195557,198689,208528,211941,224318,232491,248929,259052,262674,276195,283348,294385,307382,325750,327318,338199,340251,349692,352698,363815,360423,362297,359990,357424,358828,345932,336431,327024,312420,292133,277868,256102,239117,229022,210158,192768,176929,157182,156771,147294,131438,114991,105123,103658,90562
G3,537,597,602,747,851,993,1063,1127,1357,1402,1571,1766,1933,2090,2208,2458,2636,2726,2872,3021,3194,3244,3321,3530,3537,3773,3850,4010,4026,4239,4351,4449,4428,4496,4688,4938,5086,5300,5760,6000,6494,7273,8154,9113,11067,13149,15641,18586,22915,27726,34710,42817,54590,67991,84576,104793,125218,156592,189335,227317,271928,317623,368484,414614,466826,517412,563240,609223,645155,675728,692077,711732,719349,715706,708370,691976,673998,646932,620857,588590,559389,533199,504100,469248,443278,417882,380657,355497,329895,310372,284709,269994,249601,231365,217678,204882,187544,178891,172421,161059,152357,147300,141428,136916,137585,130421,130833,131506,129171,128137,127395,129580,131151,132584,135079,137421,141482,143399,152041,152021,161132,169940,178897,186185,192632,202829,206987,216825,223846,230771,240367,241486,247137,254159,260921,262020,262385,270513,257786,259697,261186,253303,245875,235504,226376,208482,203209,188688,175353,168014,156129,136956,131929,120402,109276,107076,93386,86978,80422,71680,70683
G4,344,397,425,503,598,589,718,802,900,928,1093,1120,1312,1506,1510,1648,1701,1844,1967,2003,2150,2146,2362,2308,2437,2624,2589,2580,2811,2774,2817,2911,3064,2945,3237,3182,3204,3637,3797,3911,4119,4749,5381,6247,6958,8495,10269,11825,14669,18255,22244,27789,34838,44118,54185,66752,80836,99479,123305,147111,174470,204499,238581,270224,301581,335348,363382,394179,418061,436632,445370,459920,463158,465835,457432,448030,435831,417977,401100,379172,358831,345301,325717,304525,283344,266982,245003,228990,212415,198260,181246,171719,159425,147280,137066,129634,123343,115656,109500,102207,99663,95538,91393,88995,86932,86412,83561,83313,81826,82382,81571,84414,83194,82551,88410,88146,91640,90474,95071,100729,104592,108101,114045,115958,123548,126688,131331,135030,139872,145634,151452,159873,156429,158534,164535,165361,167667,171800,165267,168085,162459,160472,155810,154817,145212,131936,129728,120218,112237,105350,100251,90393,86818,78302,73013,65962,66054,57705,48518,48817,42914
G5,338,343,394,381,420,471,465,506,576,595,680,676,699,744,839,986,969,989,1063,1123,1129,1232,1250,1273,1343,1371,1345,1418,1425,1497,1495,1616,1494,1574,1650,1598,1670,1778,1749,1852,1973,2327,2490,2930,3297,3833,4603,5516,6475,8545,10187,12558,15339,19142,24064,30320,36294,45334,55049,65555,77805,91972,106851,118679,133640,149033,161154,175471,183965,192402,197321,205302,206378,207002,204832,197549,192087,184343,174876,164484,158402,153200,141867,134920,124650,118540,107202,100674,93130,87223,80455,75197,70708,64837,61738,57633,54765,51516,46851,44841,43371,41162,41437,39950,38499,38683,35064,37255,35688,37525,35729,36839,37395,37728,38626,40263,41331,40679,43530,43040,47974,49252,50788,51573,54062,57066,59269,61495,61089,63662,68190,70500,70623,72958,74583,75352,77482,73526,72401,76898,72545,71806,67286,69487,64978,59266,57339,55797,52828,48143,43038,43410,39622,33773,36140,30355,26931,28012,23818,23018,23035
G6,298,304,293,318,329,368,393,404,409,398,527,454,563,554,618,642,572,677,665,768,771,700,784,789,794,834,810,871,828,827,812,941,850,930,925,920,870,902,956,994,1042,1136,1187,1458,1580,1905,2195,2556,3251,3829,4735,5661,7058,8514,10581,13684,16395,20288,24619,29170,34839,41299,46890,53877,60261,66629,73241,78156,82198,86658,88954,90984,90746,92604,90325,89271,85143,82716,80550,74396,70716,68476,63805,58976,56748,51906,48946,44032,41701,39136,36275,33263,31623,29502,27200,25273,24694,22522,20857,20876,19485,18989,18830,17336,17423,17087,17335,17168,16646,16375,17424,16122,16826,18190,17880,17509,18092,19528,20462,20968,20414,22350,23145,22213,25284,25402,25756,29365,28735,30820,29665,31916,32511,33037,34674,34755,35526,33051,31993,33423,32888,35534,34064,31759,31598,27937,27156,24818,25024,24949,22187,19971,20964,16077,14407,16266,12862,13586,14849,15139,14673
G7,81,113,99,96,87,107,97,115,113,131,133,161,157,164,187,193,181,211,208,218,240,235,257,247,249,254,264,261,242,228,225,226,225,249,211,209,216,200,184,192,173,166,175,154,173,137,143,175,155,152,143,136,136,179,173,163,203,185,185,224,213,222,215,262,233,305,299,241,260,338,287,320,307,314,295,291,305,330,351,379,314,357,334,322,375,379,351,354,324,359,362,367,443,382,494,439,390,502,463,526,498,467,510,406,492,613,514,581,538,610,599,643,668,654,784,749,691,835,724,853,814,878,911,801,989,1001,1041,1120,1280,1221,1283,1216,1356,1422,1345,1713,1529,1815,1845,1877,2107,2015,2313,2211,2401,2745,2606,2816,2780,2729,2979,3048,3183,3585,3663,4099,4019,4482,4705,4635,4891
G8,820,942,1023,1164,1344,1535,1683,1900,2069,2295,2591,2939,3131,3340,3887,3907,4377,4553,4915,5106,5191,5432,5979,6069,6175,6401,6622,6655,6899,7141,7361,7532,7773,7688,7742,8036,8324,8736,9102,9716,10420,11612,13175,14918,17077,20432,24105,28914,35458,43015,54821,67124,83993,105453,131028,161539,194667,239969,291024,348226,410323,476710,550500,619102,690978,756823,819613,879161,924847,962068,979239,1004511,1007716,1001078,976982,953339,920718,892609,838373,792820,754868,715525,677298,631393,593060,554513,504992,470857,441476,407730,374000,351947,329397,306465,283999,267610,252168,239693,224331,216016,209245,201550,196063,191659,187143,186584,183656,186054,184945,182850,185270,186181,187455,190484,197772,202000,206162,218890,220472,231304,241422,253031,263932,277439,284960,301726,313301,315630,336300,343487,352172,363278,368605,381766,381273,386330,389624,387649,380454,387396,379071,363799,353883,335719,324656,299642,280558,266663,237820,223856,210261,191822,172978,160767,149933,145629,121255,110649,108357,108447,87249
G9,2436,2315,2517,2543,2632,2748,2773,2900,3114,3313,3482,3602,3868,4135,4099,4374,4453,4671,4858,4929,5163,5344,5361,5632,5830,5913,6004,6011,6192,6402,6257,6653,6504,6495,6891,6782,7077,7168,7338,7877,8436,8730,9914,11142,13455,15188,18046,21184,26196,31261,38790,47913,60184,74065,91101,114495,138036,168923,205461,244316,289125,337289,390036,437428,488507,535453,578822,622767,653392,679167,693221,709235,710514,707032,692822,671049,652449,624417,591855,555686,532007,503425,474645,443130,416979,389776,355436,332935,307681,287518,264201,246656,232580,214122,201886,187982,176125,167346,160801,152813,146595,142613,134555,134507,131445,131413,128866,126939,128926,128815,129351,130647,131973,136527,140461,142044,146941,149289,156915,161903,172771,180031,184761,191909,198721,213223,218069,227990,236094,243054,245739,253355,258601,264896,266444,273554,278039,274638,275080,265449,264826,251355,248538,233367,227693,211954,198333,189568,174055,164018,150172,136115,120294,109414,107078,92219,93654,85718,78805,72298,67843
G10,404,437,492,520,570,613,733,813,902,1112,1088,1200,1308,1421,1559,1655,1814,2016,2077,2084,2259,2521,2459,2371,2557,2768,2919,2845,2856,3093,3022,3122,3028,3162,3184,3288,3485,3632,3576,4123,4302,4404,5268,6011,6707,7982,9477,11079,13923,17149,21335,26089,32907,41154,50720,63290,76538,94284,114514,137134,163149,189092,217636,244842,271567,298383,326285,348681,366486,381872,388368,395568,395892,393189,390042,372681,361998,345492,328018,309001,293610,277612,263452,245774,232036,216784,193964,182937,170600,157405,145471,136791,128975,117950,110518,104228,98027,90842,87684,84102,82329,78571,76980,73459,74062,72929,71520,71936,70691,72256,71018,72833,73588,73990,75830,77936,79118,82704,86601,88915,93873,99161,102088,105104,114522,119458,123944,124950,129745,130605,137181,139448,145447,142749,145325,149596,149061,153872,152009,144411,145983,140321,138007,132121,123295,119098,110222,104289,101115,84787,83919,71579,70574,65579,57263,60198,47430,45380,43078,44800,37077
G11,251,305,324,389,414,447,484,527,658,728,715,823,887,1027,1153,1170,1230,1361,1365,1518,1607,1655,1677,1679,1712,1855,1862,2014,1992,2014,1959,2146,2074,2136,2046,2090,2387,2415,2411,2524,2773,3016,3345,3830,4315,5213,6438,7480,8995,11026,13651,17340,21521,26823,33316,40904,49774,61994,74639,89526,105002,122830,141785,158589,177414,195421,211545,226345,239360,245999,253769,258317,257634,255739,250413,244125,235790,225498,215348,200787,191644,181353,171044,158586,148377,139838,126955,118017,110035,104039,93438,87367,82104,77889,71615,68886,62536,61391,56755,55788,51989,51825,49016,48151,47070,46387,46061,46419,46285,45856,46441,47005,47422,45952,49103,52186,53629,55082,56318,57187,59876,65815,67528,67944,70877,74076,79182,81235,84267,87159,88314,92728,94602,93468,98980,96306,98618,98493,97016,94276,94832,90547,89294,87614,79538,80018,74154,65302,62745,54770,54132,52239,46098,41522,35530,37912,32290,33195,31169,30124,24139
G12,142,177,171,178,208,237,233,293,316,341,356,410,434,469,456,510,542,545,630,611,676,699,686,785,738,767,857,831,830,844,855,845,864,880,843,911,824,946,956,1014,1016,1160,1319,1312,1703,1951,2181,2687,3303,3929,5220,6104,7792,9485,11696,14705,17756,21907,26040,31275,37699,43832,50092,56001,63125,68322,76172,80131,84366,86363,89741,92669,91240,90431,88794,85637,82144,80079,74821,70519,67540,63539,59736,56075,52367,48973,44714,41336,38675,35608,33534,30542,28880,26809,26133,23936,22079,21027,19784,19906,19838,18003,17040,17837,17367,16766,16382,16901,16401,16358,16244,16489,16883,17200,17344,18216,19184,19273,21355,21871,21675,22267,23287,24052,25223,27371,29886,27720,30234,31469,30226,33551,34611,33496,36259,35309,34419,35911,35567,35845,34612,34324,30559,34707,29275,31652,25895,24994,23819,23779,21570,19025,18659,17580,18925,15754,15140,14146,13526,13904,14200
H1,204,201,238,232,219,215,240,230,246,240,200,223,300,253,237,288,279,332,308,363,316,310,296,320,363,352,348,345,369,310,323,306,360,308,324,346,304,283,279,276,266,210,274,291,238,285,294,256,237,294,295,320,304,321,336,340,373,414,427,398,494,517,608,688,759,729,850,842,866,918,881,974,880,953,1039,890,909,903,908,833,877,880,845,764,713,772,787,676,558,551,629,626,665,601,602,551,580,644,644,585,535,619,627,623,703,657,605,628,750,610,705,717,688,812,804,771,802,881,917,878,893,1042,1110,1157,1205,1162,1343,1435,1243,1373,1483,1636,1488,1698,1633,1713,1739,1815,1845,1938,2107,2149,2313,2505,2633,2503,2522,2904,2966,3021,3184,3469,3622,3701,3785,3842,4153,4202,4411,4789,5049
H2,620,621,738,814,998,1047,1237,1473,1581,1805,1918,2279,2327,2697,2868,2980,3315,3361,3676,3695,4112,4208,4472,4528,4746,4882,4783,5178,5287,5441,5804,5603,5906,5920,6282,6273,6675,6846,7584,7755,8439,9474,10424,12282,14303,17378,20795,25133,30382,37144,45503,57273,71636,89633,111869,137406,166972,206304,252445,301472,357091,418921,486043,552361,614364,681481,737457,798363,845660,889211,908698,934755,942783,944082,933687,909467,893206,852959,820926,773140,741280,706816,662004,620604,583513,549332,502647,469953,440343,406478,376742,351106,328880,306312,288325,269703,249089,235055,227210,213174,202486,194917,186981,181522,180103,173612,173838,170455,169636,170607,171739,171806,170590,174830,181645,182693,188739,189505,199262,205119,216173,222537,234268,245855,255843,262736,276263,288085,291699,306182,313407,318948,334518,337349,344053,341401,353782,348164,348230,344163,342607,333572,333838,311918,302971,279375,265677,254606,229479,225513,202454,178053,166502,152902,142730,128081,120585,112049,104240,94235,82516
H3,434,562,596,655,749,839,935,1074,1323,1399,1514,1674,1949,2090,2246,2485,2582,2756,2995,2965,3192,3277,3387,3458,3778,3777,3934,4075,4141,4429,4436,4498,4711,4663,4783,4800,5323,5361,5641,6063,6530,7378,8490,9627,10944,13372,16087,19237,23215,28606,35648,43380,55209,69300,85635,107032,130226,159461,194855,233712,279839,323018,375749,425257,473750,529364,573299,617845,654798,688747,707151,729189,731610,733672,725197,706587,692543,661441,639079,597669,573944,545277,517540,480871,451694,425461,389159,368256,341840,315811,291744,272867,254709,236520,218182,206566,191836,181499,174882,165316,158155,150193,143846,139095,139763,133923,132905,132855,131633,129407,129985,130922,133176,134843,137265,141274,143888,146159,151823,159771,166202,175315,181516,186245,193188,203217,207390,219940,231560,230924,241530,252726,251862,264621,270719,275166,268236,274033,268969,267205,265082,252832,252954,238010,233037,211954,204807,194761,177763,167819,151610,143052,134892,123062,111473,101953,94726,90200,82775,78478,65949
H4,275,296,368,389,437,480,556,626,743,799,866,1005,1105,1118,1190,1386,1442,1598,1562,1714,1708,1974,1921,1971,2086,2115,2126,2283,2283,2283,2393,2423,2461,2531,2702,2674,2893,2966,3090,3329,3600,3860,4339,5385,5949,6938,8301,10054,12361,15156,18872,23606,29545,37154,45749,57150,69376,85391,104052,124951,147431,173495,200915,227995,255326,282508,308717,332292,352720,366225,377932,387184,390030,389807,385651,375963,366787,351764,334625,319478,302575,288571,271767,255064,238074,224876,206025,192135,176394,165337,153022,145024,133103,125110,116730,108741,102044,96386,90507,89365,81928,80100,77464,73161,73753,71587,70567,70571,70479,67819,69150,71748,71200,72782,72076,75260,76556,78901,81365,85930,88356,93073,94971,99765,103611,110710,110411,117775,121227,123854,126678,130222,133851,135866,141675,141688,143684,144028,144572,142170,134808,131051,140250,121731,122908,110054,115099,104025,100652,86833,82584,76414,71781,68702,60926,59686,51048,50142,45284,43101,41021
H5,189,198,231,224,286,287,334,393,419,447,453,622,632,708,691,803,817,908,1009,1006,1026,1020,1096,1105,1152,1180,1242,1282,1240,1282,1442,1378,1417,1430,1430,1426,1472,1602,1580,1788,1854,2025,2206,2592,3090,3747,4088,5251,6557,7761,9873,11976,15270,19162,23309,29243,34766,43796,53994,63605,75091,88433,102768,115862,130517,146938,157382,168204,181821,187909,192596,198766,200141,201272,197531,192268,189451,181104,173635,161321,153817,147740,139571,129749,121941,114383,105827,96107,90597,84662,77610,74418,68270,64207,60691,55713,51170,48668,47450,44314,41936,41351,38170,37244,38780,35983,35609,35481,35297,35578,35835,36563,35944,36619,36667,38444,38211,39497,42227,42438,44086,47606,47400,51366,53938,54516,56649,57575,62149,63472,64461,69493,68216,67910,74199,72229,74689,74791,75630,73689,72034,69522,66305,63150,60331,62657,55153,54477,50604,48241,41087,37629,38305,33079,33576,31124,30012,25771,25435,25181,23193
H6,129,141,154,144,165,185,235,238,295,297,285,347,389,425,424,485,525,550,529,574,647,618,696,635,721,730,700,733,711,694,731,748,774,756,758,817,853,820,893,923,1006,1073,1091,1277,1468,1839,2111,2464,2917,3771,4681,5668,7038,9014,10817,13323,16500,20288,24736,29394,35076,40786,47894,53826,60352,66581,72725,77938,82056,85272,88905,90578,92172,91155,91101,87770,86236,82586,78509,75229,70441,67504,63239,59613,55221,51728,47128,44520,41895,38035,35904,33907,31798,28776,27911,25192,24156,22424,21737,20678,19060,18269,17458,16619,16116,16109,16988,16336,16450,16561,16984,16048,17189,16625,17715,17360,17936,18299,18821,19714,20151,21116,23202,23785,25563,24789,25957,26530,27748,29981,30306,32042,31198,33496,34050,35611,34050,34151,32800,35603,33143,31503,31610,30064,30437,30441,25727,26578,25487,23000,22084,20181,17890,18043,15140,15882,16480,14706,13379,12822,13411
H7,79,82,84,90,86,95,110,87,120,106,117,150,120,171,171,181,163,183,217,213,204,241,216,202,196,226,220,211,204,224,214,197,256,176,169,160,175,149,179,177,150,168,148,148,145,157,137,128,149,158,139,149,152,146,183,152,145,181,185,190,190,214,211,228,220,203,199,245,260,237,257,264,219,293,279,258,259,283,266,317,282,324,259,280,303,312,321,299,308,300,319,367,379,363,405,368,443,458,384,468,401,493,431,541,478,540,514,565,587,610,529,662,688,515,681,706,713,719,772,803,920,932,968,890,989,936,1075,1015,1170,1182,1283,1300,1488,1331,1537,1763,1634,1705,1845,1877,1980,2217,2173,2211,2323,2665,2943,2728,2873,3021,3287,3153,3183,3932,3541,3842,4287,4062,4558,5407,4891
H8,883,945,1029,1145,1216,1464,1660,1853,1974,2393,2650,2820,3028,3224,3688,3816,4290,4304,4798,5077,5334,5538,5802,5897,6117,6411,6624,6711,6549,7085,7141,7225,7341,7407,7631,7902,7952,8244,8617,9448,10389,11323,12700,14750,16663,20016,23418,28382,34379,42306,52698,65660,82066,103148,127798,157794,190224,234260,283352,340036,401247,468156,539834,601415,672866,742176,801987,854769,904563,937494,955679,978428,977623,976302,960144,923798,899698,857638,821392,765086,732436,694447,655482,610950,572395,535568,489364,458184,425493,394642,360897,335374,319506,295237,277549,261994,243923,231793,220943,211174,202316,197621,187491,185758,182955,181389,178013,182162,179988,176957,181429,184232,186175,192763,192245,199517,202330,206296,218300,226990,239661,249164,254481,268987,279365,288912,308097,311465,322773,337613,347362,356358,362391,367037,369843,375753,387147,383250,380569,369957,370769,350029,344351,320908,311258,300207,273412,256190,239210,222784,209131,182888,170673,150705,150788,132948,123533,106587,111445,96243,89931
H9,893,1011,1074,1190,1289,1437,1548,1714,1886,2002,2162,2454,2586,2800,2995,3123,3437,3741,3886,3994,4380,4366,4530,4550,4846,5014,5288,5172,5478,5536,5620,5830,5766,5881,6059,5934,6198,6561,6751,7343,7851,8407,9693,10934,12790,15003,18000,21413,25905,31958,39813,48766,61797,76981,95154,117347,142739,174654,212021,252255,298864,349415,404343,451792,504920,555808,598049,642297,676891,703505,717488,732711,734453,725030,717972,685861,670953,641711,611210,573714,546857,518646,488378,455510,424595,398937,365503,341126,316137,291780,269123,251121,236080,218428,207061,193833,181165,172453,163839,158813,152090,149473,141285,138595,137923,134185,133631,132133,132024,131372,133949,134801,138600,140887,143431,146325,153157,156827,160896,165540,180285,188615,191110,198018,206789,215611,228042,232435,242637,248623,256442,262792,268927,273385,279315,275216,278883,280027,280613,269445,266997,258609,254917,247884,230326,217848,199930,194233,179894,163434,155821,133382,130831,112768,110374,101440,90171,78715,80569,71526,62005
H10,901,857,880,937,974,1116,1203,1308,1454,1603,1703,1893,1888,2171,2225,2313,2469,2664,2714,2886,3081,3077,3269,3429,3483,3525,3584,3858,3862,3890,4124,4134,3973,4220,4208,4421,4556,4593,4705,4983,5254,5958,6314,7076,8004,9647,11157,13267,16082,19432,23946,29513,36590,45874,56545,70175,84134,103472,126455,150322,178986,208289,239366,268990,298993,330969,356100,382226,402382,418484,425809,438850,434002,434882,430171,411159,403226,381212,363996,343291,325788,308558,288846,270582,252758,237763,215176,201946,186583,173795,161186,149436,140538,128691,120780,115501,108412,104199,97474,93377,91069,86593,83083,83433,81129,81393,80657,78197,80343,77946,79087,80829,80864,83442,84079,88788,91707,92654,97411,100202,105854,107635,112906,118390,122929,129367,133481,136080,141481,146931,152975,158405,160368,162572,165207,163296,167983,170425,170397,160698,156903,155165,146277,142511,140101,133147,123422,119074,103247,96481,95013,83876,73318,74601,67763,58661,57613,48181,48518,45573,39443
H11,741,775,796,900,860,911,1047,1113,1228,1286,1346,1402,1436,1581,1641,1716,1792,1785,1858,2032,2045,2040,2147,2066,2291,2225,2117,2323,2206,2372,2383,2488,2392,2413,2433,2382,2428,2483,2543,2583,2690,2753,3240,3355,3555,4024,4659,5379,6396,7659,9090,11239,13564,16760,20786,25147,30501,37466,45199,53222,63790,73991,84832,96114,106382,116504,126576,134890,142738,147095,149920,152368,154257,151389,149211,144303,140828,133559,127119,119847,114287,107675,102400,94461,87572,82788,76245,70274,66011,62183,56257,54427,50103,46477,42943,40805,38338,36228,35130,33847,30948,30410,29362,30057,28298,28498,28968,29126,28710,28449,28224,28273,29660,29208,29181,30524,31438,31542,33033,34287,35679,37542,39315,41520,44047,46059,47314,49630,49061,51685,54199,55612,54871,57632,55901,57924,60352,58678,58855,58370,60284,55954,52497,53055,52586,46912,46493,40219,39297,39957,33177,32268,28756,30650,29181,24335,20767,23390,18672,19619,17513
H12,181,187,206,205,234,264,280,322,311,293,398,415,472,445,482,540,605,582,611,625,646,749,747,706,816,842,814,854,803,894,849,857,916,829,936,859,884,951,1003,1012,1052,1041,1187,1384,1684,1808,2224,2722,3136,3740,4954,5910,7270,9190,11177,13939,16930,20964,25401,30814,36040,41905,48518,53758,61434,66369,72305,77050,80725,83610,85683,87640,87752,87279,86393,82484,79634,76639,73034,67449,64255,61455,57705,53504,50141,47407,43225,39237,37185,35208,31258,30578,28889,26065,24681,22720,21805,21006,19332,18958,17783,17700,16739,16687,16088,16649,16065,16085,15831,15918,15838,16085,16501,16447,17880,17595,19540,18902,20317,20893,22096,21746,22376,23933,24944,26048,27166,28000,28954,29752,32231,32461,32117,33772,32273,32941,33839,34316,34990,32333,34165,33787,28807,29328,29197,26080,26315,22002,24375,22220,22803,18709,17122,16539,17215,15626,15542,15547,12791,12513,12937
