User: USER,Path: C:\Program Files (x86)\BMG\CLARIOstar\User\Data\,Test run no.: 4897,,,,,,,,,,,,,,,,,,,,,,,,,,,,,,,,,,,,,,,,,,,,,,,,,,,,,,,,,,,,,,,,,,,,,,,,,,,,,,,,,,,,,,,,,,,,,,,
Test name: CJBHCQY1,Date: 13/10/2023,Time: 15:06:02,,,,,,,,,,,,,,,,,,,,,,,,,,,,,,,,,,,,,,,,,,,,,,,,,,,,,,,,,,,,,,,,,,,,,,,,,,,,,,,,,,,,,,,,,,,,,,,
ID1: TWFluorescence HCQY001,,,,,,,,,,,,,,,,,,,,,,,,,,,,,,,,,,,,,,,,,,,,,,,,,,,,,,,,,,,,,,,,,,,,,,,,,,,,,,,,,,,,,,,,,,,,,,,,,
Fluorescence (FI) spectrum,,,,,,,,,,,,,,,,,,,,,,,,,,,,,,,,,,,,,,,,,,,,,,,,,,,,,,,,,,,,,,,,,,,,,,,,,,,,,,,,,,,,,,,,,,,,,,,,,
,,,,,,,,,,,,,,,,,,,,,,,,,,,,,,,,,,,,,,,,,,,,,,,,,,,,,,,,,,,,,,,,,,,,,,,,,,,,,,,,,,,,,,,,,,,,,,,,,
Well Row,,A,A,A,A,A,A,A,A,A,A,A,A,B,B,B,B,B,B,B,B,B,B,B,B,C,C,C,C,C,C,C,C,C,C,C,C,D,D,D,D,D,D,D,D,D,D,D,D,E,E,E,E,E,E,E,E,E,E,E,E,F,F,F,F,F,F,F,F,F,F,F,F,G,G,G,G,G,G,G,G,G,G,G,G,H,H,H,H,H,H,H,H,H,H,H,H
Well Col,,1,2,3,4,5,6,7,8,9,10,11,12,1,2,3,4,5,6,7,8,9,10,11,12,1,2,3,4,5,6,7,8,9,10,11,12,1,2,3,4,5,6,7,8,9,10,11,12,1,2,3,4,5,6,7,8,9,10,11,12,1,2,3,4,5,6,7,8,9,10,11,12,1,2,3,4,5,6,7,8,9,10,11,12,1,2,3,4,5,6,7,8,9,10,11,12
Content,Wavelength [nm],Sample X1,Sample X2,Sample X3,Sample X4,Sample X5,Sample X6,Sample X7,Sample X8,Sample X9,Sample X10,Sample X11,Sample X12,Sample X13,Sample X14,Sample X15,Sample X16,Sample X17,Sample X18,Sample X19,Sample X20,Sample X21,Sample X22,Sample X23,Sample X24,Sample X25,Sample X26,Sample X27,Sample X28,Sample X29,Sample X30,Sample X31,Sample X32,Sample X33,Sample X34,Sample X35,Sample X36,Sample X37,Sample X38,Sample X39,Sample X40,Sample X41,Sample X42,Sample X43,Sample X44,Sample X45,Sample X46,Sample X47,Sample X48,Sample X49,Sample X50,Sample X51,Sample X52,Sample X53,Sample X54,Sample X55,Sample X56,Sample X57,Sample X58,Sample X59,Sample X60,Sample X61,Sample X62,Sample X63,Sample X64,Sample X65,Sample X66,Sample X67,Sample X68,Sample X69,Sample X70,Sample X71,Sample X72,Sample X73,Sample X74,Sample X75,Sample X76,Sample X77,Sample X78,Sample X79,Sample X80,Sample X81,Sample X82,Sample X83,Sample X84,Sample X85,Sample X86,Sample X87,Sample X88,Sample X89,Sample X90,Sample X91,Sample X92,Sample X93,Sample X94,Sample X95,Sample X96
Raw Data (Em Spectrum),580,190,886,539,471,211,144,117,2061,1661,1297,1332,349,103,810,641,344,232,132,97,2266,1904,1291,524,102,84,887,527,455,281,406,97,2255,1456,1130,554,316,139,838,566,424,256,148,120,2264,1911,1030,658,512,73,504,418,296,247,223,136,896,745,385,201,157,108,542,335,239,160,133,75,875,648,605,214,150,401,546,537,344,338,298,81,820,2436,404,251,142,204,620,434,275,189,129,79,883,893,901,741,181
Raw Data (Em Spectrum),581,186,919,605,441,234,138,106,2155,1653,1217,1257,355,118,816,620,381,292,131,101,2264,1965,1248,506,106,82,923,591,405,271,385,92,2238,1480,1099,506,325,128,884,620,390,269,168,109,2241,1929,987,660,494,97,633,473,320,249,228,141,907,828,437,248,159,104,576,385,278,172,156,95,970,691,642,248,156,326,599,597,397,343,304,113,942,2315,437,305,177,201,621,562,296,198,141,82,945,1011,857,775,187
Raw Data (Em Spectrum),582,165,869,628,473,203,165,111,2266,1666,1252,1355,376,125,887,617,351,295,162,86,2367,1956,1226,550,101,95,874,586,423,296,388,102,2347,1573,1130,620,313,124,831,640,440,286,154,110,2245,2118,1052,741,533,82,741,495,350,333,221,124,980,880,476,249,170,107,690,434,312,202,133,78,1071,715,753,260,176,376,677,602,425,394,293,99,1023,2517,492,324,171,238,738,596,368,231,154,84,1029,1074,880,796,206
Raw Data (Em Spectrum),583,196,956,653,475,239,137,107,2328,1734,1354,1317,355,119,994,662,391,295,165,99,2535,2135,1246,624,91,99,1010,604,446,283,414,93,2564,1680,1138,519,386,119,971,667,455,255,159,125,2416,2154,1027,716,516,76,861,608,391,267,245,125,1124,985,516,306,171,110,815,497,381,196,154,99,1178,803,729,256,173,380,810,747,503,381,318,96,1164,2543,520,389,178,232,814,655,389,224,144,90,1145,1190,937,900,205
Raw Data (Em Spectrum),584,180,1018,702,507,281,172,119,2384,1773,1343,1361,356,109,938,726,406,315,151,89,2637,2115,1403,593,98,119,973,656,520,326,398,86,2481,1758,1240,581,368,136,1055,784,411,284,184,111,2488,2170,1216,743,554,81,957,679,493,353,240,131,1353,1122,598,348,205,91,990,523,404,222,167,108,1338,941,865,317,189,353,962,851,598,420,329,87,1344,2632,570,414,208,219,998,749,437,286,165,86,1216,1289,974,860,234
Raw Data (Em Spectrum),585,186,1049,715,537,237,194,123,2530,1857,1298,1374,376,104,1019,766,445,306,182,107,2685,2265,1413,589,101,107,1135,685,546,311,357,99,2704,1876,1285,671,398,131,1055,749,505,327,172,123,2629,2277,1156,742,520,98,1123,794,520,370,234,126,1524,1173,630,328,212,95,1023,657,463,245,188,96,1557,1015,1074,321,205,401,1058,993,589,471,368,107,1535,2748,613,447,237,215,1047,839,480,287,185,95,1464,1437,1116,911,264
Raw Data (Em Spectrum),586,173,1133,753,567,284,189,115,2723,2005,1502,1299,407,110,1112,799,484,356,179,102,2841,2395,1489,687,118,121,1178,785,555,361,414,102,2875,1977,1363,663,439,150,1143,837,505,289,160,125,2843,2376,1302,828,594,94,1211,914,566,398,268,128,1700,1382,713,400,244,110,1195,692,550,332,177,102,1742,1131,1155,366,233,422,1267,1063,718,465,393,97,1683,2773,733,484,233,240,1237,935,556,334,235,110,1660,1548,1203,1047,280
Raw Data (Em Spectrum),587,184,1179,786,624,314,196,123,2972,2093,1517,1342,429,123,1096,891,521,380,233,94,3032,2520,1520,687,129,95,1270,744,605,359,432,107,3019,2119,1441,692,446,134,1208,833,550,325,199,108,3044,2633,1420,865,587,99,1396,995,653,430,323,125,1858,1596,823,450,264,108,1392,812,632,369,238,92,1886,1347,1213,430,252,411,1381,1127,802,506,404,115,1900,2900,813,527,293,230,1473,1074,626,393,238,87,1853,1714,1308,1113,322
Raw Data (Em Spectrum),588,214,1315,823,598,324,228,131,3028,2272,1560,1473,442,147,1216,874,534,406,219,120,3264,2673,1601,725,134,110,1269,912,619,390,442,115,3259,2272,1465,782,463,142,1234,931,570,391,249,139,3166,2776,1382,917,589,98,1555,1102,774,519,283,138,2104,1639,992,483,301,118,1570,843,674,391,236,95,2218,1486,1334,457,288,465,1491,1357,900,576,409,113,2069,3114,902,658,316,246,1581,1323,743,419,295,120,1974,1886,1454,1228,311
Raw Data (Em Spectrum),589,212,1308,910,684,315,225,121,3306,2285,1649,1435,449,152,1235,958,590,384,209,129,3487,2841,1773,815,147,109,1347,865,676,429,408,109,3547,2343,1593,734,565,181,1381,966,633,408,230,147,3422,2869,1579,973,655,136,1689,1303,850,532,325,139,2309,1926,1079,486,300,136,1805,1066,757,461,272,128,2446,1685,1347,507,307,439,1811,1402,928,595,398,131,2295,3313,1112,728,341,240,1805,1399,799,447,297,106,2393,2002,1603,1286,293
Raw Data (Em Spectrum),590,258,1411,982,686,368,245,139,3372,2630,1749,1584,441,159,1415,1091,636,436,252,114,3889,3002,1888,839,156,153,1526,945,708,436,428,141,3719,2531,1693,814,572,153,1480,1046,685,410,260,139,3504,3024,1682,1036,646,119,1987,1514,931,628,316,144,2630,1995,1036,599,342,133,1970,1116,777,537,321,139,2504,1792,1504,567,341,425,1972,1571,1093,680,527,133,2591,3482,1088,715,356,200,1918,1514,866,453,285,117,2650,2162,1703,1346,398
Raw Data (Em Spectrum),591,228,1431,926,756,416,258,146,3719,2769,1933,1518,515,155,1472,1067,608,488,233,148,4032,3051,1953,921,167,155,1567,1040,780,425,418,133,3930,2709,1746,857,632,151,1557,1088,678,423,275,163,3969,3272,1756,976,682,150,2140,1530,1039,639,369,158,2855,2318,1254,649,381,138,2237,1163,931,564,316,133,3059,2035,1608,600,376,437,2235,1766,1120,676,454,161,2939,3602,1200,823,410,223,2279,1674,1005,622,347,150,2820,2454,1893,1402,415
Raw Data (Em Spectrum),592,212,1561,1119,757,437,234,151,3923,2844,1892,1556,520,184,1579,1177,620,491,282,126,4255,3432,1937,919,167,117,1575,1110,842,501,422,155,4295,3016,1900,978,642,189,1663,1141,709,499,269,176,4217,3469,1902,1109,706,148,2258,1813,1189,737,406,179,3209,2431,1372,720,410,160,2448,1399,1014,596,391,157,3217,2291,1671,666,427,513,2493,1933,1312,699,563,157,3131,3868,1308,887,434,300,2327,1949,1105,632,389,120,3028,2586,1888,1436,472
Raw Data (Em Spectrum),593,246,1648,1131,792,436,300,169,4158,3108,2029,1729,572,195,1595,1245,683,525,310,150,4432,3595,2055,1032,197,183,1709,1086,802,518,474,148,4437,2992,1965,1009,703,176,1721,1168,774,500,312,159,4529,3689,2022,1192,753,171,2418,1947,1269,757,439,190,3344,2701,1522,778,432,180,2526,1471,1060,668,406,152,3490,2498,1824,767,424,488,2718,2090,1506,744,554,164,3340,4135,1421,1027,469,253,2697,2090,1118,708,425,171,3224,2800,2171,1581,445
Raw Data (Em Spectrum),594,267,1725,1137,805,427,323,166,4509,3184,2174,1657,599,175,1597,1316,736,560,288,173,5019,3748,2232,1056,198,162,1750,1231,823,526,505,152,4876,3287,2091,1005,728,200,1849,1318,844,498,325,178,4790,3829,2091,1183,805,145,2706,2052,1349,867,429,178,3732,3011,1501,846,431,157,2902,1579,1201,766,413,164,3797,2642,1872,807,457,493,2935,2208,1510,839,618,187,3887,4099,1559,1153,456,237,2868,2246,1190,691,424,171,3688,2995,2225,1641,482
Raw Data (Em Spectrum),595,259,1846,1193,884,479,309,206,4877,3376,2204,1615,653,222,1760,1381,803,585,329,195,5170,3848,2394,1170,181,174,1871,1209,945,558,521,199,5021,3467,2227,1156,792,222,1902,1369,823,537,320,193,4986,4168,2295,1317,843,170,2946,2272,1397,905,445,208,3973,3091,1680,932,483,184,3097,1703,1195,730,469,165,4082,2771,2009,801,544,485,3068,2458,1648,986,642,193,3907,4374,1655,1170,510,288,2980,2485,1386,803,485,181,3816,3123,2313,1716,540
Raw Data (Em Spectrum),596,297,1815,1246,989,504,308,187,5049,3689,2275,1641,656,181,1873,1415,795,621,342,208,5393,4225,2439,1212,225,199,1995,1194,908,641,525,181,5499,3757,2417,1185,832,230,1917,1419,895,582,344,196,5330,4343,2399,1386,879,183,2955,2312,1571,926,495,226,4209,3277,1770,937,516,228,3266,1828,1308,801,478,187,4475,3022,2094,868,529,498,3317,2636,1701,969,572,181,4377,4453,1814,1230,542,279,3315,2582,1442,817,525,163,4290,3437,2469,1792,605
Raw Data (Em Spectrum),597,266,1983,1356,1029,506,374,194,5403,3724,2502,1809,738,189,1877,1479,851,649,361,202,5696,4471,2557,1293,215,229,2086,1370,998,618,536,202,5643,3888,2475,1315,851,244,2040,1403,923,651,391,218,5689,4550,2600,1490,859,209,3286,2453,1658,982,527,198,4570,3590,1978,1020,598,207,3431,1983,1420,879,451,178,4720,3058,2271,926,609,538,3471,2726,1844,989,677,211,4553,4671,2016,1361,545,332,3361,2756,1598,908,550,183,4304,3741,2664,1785,582
Raw Data (Em Spectrum),598,310,2034,1334,1042,531,325,228,5486,3974,2513,1839,697,223,1969,1625,908,663,347,210,5831,4704,2844,1319,262,221,2265,1464,1050,593,561,199,5989,4304,2536,1404,1018,230,2190,1434,966,643,396,184,6025,4726,2746,1425,918,227,3539,2647,1756,1066,526,266,4782,3818,2077,1076,581,210,3790,2082,1499,933,528,191,4945,3572,2302,1020,598,496,3821,2872,1967,1063,665,208,4915,4858,2077,1365,630,308,3676,2995,1562,1009,529,217,4798,3886,2714,1858,611
Raw Data (Em Spectrum),599,354,2084,1432,1027,572,404,237,5687,4167,2724,1921,728,233,2126,1646,941,687,367,224,6289,4833,2835,1332,267,218,2323,1381,1078,662,534,203,6336,4274,2730,1358,1020,260,2210,1535,999,694,376,246,6178,5028,2854,1565,980,207,3634,2677,1832,1108,502,248,5179,3855,2058,1116,666,216,3966,2028,1503,990,544,222,5249,3589,2449,1038,670,532,3864,3021,2003,1123,768,218,5106,4929,2084,1518,611,363,3695,2965,1714,1006,574,213,5077,3994,2886,2032,625
Raw Data (Em Spectrum),600,335,2114,1432,1034,623,387,274,5989,4336,2712,2055,769,251,2165,1653,983,720,417,238,6755,5033,2933,1495,251,229,2320,1484,1152,668,588,267,6624,4447,2679,1501,1007,251,2283,1682,1051,697,398,257,6515,5268,2927,1623,1051,200,3767,2912,1965,1164,583,242,5340,4074,2272,1164,627,282,4152,2144,1783,922,619,253,5479,3790,2523,1183,691,528,4192,3194,2150,1129,771,240,5191,5163,2259,1607,676,316,4112,3192,1708,1026,647,204,5334,4380,3081,2045,646
Raw Data (Em Spectrum),601,393,2265,1530,1101,643,468,235,6165,4532,2808,1970,724,221,2180,1803,1064,710,385,244,7051,5421,3060,1495,273,225,2325,1543,1199,693,495,231,6610,4718,2813,1557,1030,283,2344,1690,1105,716,416,256,6712,5417,2983,1678,1016,219,4122,3096,2090,1255,554,250,5478,4320,2259,1258,627,219,4289,2276,1732,1026,610,221,5752,3941,2559,1203,670,570,4309,3244,2146,1232,700,235,5432,5344,2521,1655,699,310,4208,3277,1974,1020,618,241,5538,4366,3077,2040,749
Raw Data (Em Spectrum),602,369,2299,1472,1082,597,408,257,6560,4760,2900,1962,776,248,2132,1775,1067,710,423,283,7231,5646,3187,1515,254,232,2387,1603,1215,759,542,254,7280,4768,3009,1623,1110,263,2494,1716,1020,727,466,265,6917,5544,3222,1802,1073,207,4257,3169,2143,1217,597,238,5691,4329,2397,1201,714,238,4544,2467,1755,1155,638,238,6032,4127,2740,1233,704,585,4458,3321,2362,1250,784,257,5979,5361,2459,1677,686,296,4472,3387,1921,1096,696,216,5802,4530,3269,2147,747
Raw Data (Em Spectrum),603,328,2296,1538,1196,645,405,247,6684,4558,2929,2060,823,255,2260,1843,1010,783,407,261,7370,5594,3265,1629,303,253,2468,1687,1165,757,617,241,7180,5001,2982,1558,1192,263,2531,1774,1105,817,467,279,7235,5721,3273,1847,1074,263,4279,3170,2153,1210,560,241,5873,4677,2561,1319,728,251,4779,2359,1877,1111,649,245,6249,4194,2814,1240,718,542,4546,3530,2308,1273,789,247,6069,5632,2371,1679,785,320,4528,3458,1971,1105,635,202,5897,4550,3429,2066,706
Raw Data (Em Spectrum),604,345,2415,1615,1154,593,491,263,6886,4928,2860,2072,788,255,2423,1890,992,756,453,230,7483,5764,3189,1722,293,238,2587,1639,1325,713,591,257,7417,5110,3223,1549,1243,263,2563,1908,1114,812,449,255,7353,5908,3271,1730,1086,261,4722,3369,2221,1309,615,271,6231,4712,2671,1359,738,226,4672,2621,1858,1208,655,218,6263,4161,2934,1331,697,561,4768,3537,2437,1343,794,249,6175,5830,2557,1712,738,363,4746,3778,2086,1152,721,196,6117,4846,3483,2291,816
Raw Data (Em Spectrum),605,364,2563,1674,1176,645,478,250,7011,5006,3071,2103,842,250,2331,1985,1076,832,466,234,7766,6069,3391,1662,315,244,2569,1674,1257,751,594,258,7825,5238,3155,1731,1210,260,2740,1951,1094,773,470,258,7571,5897,3478,1829,1129,252,4446,3531,2467,1353,681,238,6509,4961,2608,1432,742,254,5097,2683,1829,1133,728,216,6625,4438,2966,1247,824,545,4945,3773,2624,1371,834,254,6401,5913,2768,1855,767,352,4882,3777,2115,1180,730,226,6411,5014,3525,2225,842
Raw Data (Em Spectrum),606,383,2418,1654,1256,643,443,202,7133,5137,3053,2066,838,286,2352,2010,1081,787,470,288,7648,6031,3425,1670,299,235,2680,1635,1256,814,620,274,7759,5199,3285,1664,1242,284,2756,1883,1174,807,523,276,7654,6134,3442,1800,1102,231,4824,3580,2418,1335,647,245,6657,4974,2816,1380,750,231,5028,2777,2008,1230,713,292,6793,4587,2976,1298,711,575,5005,3850,2589,1345,810,264,6622,6004,2919,1862,857,348,4783,3934,2126,1242,700,220,6624,5288,3584,2117,814
Raw Data (Em Spectrum),607,347,2561,1575,1278,685,470,257,7436,5232,3183,2176,838,246,2438,1947,1174,815,501,276,7835,6007,3455,1631,267,259,2694,1759,1347,808,581,255,7864,5439,3277,1673,1318,274,2755,1907,1193,929,518,265,7904,6216,3465,1909,1074,226,4881,3720,2448,1389,658,240,6953,5251,2899,1387,750,251,5337,2795,1980,1328,733,255,7093,4712,3135,1331,819,541,5266,4010,2580,1418,871,261,6655,6011,2845,2014,831,345,5178,4075,2283,1282,733,211,6711,5172,3858,2323,854
Raw Data (Em Spectrum),608,348,2582,1684,1283,705,437,244,7572,5359,3217,2176,856,242,2574,2079,1119,798,463,270,7959,6149,3667,1758,291,236,2805,1714,1376,764,595,242,8179,5504,3402,1786,1308,291,2714,1973,1242,885,488,263,7954,6434,3474,1896,1115,255,5054,3595,2537,1469,703,263,7116,5359,2909,1476,824,261,5436,2971,2172,1200,747,251,7404,4697,3206,1374,828,505,5523,4026,2811,1425,828,242,6899,6192,2856,1992,830,369,5287,4141,2283,1240,711,204,6549,5478,3862,2206,803
Raw Data (Em Spectrum),609,312,2675,1732,1320,681,491,243,7565,5211,3134,2089,866,250,2533,2066,1163,827,491,239,8174,6178,3431,1784,269,220,2749,1738,1357,851,629,243,8256,5609,3397,1796,1251,263,2753,2053,1221,896,482,230,8233,6520,3545,1945,1189,218,5290,3882,2514,1467,646,248,6994,5351,2880,1379,821,250,5646,3018,2188,1348,767,226,7358,4989,3130,1443,771,541,5648,4239,2774,1497,827,228,7141,6402,3093,2014,844,310,5441,4429,2283,1282,694,224,7085,5536,3890,2372,894
Raw Data (Em Spectrum),610,347,2780,1885,1224,681,513,251,7497,5496,3336,2071,842,281,2592,2116,1159,886,463,227,8278,6362,3550,1833,284,244,2921,1929,1379,764,556,218,8352,5616,3423,1802,1316,240,2843,1961,1265,855,497,231,8236,6275,3637,1920,1244,199,5450,3888,2708,1516,679,251,7172,5463,3007,1497,735,268,5902,3109,2129,1366,731,216,7433,5145,3242,1431,842,583,5780,4351,2817,1495,812,225,7361,6257,3022,1959,855,323,5804,4436,2393,1442,731,214,7141,5620,4124,2383,849
Raw Data (Em Spectrum),611,355,2652,1751,1287,737,435,251,7691,5404,3404,2177,861,229,2727,2219,1207,872,444,260,8237,6444,3613,1784,277,229,2956,1966,1382,892,541,217,8677,5754,3624,1822,1331,277,2976,2159,1311,934,470,249,8293,6631,3639,1895,1181,235,5559,4267,2656,1516,726,251,7450,5399,3180,1693,801,197,5865,3142,2359,1380,777,220,7793,5182,3369,1438,817,528,6069,4449,2911,1616,941,226,7532,6653,3122,2146,845,306,5603,4498,2423,1378,748,197,7225,5830,4134,2488,857
Raw Data (Em Spectrum),612,315,2632,1847,1357,760,436,214,7935,5402,3208,2218,853,214,2628,2245,1224,855,454,272,8363,6284,3582,1782,263,211,2877,1966,1453,844,535,227,8486,5912,3550,1762,1246,247,3006,2092,1271,949,430,234,8149,6702,3656,2034,1188,223,5642,4239,2806,1570,688,279,7415,5674,3051,1543,785,225,6041,3197,2286,1291,823,238,7841,5125,3179,1447,855,515,6115,4428,3064,1494,850,225,7773,6504,3028,2074,864,360,5906,4711,2461,1417,774,256,7341,5766,3973,2392,916
Raw Data (Em Spectrum),613,304,2687,1748,1366,765,414,212,7946,5520,3406,2202,873,219,2758,2260,1234,868,452,201,8549,6564,3601,1775,251,201,2979,1908,1528,914,624,242,8504,5876,3448,1796,1245,217,2970,2145,1220,1021,448,201,8476,6694,3703,1926,1108,251,5682,4343,2787,1558,633,235,7695,5826,3169,1608,761,231,6198,3215,2429,1378,749,206,7789,5474,3400,1485,813,569,6080,4496,2945,1574,930,249,7688,6495,3162,2136,880,308,5920,4663,2531,1430,756,176,7407,5881,4220,2413,829
Raw Data (Em Spectrum),614,313,2910,1895,1325,707,454,195,7807,5626,3374,2167,890,257,2815,2361,1274,887,436,234,8578,6613,3756,1856,294,197,3119,1937,1522,901,535,218,8761,5888,3603,1812,1284,243,3175,2208,1265,1022,445,222,8511,6785,3782,1988,1163,227,6141,4458,2929,1620,681,260,7832,5830,3270,1546,837,174,6444,3344,2408,1381,823,211,8096,5429,3360,1504,869,445,6319,4688,3237,1650,925,211,7742,6891,3184,2046,843,324,6282,4783,2702,1430,758,169,7631,6059,4208,2433,936
Raw Data (Em Spectrum),615,287,2872,1991,1375,763,443,214,8166,5640,3371,2151,829,224,2855,2279,1252,847,424,224,8594,6471,3783,1843,297,224,3095,2057,1457,857,558,188,8707,5965,3474,1860,1363,221,3206,2170,1410,982,497,205,8573,6673,3750,1944,1219,221,5969,4875,2858,1702,706,261,7890,5864,3128,1674,786,205,6330,3543,2481,1445,781,217,8286,5449,3434,1424,829,487,6374,4938,3182,1598,920,209,8036,6782,3288,2090,911,346,6273,4800,2674,1426,817,160,7902,5934,4421,2382,859
Raw Data (Em Spectrum),616,285,2924,2102,1436,736,427,173,8158,5771,3415,2085,872,201,3037,2421,1297,846,391,218,8750,6632,3686,1896,280,201,3274,2097,1496,808,551,230,8901,5831,3741,1917,1369,230,3185,2413,1416,1107,506,175,8592,6874,3724,2037,1174,225,6306,4779,3142,1666,709,244,8453,6186,3271,1685,829,220,6864,3588,2651,1642,836,213,8573,5884,3571,1476,836,458,6826,5086,3204,1670,870,216,8324,7077,3485,2387,824,304,6675,5323,2893,1472,853,175,7952,6198,4556,2428,884
Raw Data (Em Spectrum),617,300,3017,2083,1498,754,446,198,8324,6010,3505,2200,885,171,2919,2510,1266,910,446,202,8978,7088,3839,1961,273,173,3388,2283,1651,890,534,198,8876,6078,3683,1915,1307,217,3461,2444,1441,1073,510,190,8995,7112,3785,2068,1168,198,6783,5037,3063,1673,727,310,8405,6480,3510,1685,810,200,7166,3849,2566,1524,827,190,8763,5973,3600,1585,866,495,7166,5300,3637,1778,902,200,8736,7168,3632,2415,946,283,6846,5361,2966,1602,820,149,8244,6561,4593,2483,951
Raw Data (Em Spectrum),618,286,3262,2068,1560,759,425,189,8766,6176,3670,2309,819,182,3140,2620,1376,846,490,174,9550,7161,4001,2001,239,182,3406,2277,1692,886,560,184,9575,6392,3827,1899,1461,204,3625,2364,1403,1053,500,212,9411,7241,4073,2011,1267,189,7010,5021,3369,1884,774,281,8923,6616,3556,1839,856,207,7654,3961,2740,1630,809,169,9468,6017,3857,1647,876,448,7477,5760,3797,1749,956,184,9102,7338,3576,2411,956,279,7584,5641,3090,1580,893,179,8617,6751,4705,2543,1003
Raw Data (Em Spectrum),619,235,3501,2206,1642,759,498,182,9240,6273,3728,2363,845,215,3564,2889,1391,941,511,182,9840,7411,4191,1917,202,177,3741,2474,1745,997,610,177,10219,6597,3860,2001,1487,212,3744,2729,1530,1156,526,200,9574,7578,4300,2201,1300,169,7530,5643,3594,1917,769,281,9642,7019,3832,1834,921,190,8206,4341,3180,1687,911,175,10017,6799,3936,1773,999,412,8099,6000,3911,1852,994,192,9716,7877,4123,2524,1014,276,7755,6063,3329,1788,923,177,9448,7343,4983,2583,1012
Raw Data (Em Spectrum),620,258,3773,2442,1702,792,539,175,9615,6765,4124,2321,985,196,3466,3105,1545,983,459,186,10293,7804,4405,2084,245,173,4011,2577,1823,1047,560,186,10469,7095,4080,2102,1555,211,4070,2796,1666,1233,619,162,10208,7980,4482,2267,1315,201,8191,5937,3709,2027,856,268,10061,7714,4101,2056,988,178,8808,4655,3211,1958,928,157,10608,7260,4258,1872,1014,459,8676,6494,4119,1973,1042,173,10420,8436,4302,2773,1016,266,8439,6530,3600,1854,1006,150,10389,7851,5254,2690,1052
Raw Data (Em Spectrum),621,266,4049,2687,1904,849,526,150,10515,7386,4354,2537,1041,174,3913,3190,1701,1241,560,181,11225,8451,4730,2285,252,181,4638,2814,2069,1097,642,158,11654,7649,4454,2356,1586,213,4541,3092,1775,1370,605,168,10991,8538,4667,2566,1409,155,9082,6747,4202,2151,997,224,11199,8491,4475,2348,1033,171,9608,5201,3610,2122,1015,163,11759,7875,4728,2143,1049,429,9658,7273,4749,2327,1136,166,11612,8730,4404,3016,1160,210,9474,7378,3860,2025,1073,168,11323,8407,5958,2753,1041
Raw Data (Em Spectrum),622,250,4645,2990,1945,1005,629,156,11418,8009,4873,2738,1037,185,4532,3608,1851,1265,551,180,12654,9548,5212,2450,234,167,4968,3262,2182,1136,591,148,12203,8611,4965,2431,1840,188,5040,3417,2031,1437,725,175,12401,9688,5212,2601,1642,172,10013,7815,4798,2547,1007,193,12759,9586,4911,2456,1198,204,10827,5776,4068,2329,1236,180,13183,8699,5199,2375,1174,451,11120,8154,5381,2490,1187,175,13175,9914,5268,3345,1319,274,10424,8490,4339,2206,1091,148,12700,9693,6314,3240,1187
Raw Data (Em Spectrum),623,247,5192,3328,2359,1194,656,148,13199,8907,5302,2960,1200,167,5220,4275,2158,1428,681,176,14188,10585,5884,2812,275,195,5849,3657,2416,1378,637,151,14177,9654,5629,2861,1988,211,5733,3863,2345,1601,714,206,14278,10728,5788,2894,1782,154,11645,8567,5730,2839,1186,178,14583,10978,5785,2891,1236,181,12466,6744,4605,2773,1203,137,15212,10245,5695,2636,1312,428,12801,9113,6247,2930,1458,154,14918,11142,6011,3830,1312,291,12282,9627,5385,2592,1277,148,14750,10934,7076,3355,1384
Raw Data (Em Spectrum),624,282,6044,3913,2668,1326,722,176,14960,10253,6052,3437,1306,157,5918,4847,2450,1605,666,165,16003,12088,6486,3090,308,176,6662,4162,3015,1577,716,162,16482,10935,6606,2970,2159,190,6435,4525,2668,1835,836,162,15956,12144,6665,3351,1860,190,13998,10046,6290,3365,1314,157,16876,12692,6726,3174,1541,145,14583,7702,5395,2981,1558,140,17698,11481,6519,3023,1572,445,15047,11067,6958,3297,1580,173,17077,13455,6707,4315,1703,238,14303,10944,5949,3090,1468,145,16663,12790,8004,3555,1684
Raw Data (Em Spectrum),625,240,7049,4697,3157,1426,844,143,17612,11886,7295,3932,1511,145,7009,6091,2877,1817,750,185,18821,14110,7566,3542,317,165,8005,4908,3433,1956,796,171,19055,12984,7312,3656,2655,200,8065,5327,2946,2067,904,188,19032,13953,7620,3873,2259,163,16101,12194,7605,4098,1403,174,20124,14547,8065,3924,1683,171,17472,9297,6548,3824,1742,128,20686,13825,7668,3659,1811,419,17675,13149,8495,3833,1905,137,20432,15188,7982,5213,1951,285,17378,13372,6938,3747,1839,157,20016,15003,9647,4024,1808
Raw Data (Em Spectrum),626,259,8470,5500,3829,1703,993,134,20722,14217,8237,4624,1869,160,8685,6924,3447,2175,996,157,21901,16989,9081,4452,323,163,9189,5980,4120,2050,833,154,22853,15324,8755,4254,2979,189,9739,6272,3444,2321,1083,195,22236,16873,9043,4749,2655,183,19787,14669,9093,4746,1732,169,24338,17615,9329,4661,2227,242,21415,11428,7719,4321,2059,148,24897,16669,9003,4196,1971,402,21205,15641,10269,4603,2195,143,24105,18046,9477,6438,2181,294,20795,16087,8301,4088,2111,137,23418,18000,11157,4659,2224
Raw Data (Em Spectrum),627,279,9932,6607,4190,2256,1120,169,24890,16762,9810,5245,1914,196,9947,7944,4268,2654,1052,175,26263,19288,10645,5177,389,187,11026,6999,4794,2535,924,166,26584,18114,10301,5014,3447,214,11388,7593,4104,2811,1242,190,26075,20129,10604,5537,3123,163,23425,16922,11103,5641,2003,178,29030,21326,11261,5412,2392,175,25312,13041,9341,5186,2609,158,29407,19659,10541,5132,2571,404,25353,18586,11825,5516,2556,175,28914,21184,11079,7480,2687,256,25133,19237,10054,5251,2464,128,28382,21413,13267,5379,2722
Raw Data (Em Spectrum),628,273,12185,7985,5256,2523,1319,158,29836,20446,11488,6187,2529,188,12110,9574,4971,3145,1228,188,31825,23719,12492,6002,485,182,13526,8698,5856,3011,1031,155,32238,21614,12710,6029,4416,197,13793,9189,5207,3257,1453,191,31846,24046,13062,6399,3648,155,28562,20741,13247,6866,2411,176,34727,25884,13947,6760,3090,115,30982,16261,11482,6284,3066,152,36850,24280,12343,6102,2954,415,31677,22915,14669,6475,3251,155,35458,26196,13923,8995,3303,237,30382,23215,12361,6557,2917,149,34379,25905,16082,6396,3136
Raw Data (Em Spectrum),629,270,15122,9812,6401,3166,1608,149,36110,24327,14156,7510,3049,195,14692,11693,6051,3944,1568,164,38303,29290,15423,7386,558,183,16405,10391,7414,3653,1267,173,38796,26775,15032,7680,5419,180,16817,11281,6305,4012,1710,192,38718,29408,15438,7897,4486,195,36134,26260,16204,8374,2832,170,42309,31379,16513,7904,3386,130,38610,20386,14190,7770,3643,152,44530,29848,14862,7640,3678,406,37829,27726,18255,8545,3829,152,43015,31261,17149,11026,3929,294,37144,28606,15156,7761,3771,158,42306,31958,19432,7659,3740
Raw Data (Em Spectrum),630,326,18834,11927,7718,3848,1946,155,44672,30523,17683,9151,3674,181,18311,14596,7747,4612,1804,190,48032,35839,19468,9151,558,174,20425,12656,9119,4596,1490,190,48767,32840,18587,9249,6371,225,20840,13927,7813,4827,2266,184,47503,36333,19728,9601,5309,181,44229,32466,20469,10555,3636,171,53512,39395,20970,10507,4643,190,47614,24637,17033,9740,4615,184,56153,37750,18653,9274,4517,390,47563,34710,22244,10187,4735,143,54821,38790,21335,13651,5220,295,45503,35648,18872,9873,4681,139,52698,39813,23946,9090,4954
Raw Data (Em Spectrum),631,314,23088,14772,9700,4724,2363,168,54596,37350,21856,11229,4659,223,23218,18271,9273,5771,2176,200,59323,43920,23722,11077,685,204,25837,15956,10964,5739,1710,175,59096,40389,22804,11106,7941,213,25924,17285,9709,5781,2771,200,59232,44844,24275,11597,6399,181,54751,40308,25255,13004,4504,165,66924,48931,26383,12561,5325,152,58983,30984,21177,12228,5813,178,68266,46296,22956,11791,5616,394,59326,42817,27789,12558,5661,136,67124,47913,26089,17340,6104,320,57273,43380,23606,11976,5668,149,65660,48766,29513,11239,5910
Raw Data (Em Spectrum),632,350,29059,18331,12318,5908,2982,165,68574,47215,27168,14166,5756,202,28335,22649,11640,7223,2754,225,73748,54898,29452,14000,843,185,31823,19849,13799,7114,2007,218,74816,50769,28510,14004,10143,231,32583,21234,12110,7104,3372,241,73080,55519,29819,14910,8334,202,68617,51172,31340,16189,5640,188,82707,61172,32679,15356,6651,145,73755,38623,26821,15488,6906,169,85709,57966,28751,14358,6952,433,73973,54590,34838,15339,7058,136,83993,60184,32907,21521,7792,304,71636,55209,29545,15270,7038,152,82066,61797,36590,13564,7270
Raw Data (Em Spectrum),633,372,36180,22668,15302,7167,3506,173,85326,58607,33841,17102,6663,210,35916,28688,14618,9069,3479,247,92665,68776,37371,17707,1073,240,39709,24485,17728,8896,2545,210,92513,63585,35736,17968,12564,206,41360,26631,15071,8649,4132,277,92256,70078,37523,18530,10212,217,86348,63088,40091,20296,6944,200,103642,76545,41499,19663,8673,186,92645,48635,33882,19393,8818,156,108258,71578,35357,18777,8920,420,92801,67991,44118,19142,8514,179,105453,74065,41154,26823,9485,321,89633,69300,37154,19162,9014,146,103148,76981,45874,16760,9190
Raw Data (Em Spectrum),634,367,45216,28158,19121,9072,4254,166,105230,72516,41924,21090,8470,225,44500,34534,17985,11063,4316,280,112641,84777,45580,21717,1243,242,49276,30550,21506,10983,3084,239,114963,79515,44216,21416,16002,277,50606,32842,18352,10616,5102,301,112187,86573,46140,23461,12132,208,106549,76857,49038,25102,8698,204,128352,94728,50388,24212,10360,204,113929,60637,41564,23558,11025,149,133119,89211,43756,22506,10741,440,114970,84576,54185,24064,10581,173,131028,91101,50720,33316,11696,336,111869,85635,45749,23309,10817,183,127798,95154,56545,20786,11177
Raw Data (Em Spectrum),635,510,55910,34292,23489,11087,5616,170,131191,91215,51466,26355,10672,202,55502,42619,22546,13380,5357,269,140860,104942,56494,26837,1594,241,62072,37304,27156,13624,3742,255,143422,97480,54585,27166,18896,223,63259,40489,22968,13068,6389,294,139812,106873,57214,28350,15169,237,132144,97731,61338,31139,10804,227,159013,116996,62468,30621,13589,266,143525,75628,51849,29292,13418,188,165873,111557,54074,27815,13185,386,142579,104793,66752,30320,13684,163,161539,114495,63290,40904,14705,340,137406,107032,57150,29243,13323,152,157794,117347,70175,25147,13939
Raw Data (Em Spectrum),636,453,67273,41714,28629,13556,6546,188,156668,108538,62218,31446,12683,293,66690,51899,26714,16662,6238,293,171274,126297,67823,32384,1857,257,73674,45230,32659,16373,4555,290,170904,116706,66125,32854,23437,268,75741,49270,27633,16293,7998,286,167953,128415,69431,34418,18538,253,159850,118639,74250,37796,13053,246,190489,141041,75741,37022,16380,286,172143,90778,62584,35809,16510,170,198823,132996,65491,33680,16369,485,172454,125218,80836,36294,16395,203,194667,138036,76538,49774,17756,373,166972,130226,69376,34766,16500,145,190224,142739,84134,30501,16930
Raw Data (Em Spectrum),637,558,82659,51346,34948,16631,8312,189,193274,133047,76751,39314,15965,292,82740,63910,32951,20314,7557,285,209624,154755,84286,40383,2181,333,90786,55753,39385,20358,5398,329,209443,144605,80973,39936,28355,303,93415,60730,34027,19278,9454,381,206825,158297,84733,41389,22366,307,197726,146532,91152,46587,15777,251,236131,174048,92564,44421,19692,263,212759,112656,78536,43652,20820,200,244339,164305,80108,40949,19615,458,212833,156592,99479,45334,20288,185,239969,168923,94284,61994,21907,414,206304,159461,85391,43796,20288,181,234260,174654,103472,37466,20964
Raw Data (Em Spectrum),638,684,100577,62762,42307,20081,9763,231,235097,162406,93178,47683,18728,261,99859,77463,40065,25265,9532,367,252007,188257,101178,48443,2526,314,110726,68434,48213,24176,6564,397,255152,176683,98982,48965,35028,302,113433,73697,41320,23522,11415,476,250649,191157,102555,51313,26797,310,242270,178426,111837,57741,19722,325,288868,213296,111856,54822,23673,299,259894,136396,95507,53132,25292,181,297142,200761,97220,51533,24358,412,259849,189335,123305,55049,24619,185,291024,205461,114514,74639,26040,427,252445,194855,104052,53994,24736,185,283352,212021,126455,45199,25401
Raw Data (Em Spectrum),639,735,120696,75266,49686,23645,11896,251,278314,192793,111268,56166,22245,402,120340,92659,47887,30006,11478,410,304173,223390,121272,57481,3230,329,132151,81471,57462,29054,7525,344,303712,207540,117361,58634,41693,375,135633,87951,49713,28060,13846,507,299078,227658,122696,60866,31932,317,286582,212980,133869,68917,23673,244,342028,254247,135412,65257,28961,302,309925,164756,113202,64104,30168,182,355417,239217,116572,59551,29050,495,313535,227317,147111,65555,29170,224,348226,244316,137134,89526,31275,398,301472,233712,124951,63605,29394,190,340036,252255,150322,53222,30814
Raw Data (Em Spectrum),640,865,142662,89932,60012,28121,14078,241,331020,229266,131859,66860,26829,352,142223,109980,57298,35368,13387,466,358727,267546,142152,67879,3635,490,158012,97036,69397,34285,9017,466,359809,249082,139592,68626,48376,328,160522,104358,59214,32543,16394,561,354463,270451,145293,72550,38300,415,342740,253496,160474,80919,28042,300,403993,299117,160494,77939,33792,395,368866,195159,135960,76556,36301,217,422374,283917,137545,72123,34376,553,368550,271928,174470,77805,34839,213,410323,289125,163149,105002,37699,494,357091,279839,147431,75091,35076,190,401247,298864,178986,63790,36040
Raw Data (Em Spectrum),641,1010,167386,104163,70165,32854,16526,263,385999,269027,152529,77151,31169,465,166044,128418,67179,41655,15714,477,416549,311094,166687,80755,4178,436,182227,113779,80174,39953,10700,562,417095,287929,163135,79248,57930,396,188942,122038,68448,38669,19225,610,411539,315833,169936,83830,44067,432,402036,296604,187973,95184,32507,315,471465,349524,187193,90109,39695,420,433694,228718,159466,89495,41731,238,490521,329495,160363,83253,40281,574,432154,317623,204499,91972,41299,222,476710,337289,189092,122830,43832,517,418921,323018,173495,88433,40786,214,468156,349415,208289,73991,41905
Raw Data (Em Spectrum),642,1062,194853,121485,80604,38380,18709,244,444137,306448,176727,90014,35748,384,191092,149029,77889,47625,18200,595,479385,358698,192757,92345,4951,500,213971,130887,92969,47018,12196,587,484414,329649,187071,91684,66371,376,218393,140590,79030,44679,22031,686,474855,361144,196787,96999,51353,479,463821,344093,217789,110963,37794,339,542462,402091,214768,104061,44976,479,501375,264299,184579,104053,48208,260,565155,380436,184413,95949,46472,558,503983,368484,238581,106851,46890,215,550500,390036,217636,141785,50092,608,486043,375749,200915,102768,47894,211,539834,404343,239366,84832,48518
Raw Data (Em Spectrum),643,1183,219139,137464,92283,44083,20850,253,498375,345935,198964,100553,40506,524,216723,167745,87524,54616,20318,672,541731,401057,215460,104484,5710,566,239470,148419,105452,52673,13633,638,543336,373352,210764,102267,74313,351,246522,160802,89082,50473,25078,743,533703,408520,220207,108032,57542,486,527668,391301,245420,126843,42879,372,608975,453789,241252,117581,50963,486,566492,298938,208331,116381,54704,245,634635,428623,207554,108395,51980,591,567700,414614,270224,118679,53877,262,619102,437428,244842,158589,56001,688,552361,425257,227995,115862,53826,228,601415,451792,268990,96114,53758
Raw Data (Em Spectrum),644,1324,244443,151994,102099,48429,24143,285,556329,385183,219372,111420,44995,513,243041,187150,98389,60080,23242,699,598961,447027,241475,115937,6121,647,266317,164663,116441,59567,15283,720,600436,415641,234246,114155,82877,466,275984,179062,99536,55999,28638,845,592356,452458,244581,121497,64596,556,588793,434587,273193,139959,48675,401,676860,505403,270635,131138,56914,466,634267,334791,234901,132751,61158,259,707197,475199,231666,119957,58147,669,638892,466826,301581,133640,60261,233,690978,488507,271567,177414,63125,759,614364,473750,255326,130517,60352,220,672866,504920,298993,106382,61434
Raw Data (Em Spectrum),645,1365,270711,168014,114410,53047,26444,265,611736,422788,243317,123768,49420,517,267353,207660,107906,67668,25516,786,661364,493836,265188,127776,6712,658,298224,183576,129852,65304,16604,782,665800,457375,259431,127966,91474,464,306646,197865,111291,62065,30951,875,654970,500865,270039,134253,71035,588,653738,484045,304070,157339,52632,376,750562,559621,297270,143399,62998,499,701805,375016,259625,145816,68074,283,779406,521756,254906,131951,63621,729,708906,517412,335348,149033,66629,305,756823,535453,298383,195421,68322,729,681481,529364,282508,146938,66581,203,742176,555808,330969,116504,66369
Raw Data (Em Spectrum),646,1542,293737,182548,123944,58342,28101,326,659033,457162,263483,132212,53892,651,288807,225892,117385,72689,27278,782,713852,531285,287174,136889,7237,624,322300,199175,141208,69849,18553,715,714815,492442,280385,136893,97557,498,331174,215222,120533,67094,33176,927,705579,539182,291037,144537,75050,620,709799,527056,332400,169205,57352,384,808482,599420,320233,154827,67732,421,764111,405709,283529,159431,73779,344,845294,567564,274759,142185,68379,697,767653,563240,363382,161154,73241,299,819613,578822,326285,211545,76172,850,737457,573299,308717,157382,72725,199,801987,598049,356100,126576,72305
Raw Data (Em Spectrum),647,1637,315084,196722,131893,62923,30520,347,706090,488627,281631,143142,57312,638,312693,242646,126675,78091,29581,888,760826,569678,306221,146584,7568,689,348232,213985,151043,76384,19872,786,765896,526613,300324,147014,105582,555,357201,230804,128914,71907,35858,990,753790,574443,310694,154540,81255,601,764961,565700,358450,182970,61846,426,864640,644494,343602,166174,72041,555,823102,436920,304917,170873,80099,319,902076,606883,293209,151746,73766,722,828486,609223,394179,175471,78156,241,879161,622767,348681,226345,80131,842,798363,617845,332292,168204,77938,245,854769,642297,382226,134890,77050
Raw Data (Em Spectrum),648,1770,334855,208363,140002,66377,32772,336,744030,514413,294490,149465,60422,715,331035,256368,132329,83859,30490,914,803851,598641,324412,154857,8360,724,365393,226124,161247,80683,21146,852,807889,552671,315394,154909,109682,573,376787,243289,136651,75750,37586,999,791936,607375,327091,163150,85256,724,813201,601368,380224,194384,66543,393,911929,677198,363452,174062,76882,563,875104,463458,322736,181910,84233,308,950235,639555,307650,161053,77312,833,882499,645155,418061,183965,82198,260,924847,653392,366486,239360,84366,866,845660,654798,352720,181821,82056,260,904563,676891,402382,142738,80725
Raw Data (Em Spectrum),649,1638,349231,216362,145312,69615,34172,425,772472,536072,308010,154008,62702,739,344680,269167,140269,87107,32689,792,834136,622035,335386,159862,8541,754,381988,235192,167611,84131,22091,850,839793,573718,326150,160350,114541,594,394934,254129,142805,79919,39501,1048,822224,626484,338333,167867,88653,758,849261,628918,396262,203310,68837,420,950431,704872,377857,182591,79378,642,918031,484857,341540,190503,87909,377,989294,663782,322029,167447,80272,773,917814,675728,436632,192402,86658,338,962068,679167,381872,245999,86363,918,889211,688747,366225,187909,85272,237,937494,703505,418484,147095,83610
Raw Data (Em Spectrum),650,1757,360028,221460,150360,70635,34511,376,782947,542187,313393,157422,64246,742,353135,273706,143046,88162,34145,930,848401,631102,342461,162113,8640,846,390239,238928,171391,86104,22397,940,857441,582730,333267,161103,116987,599,405158,260291,146713,80997,40959,1118,839736,641063,346524,171070,90498,732,874548,647491,408612,209594,71338,480,967402,715400,382831,186257,80992,683,939646,497126,346370,193956,91191,312,1008544,670626,327734,169268,81319,683,945455,692077,445370,197321,88954,287,979239,693221,388368,253769,89741,881,908698,707151,377932,192596,88905,257,955679,717488,425809,149920,85683
Raw Data (Em Spectrum),651,1928,365551,229620,153865,71543,34878,365,805061,556649,321208,161309,64931,690,362917,281199,146923,90994,34371,858,870316,647714,349855,167353,8728,822,403535,248655,175387,88264,23130,802,874320,595029,338899,165943,120154,568,413436,267432,149785,83748,42531,1000,853291,655570,351499,176412,92035,716,902850,666328,419059,216329,72863,467,992601,733233,391701,189327,82910,599,966045,510637,357132,201034,93892,376,1029154,690758,335717,174169,83327,847,971541,711732,459920,205302,90984,320,1004511,709235,395568,258317,92669,974,934755,729189,387184,198766,90578,264,978428,732711,438850,152368,87640
Raw Data (Em Spectrum),652,1833,369642,229426,154039,72784,35882,359,804665,556881,318865,162369,65391,708,363191,280739,147401,90397,34414,864,862663,646508,350035,165144,8455,745,403952,248278,175317,88976,22049,1036,873534,592170,341528,167888,121406,646,416910,268109,151649,83858,41822,1093,862127,657275,352107,175832,91214,729,904589,669259,424615,215900,73180,495,990410,736978,391488,189181,82712,557,981554,517053,357767,200859,95041,422,1031368,688054,331105,174604,83967,734,981846,719349,463158,206378,90746,307,1007716,710514,395892,257634,91240,880,942783,731610,390030,200141,92172,219,977623,734453,434002,154257,87752
Raw Data (Em Spectrum),653,1757,367411,228125,154632,72966,34861,405,799497,552672,316043,160862,65282,639,363950,281362,147247,90713,34041,937,865685,642810,348955,165527,9148,740,402997,247779,175926,89244,23413,948,869045,589503,338114,164994,119984,618,414892,268934,151118,82604,41544,1193,852133,651101,351181,173290,91709,687,909785,674642,423817,217060,73243,463,987442,730408,386005,189132,82577,634,979215,515760,359286,201272,94489,405,1026648,691138,332789,173519,81661,751,982026,715706,465835,207002,92604,314,1001078,707032,393189,255739,90431,953,944082,733672,389807,201272,91155,293,976302,725030,434882,151389,87279
Raw Data (Em Spectrum),654,1777,361989,225831,151868,72322,34802,328,783054,542458,313400,156079,63972,733,357346,278532,144606,89220,33834,859,849585,630918,339956,162335,8728,831,398661,245786,173584,87558,22656,875,854950,580169,332584,161116,116913,509,407602,264117,149052,81509,41151,1072,837122,642435,343455,170402,89691,798,897933,662472,419042,213975,72820,514,970868,717469,383218,187010,81952,591,968566,513206,357028,199161,93677,355,1013014,676017,324190,170002,81537,837,966712,708370,457432,204832,90325,295,976982,692822,390042,250413,88794,1039,933687,725197,385651,197531,91101,279,960144,717972,430171,149211,86393
Raw Data (Em Spectrum),655,1764,352297,219289,147159,68887,34373,347,758024,524399,301868,152547,62307,666,347817,271000,141072,86527,32951,958,819821,610949,328681,154983,8311,862,383276,236688,167807,84074,21493,924,826737,559864,322454,155616,113038,627,397041,256490,144830,79740,39856,1030,808531,618005,332540,164761,86230,812,874724,644000,410683,209584,69755,526,939786,694664,370032,178145,77511,728,942318,498706,345521,192408,91013,342,978780,651493,314994,164318,78071,717,948831,691976,448030,197549,89271,291,953339,671049,372681,244125,85637,890,909467,706587,375963,192268,87770,258,923798,685861,411159,144303,82484
Raw Data (Em Spectrum),656,1704,341929,212324,141478,66281,32588,414,739819,507373,291884,148644,60019,673,335995,262427,136039,84515,32099,909,793139,592510,319919,151303,8127,765,374764,229505,162578,82299,20996,875,802400,543110,314152,152627,110594,570,386805,250294,141173,77781,39109,973,789467,599192,324483,161456,83554,656,854114,631683,395985,203207,68169,489,912729,672956,356260,173105,76210,650,923400,485306,337082,190447,89707,409,954607,634227,306417,159102,76716,771,924902,673998,435831,192087,85143,305,920718,652449,361998,235790,82144,909,893206,692543,366787,189451,86236,259,899698,670953,403226,140828,79634
Raw Data (Em Spectrum),657,1599,324635,201778,136498,63534,31171,378,705003,485984,277940,141471,58059,720,322493,250438,130981,81802,29920,690,760956,567745,303948,145808,7735,879,356667,218771,156600,78993,20763,832,765039,513598,298136,144162,102960,537,370905,238030,133176,74798,36440,1038,748241,576306,307117,152948,80197,696,818791,605902,382027,195294,65676,496,870867,642973,340672,164335,70987,572,889104,467363,323696,180573,83920,354,906670,604722,291764,151543,73730,808,891223,646932,417977,184343,82716,330,892609,624417,345492,225498,80079,903,852959,661441,351764,181104,82586,283,857638,641711,381212,133559,76639
Raw Data (Em Spectrum),658,1593,310571,192747,129378,61395,29510,406,671157,462592,263644,133726,54594,642,306035,239553,122911,76389,28675,836,722766,539133,291634,137305,7158,763,343763,210751,148842,74615,19633,818,730796,492375,282786,136906,98693,527,354204,224765,128900,71163,34591,896,717467,545310,291368,144088,75705,733,788309,581572,365189,188829,63115,466,833037,612766,324748,157653,68335,660,849201,446944,311207,173744,80283,412,867132,578623,277578,146638,68813,769,851926,620857,401100,174876,80550,351,838373,591855,328018,215348,74821,908,820926,639079,334625,173635,78509,266,821392,611210,363996,127119,73034
Raw Data (Em Spectrum),659,1578,292248,180423,121805,58047,27989,429,630766,434211,249438,126676,51584,652,289172,226216,116143,73073,27821,839,684656,506563,272524,129423,6997,677,319590,196238,140752,70742,18319,851,685457,461796,268385,131132,93524,522,332199,214446,119866,66063,33308,814,671332,512324,275979,137346,71631,652,746077,546725,345677,176073,59663,466,778875,575770,307180,145872,64895,572,800551,424001,291651,163477,76733,441,813768,544333,258716,135513,64889,783,807585,588590,379172,164484,74396,379,792820,555686,309001,200787,70519,833,773140,597669,319478,161321,75229,317,765086,573714,343291,119847,67449
Raw Data (Em Spectrum),660,1530,279195,172900,116202,54246,27126,429,602063,413301,236610,121043,48117,602,274475,212398,109747,68692,25711,762,649098,485887,261963,124450,6871,666,305258,187423,132704,66643,17476,788,653344,439697,254938,123156,88538,570,312987,204553,113999,63422,31244,909,642349,488199,261668,130296,68327,704,709395,522171,328241,168180,57550,435,744097,546639,289358,140196,61488,608,761925,399687,278702,156884,72874,442,773413,517842,249578,128766,62257,634,766216,559389,358831,158402,70716,314,754868,532007,293610,191644,67540,877,741280,573944,302575,153817,70441,282,732436,546857,325788,114287,64255
Raw Data (Em Spectrum),661,1343,260948,163743,109098,51283,25810,390,570849,396544,225250,113810,46769,675,259148,201452,103089,64300,24533,781,614495,456324,246110,117119,6360,715,290047,177680,126880,62811,16492,821,619968,415782,241014,116199,83916,476,296698,193484,106894,59357,29960,834,606440,464167,247976,123082,64923,655,675506,498785,312111,161473,53679,496,705651,520777,275117,132810,57510,529,728053,381177,265977,150334,70184,357,737192,490493,233457,122870,58695,728,733718,533199,345301,153200,68476,357,715525,503425,277612,181353,63539,880,706816,545277,288571,147740,67504,324,694447,518646,308558,107675,61455
Raw Data (Em Spectrum),662,1356,246680,154039,102925,48055,23513,375,535390,369635,210920,107102,44265,613,243661,188825,98481,61835,22995,675,581379,432847,233438,112030,6188,709,272476,165775,119581,59866,15075,770,581754,391430,227106,110353,80148,566,277778,181451,101466,55899,28154,845,574591,435627,235114,116174,60091,634,640972,470549,296425,151954,50985,443,667668,491697,257843,124747,54529,470,690663,361136,253434,143871,65250,409,692659,462364,221061,114756,55231,634,692434,504100,325717,141867,63805,334,677298,474645,263452,171044,59736,845,662004,517540,271767,139571,63239,259,655482,488378,288846,102400,57705
Raw Data (Em Spectrum),663,1282,229373,140272,96520,45328,21914,385,502876,344985,197020,99722,40305,624,228168,176556,92926,56201,20864,799,543511,403946,217617,103372,5528,596,254545,155342,109341,55739,14502,820,544527,366521,213112,101838,73947,546,262042,168828,94068,52831,26706,799,535125,408262,217400,107954,57308,624,597947,439361,278442,141085,47913,427,621507,457492,241760,118267,51619,511,644907,338441,234635,131143,60405,378,648529,428922,206373,108031,50793,666,643674,469248,304525,134920,58976,322,631393,443130,245774,158586,56075,764,620604,480871,255064,129749,59613,280,610950,455510,270582,94461,53504
Raw Data (Em Spectrum),664,1225,215234,132590,89496,42799,20974,411,471818,323384,185779,94093,38469,569,212056,165367,84971,52598,20917,684,510532,377034,204563,96463,5692,692,236568,144731,102148,50948,13762,728,510928,344164,196724,96319,68644,519,240394,158421,86722,48152,23489,800,500560,383468,205298,100894,53549,533,565579,415618,261066,132568,44622,468,582497,427485,226395,109058,48758,670,607701,320970,220947,124038,56373,389,606656,402511,193733,99763,48714,555,611721,443278,283344,124650,56748,375,593060,416979,232036,148377,52367,713,583513,451694,238074,121941,55221,303,572395,424595,252758,87572,50141
Raw Data (Em Spectrum),665,1277,200482,124843,83523,39226,19583,371,440732,305912,172747,88155,36205,490,197297,153535,79336,49612,18849,690,474917,351500,189020,89336,4959,631,220681,135815,95386,48380,12390,683,478793,323676,188582,90924,65498,497,226435,146616,81496,45321,23459,713,473106,360171,191544,96960,50132,572,531604,391595,244251,125073,42233,431,544937,396056,211120,101510,44111,512,571595,297657,206532,115081,54244,341,569902,379650,181455,94629,44430,624,575099,417882,266982,118540,51906,379,554513,389776,216784,139838,48973,772,549332,425461,224876,114383,51728,312,535568,398937,237763,82788,47407
Raw Data (Em Spectrum),666,1138,180491,112052,76038,35984,17430,466,404091,275983,157187,80285,33188,657,181881,140001,72250,45249,17285,642,434866,321232,174518,81003,4407,680,199861,123563,87748,43660,11618,642,437379,291718,168583,82317,59219,542,207675,134020,74740,41063,20829,833,428977,325815,173693,87893,45615,626,481917,356620,224502,112763,38214,397,497254,365129,193437,92300,40925,443,524668,273295,189007,105697,49114,420,518053,341993,165039,84822,41223,558,527616,380657,245003,107202,48946,351,504992,355436,193964,126955,44714,787,502647,389159,206025,105827,47128,321,489364,365503,215176,76245,43225
Raw Data (Em Spectrum),667,1108,169887,104157,70321,33278,16548,362,376212,257794,149769,75753,30212,542,167733,129935,66831,40903,15920,653,408161,301433,163079,76775,4552,692,185924,112152,81044,40785,10267,621,408940,275310,160390,75950,54669,519,190909,123260,69095,38616,18781,645,400198,307330,164085,82074,42232,550,454827,332196,209871,106185,35620,448,464850,340151,182741,86138,38128,464,489457,257118,177002,97318,45597,425,483246,323438,152372,81351,38584,527,492185,355497,228990,100674,44032,354,470857,332935,182937,118017,41336,676,469953,368256,192135,96107,44520,299,458184,341126,201946,70274,39237
Raw Data (Em Spectrum),668,1165,156228,96537,64967,30671,14680,405,348127,241265,136644,70228,28462,615,156244,120515,62022,38602,14340,639,375828,280991,150708,71393,3982,591,172486,103917,73748,37444,9784,680,380077,254723,146638,70406,51801,494,177187,113547,64530,35794,17788,728,372583,283095,152562,76427,39112,526,422094,309275,195720,99523,33503,421,434872,319261,168706,79817,34895,494,454027,240472,162880,92846,42964,308,448184,297217,142673,74088,35187,688,455176,329895,212415,93130,41701,324,441476,307681,170600,110035,38675,558,440343,341840,176394,90597,41895,308,425493,316137,186583,66011,37185
Raw Data (Em Spectrum),669,1068,141624,89800,59397,28360,13871,367,321599,222674,127285,65111,26833,500,143559,113030,58137,35191,13654,609,350426,262152,139588,66387,3695,609,156846,96707,69256,34407,9058,617,352128,236403,138487,65628,47603,484,164086,105373,59230,32839,15873,617,346681,261902,140339,71842,36300,509,391348,286458,182128,90367,31454,409,400832,295800,155870,74519,33181,509,421993,221481,153259,85088,39879,442,415520,279202,133316,69181,33690,576,424771,310372,198260,87223,39136,359,407730,287518,157405,104039,35608,551,406478,315811,165337,84662,38035,300,394642,291780,173795,62183,35208
Raw Data (Em Spectrum),670,922,132506,83179,55447,26465,12827,440,299959,204125,118204,60507,25043,578,129997,102248,52309,32611,12776,690,324717,240883,130790,61619,3534,647,146497,91369,63343,31973,8293,552,325122,218495,126471,61990,45042,560,150074,97481,53999,29948,14974,629,320226,243538,128058,64507,33689,552,360871,265029,167100,85739,28801,457,370052,272684,143118,68757,30448,448,389810,205771,140497,79714,36491,371,386681,254908,122446,62352,30198,569,392759,284709,181246,80455,36275,362,374000,264201,145471,93438,33534,629,376742,291744,153022,77610,35904,319,360897,269123,161186,56257,31258
Raw Data (Em Spectrum),671,958,123744,75268,51286,24171,12493,376,279426,192328,108755,55017,23231,537,121757,93542,49505,30050,11750,573,300823,224937,121802,57586,3141,555,136290,83895,59348,30462,7982,528,307910,203004,117417,56682,41343,501,139959,89363,51876,27983,14139,689,298156,226870,122241,61210,32037,528,341978,249099,158188,79671,26471,447,345916,253860,134214,65031,28099,501,365022,194627,131977,74114,34945,331,361469,242208,114321,59492,29048,573,365550,269994,171719,75197,33263,367,351947,246656,136791,87367,30542,626,351106,272867,145024,74418,33907,367,335374,251121,149436,54427,30578
Raw Data (Em Spectrum),672,813,112573,69830,47046,22914,11194,462,262605,180085,103356,53336,21879,536,113155,88616,45310,28122,10907,582,284835,210489,112453,53262,2937,637,124791,75843,54601,26931,7028,536,283071,189459,110485,53123,38355,536,129788,82760,47000,25795,13059,619,280264,211578,111834,58424,29545,628,316846,231130,146190,74337,25342,471,324447,237512,125586,58923,25703,554,341025,180685,121947,68953,31503,369,339353,224037,106468,56393,26746,563,345402,249601,159425,70708,31623,443,329397,232580,128975,82104,28880,665,328880,254709,133103,68270,31798,379,319506,236080,140538,50103,28889
Raw Data (Em Spectrum),673,840,105844,64637,44081,20604,10760,411,244817,168781,96248,47480,19868,525,104812,80314,41694,27105,9777,516,263463,196478,104660,49742,3007,468,115525,70174,51509,25616,6779,582,264733,176342,102321,48740,34524,458,119878,77354,42334,24031,11944,659,260513,196621,106493,53151,27735,554,292784,217358,138716,68971,23382,411,301195,223240,117778,56636,24709,554,315325,165897,115047,63825,29483,391,312518,207830,100134,52339,24938,678,318199,231365,147280,64837,29502,382,306465,214122,117950,77889,26809,601,306312,236520,125110,64207,28776,363,295237,218428,128691,46477,26065
Raw Data (Em Spectrum),674,879,97501,59950,41689,19358,9906,484,229313,159347,89639,46113,18617,642,96523,75693,39466,24513,9353,681,246083,182577,97185,46301,2805,622,107446,65570,47071,23694,6370,583,248947,165678,95298,46469,33659,474,111713,71753,40701,22133,10844,583,242290,185579,100563,52079,25788,612,275801,201737,125303,65343,21442,435,282873,208769,108572,52385,22943,474,295455,154844,105639,60573,28010,415,295880,196493,93995,48711,23062,583,295139,217678,137066,61738,27200,494,283999,201886,110518,71615,26133,602,288325,218182,116730,60691,27911,405,277549,207061,120780,42943,24681
Raw Data (Em Spectrum),675,929,92158,56704,37466,18258,9282,490,216298,148504,84755,43235,17513,490,91555,70969,36628,22455,8904,654,234055,171868,92485,44450,2737,582,102308,60840,43929,22649,5902,541,236894,156929,91402,44246,31809,500,103094,67589,37118,21219,10416,572,230502,174697,92107,47718,24712,551,257868,189983,120321,61054,20658,460,265231,196038,103145,49719,22097,429,280109,146462,100317,56622,25998,419,277883,182947,89442,45992,21903,511,280997,204882,129634,57633,25273,439,267610,187982,104228,68886,23936,551,269703,206566,108741,55713,25192,368,261994,193833,115501,40805,22720
Raw Data (Em Spectrum),676,896,84678,52540,35744,16596,8751,401,201367,137334,79005,39919,16849,517,84024,66332,33677,20571,8224,506,217299,162671,87219,41290,2625,590,92544,58266,40963,20213,5725,569,220093,144399,83508,41543,29839,464,95496,63031,34352,19991,9953,696,212523,164812,86428,45676,23017,517,240116,177275,110785,57327,18431,453,248752,182536,98691,45033,21436,538,260466,135141,93851,52403,25031,464,259960,172393,81483,41954,20877,548,259222,187544,123343,54765,24694,390,252168,176125,98027,62536,22079,580,249089,191836,102044,51170,24156,443,243923,181165,108412,38338,21805
Raw Data (Em Spectrum),677,862,79690,49333,34035,15822,8009,458,191822,131566,75336,38137,15921,567,79308,61085,31470,19751,7955,655,204251,152037,81578,39545,2324,513,87602,53611,38770,19063,5511,535,207895,139128,80891,39370,28011,567,90646,57463,33009,19260,9668,567,202254,154361,83815,43026,21442,589,226544,165109,105606,52476,18038,480,235415,172912,91082,43997,19031,546,244134,129045,88365,48569,23734,458,243687,162709,78719,40167,20362,644,245673,178891,115656,51516,22522,502,239693,167346,90842,61391,21027,644,235055,181499,96386,48668,22424,458,231793,172453,104199,36228,21006
Raw Data (Em Spectrum),678,802,75872,47382,31968,14872,8130,497,182234,125953,71705,37321,14962,565,74901,57398,31562,19208,7329,644,196112,148108,79113,36598,2417,565,82693,50194,36598,18598,4923,621,200267,131882,76866,37919,27113,542,86284,55433,31675,17943,8492,644,194068,147804,78481,41600,21105,519,216630,158520,97937,50770,16487,508,224670,165058,86792,41137,18463,395,232540,122949,84251,46467,21681,395,234494,155189,73806,39342,18485,587,232676,172421,109500,46851,20857,463,224331,160801,87684,56755,19784,644,227210,174882,90507,47450,21737,384,220943,163839,97474,35130,19332
Raw Data (Em Spectrum),679,772,72641,45367,30198,14362,7181,480,174345,119177,68442,34747,15157,550,70126,56010,28701,18011,6479,538,188800,142744,75331,36771,2234,573,78851,49203,34642,18257,4830,503,191701,129797,73647,36303,26327,538,81857,53062,30747,16689,8514,725,187888,140100,76103,40291,20923,526,202882,150591,94511,48642,16187,491,214940,158228,83693,40981,18561,515,221770,115937,80991,45753,21286,456,224565,148732,70653,37765,18081,678,223431,161059,102207,44841,20876,526,216016,152813,84102,55788,19906,585,213174,165316,89365,44314,20678,468,211174,158813,93377,33847,18958
Raw Data (Em Spectrum),680,754,70247,41973,29428,13505,7196,498,167880,115137,66102,33792,14003,547,68010,53205,27155,17869,6552,608,182831,134428,72714,33233,2164,498,76008,46908,33610,17115,4510,596,180582,122126,70988,34230,24481,486,76519,49825,27702,16398,7840,632,178564,136215,72192,38290,19048,559,196652,141186,90328,45146,15474,523,207920,152284,80336,38679,16702,535,210910,109485,76932,43006,20907,450,216295,143970,68059,35287,16690,559,211627,152357,99663,43371,19485,498,209245,146595,82329,51989,19838,535,202486,158155,81928,41936,19060,401,202316,152090,91069,30948,17783
Raw Data (Em Spectrum),681,834,66329,41061,27492,13822,6645,518,161728,112721,63840,31775,13379,619,67390,51989,27289,17245,6355,531,174501,130825,69613,34061,2059,505,72153,44686,30827,16500,4536,569,173730,116801,68400,33051,23802,543,76208,48148,28073,15691,7441,657,171772,130673,71256,36853,18913,594,188423,138254,86833,44282,15401,480,199314,146516,77446,38066,16273,632,204115,108071,72026,42059,19014,467,207956,138772,64282,34794,16791,670,203951,147300,95538,41162,18989,467,201550,142613,78571,51825,18003,619,194917,150193,80100,41351,18269,493,197621,149473,86593,30410,17700
Raw Data (Em Spectrum),682,758,63926,39032,27572,12571,6599,562,157933,106512,61757,30787,13420,536,62070,49251,25338,16204,6730,562,170856,126022,67402,31819,2091,680,70603,43514,30852,15825,4678,666,169197,112445,64187,31649,22881,562,70995,47395,26527,14779,7148,732,166949,125565,67977,35073,18111,614,182434,134934,81279,42835,14884,510,193476,142369,74667,36471,16439,575,194025,103311,72550,40417,18948,549,200310,132739,63129,33635,15589,536,197827,141428,91393,41437,18830,510,196063,134555,76980,49016,17040,627,186981,143846,77464,38170,17458,431,187491,141285,83083,29362,16739
Raw Data (Em Spectrum),683,853,61062,38732,26214,12397,6510,582,153779,105289,59614,30477,12410,650,60440,48246,25348,14778,6144,636,164524,121989,65190,31654,2111,650,68316,41249,30788,15523,4561,609,167488,111799,63931,31100,23494,568,69751,43618,25172,14359,7322,555,164064,124588,66178,34794,17620,541,177083,129216,80171,41195,14372,474,190765,138161,72863,36161,15834,623,189547,100688,69940,37555,18013,501,198128,130840,61522,31654,16213,541,190928,136916,88995,39950,17336,406,191659,134507,73459,48151,17837,623,181522,139095,73161,37244,16619,541,185758,138595,83433,30057,16687
Raw Data (Em Spectrum),684,731,61276,37909,24729,13180,6337,534,151763,102950,60250,29928,12280,590,60109,46269,24392,15681,6098,576,163130,121582,65055,30912,1953,590,67472,41520,28987,15372,4426,576,163650,109681,62582,30645,22242,618,68905,43698,24097,14529,7517,745,160755,122748,66432,34396,17226,548,172755,126204,77715,39637,14318,506,183686,138695,73177,34860,15273,604,187115,99381,67135,36588,18168,534,194828,127132,60952,32022,15498,632,188435,137585,86932,38499,17423,492,187143,131445,74062,47070,17367,703,180103,139763,73753,38780,16116,478,182955,137923,81129,28298,16088
Raw Data (Em Spectrum),685,919,60162,38668,24864,11542,6377,598,149594,103484,60293,28585,12636,671,60293,45001,24412,15102,5910,598,161924,118032,64408,31066,2320,613,65809,39193,29329,14606,4261,671,161632,108446,62686,30803,22369,613,68712,43775,24952,14825,7150,657,160231,122278,63882,34320,17393,700,170154,123665,77555,39792,13395,496,184497,136184,70522,35005,15102,686,183914,98903,65663,36611,17218,467,190626,126641,59826,30453,15248,627,184848,130421,86412,38683,17087,613,186584,131413,72929,46387,16766,657,173612,133923,71587,35983,16109,540,181389,134185,81393,28498,16649
Raw Data (Em Spectrum),686,938,57286,37379,24173,11981,6111,620,148228,102212,57709,29936,12525,620,58435,45471,24596,14038,5809,711,159574,116523,64456,30057,2209,666,66664,39390,28287,14492,4069,590,159710,106660,63548,30072,21677,605,65968,41932,24097,14144,6883,681,158348,121242,63972,34989,17063,560,167092,123904,76709,40041,13493,650,180872,133555,70189,35261,15414,620,179072,96222,64592,36229,17502,499,189480,128155,61294,30587,14234,560,176486,130833,83561,35064,17335,514,183656,128866,71520,46061,16382,605,173838,132905,70567,35609,16988,514,178013,133631,80657,28968,16065
Raw Data (Em Spectrum),687,926,59648,36721,24779,11974,6120,518,145566,102129,58267,29942,12491,643,56839,44724,24371,15442,5696,675,160192,118496,63540,29910,1867,659,64811,38557,28545,14500,4378,832,160600,109018,62520,31103,21907,659,66741,41978,24230,13778,7109,738,157634,119454,63509,34179,17576,596,167787,120301,76047,39577,13480,596,183841,134095,69315,33567,15473,659,178317,91458,64246,35874,16744,565,188941,125841,60464,31182,14987,785,179369,131506,83313,37255,17168,581,186054,126939,71936,46419,16901,628,170455,132855,70571,35481,16336,565,182162,132133,78197,29126,16085
Raw Data (Em Spectrum),688,929,58382,34824,24797,11999,5902,636,148034,100754,56605,29248,11412,603,56899,44541,24471,15178,6195,750,162560,114857,62621,28824,2136,652,63143,40970,27504,14037,4483,620,161207,106346,61936,29884,21178,668,66045,43840,23787,13043,7173,734,157718,120106,62768,34840,16336,652,165087,120922,76642,36862,13238,554,182842,133361,69957,34481,15260,636,180706,93467,62882,35411,17037,652,188776,126090,59197,31465,14689,717,178097,129171,81826,35688,16646,538,184945,128926,70691,46285,16401,750,169636,131633,70479,35297,16450,587,179988,132024,80343,28710,15831
Raw Data (Em Spectrum),689,881,57659,35612,24486,11735,5893,593,148322,103787,56914,29126,12091,559,58337,45213,23115,14207,6181,660,158957,117808,64162,29617,2151,762,64297,38456,27822,14123,4267,728,161937,107614,64263,31632,21997,660,67210,43096,24012,13699,7332,779,158313,120077,64111,33563,17323,660,164511,120432,74949,39049,13835,593,182240,134217,69750,34799,15359,677,177279,92407,62604,34850,16121,660,189488,125800,59573,30125,15647,728,174790,128137,82382,37525,16375,610,182850,128815,72256,45856,16358,610,170607,129407,67819,35578,16561,610,176957,131372,77946,28449,15918
Raw Data (Em Spectrum),690,828,58491,34936,23326,11822,5638,599,148818,101691,58967,29175,12156,828,58897,45172,23872,14394,5708,740,158720,116542,64023,30373,2414,793,65627,37438,27995,14165,4211,722,160235,109090,62262,29950,23203,740,64499,42406,24912,14094,7082,758,158949,117987,64940,32681,17565,687,163987,120172,74295,38636,13302,634,180460,133808,71670,33544,14676,529,175791,94679,62103,34813,17213,599,188423,126585,59689,30056,14764,722,173466,127395,81571,35729,17424,599,185270,129351,71018,46441,16244,705,171739,129985,69150,35835,16984,529,181429,133949,79087,28224,15838
Raw Data (Em Spectrum),691,974,58071,36563,24927,12298,6544,717,149820,104708,60387,29633,12905,735,59928,45424,24137,15074,6085,809,164214,119893,64910,30166,2353,680,66546,38843,28953,14430,4155,717,163607,108477,64285,30993,21159,699,67557,42887,24523,13585,6949,882,161805,121841,66969,34082,17372,625,167081,120940,74671,39100,12629,643,186916,136437,70719,35644,15276,754,178037,94708,64303,36067,16747,588,191916,128367,59689,31435,16195,809,177320,129580,84414,36839,16122,643,186181,130647,72833,47005,16489,717,171806,130922,71748,36563,16048,662,184232,134801,80829,28273,16085
Raw Data (Em Spectrum),692,1031,60944,37491,25650,12166,6073,707,152504,103974,61536,29890,13942,726,60429,45875,23415,14725,5730,688,164020,120036,66349,31265,2082,764,65738,40260,28534,13675,4030,707,164651,110983,62931,31723,22307,745,67667,43335,25764,13847,6532,764,162798,121659,65967,34130,17571,802,168681,121602,77694,38236,14038,649,189307,135697,73492,35409,15164,802,180503,95475,64573,35600,17418,668,192707,132527,61727,33156,16215,745,183616,131151,83194,37395,16826,668,187455,131973,73588,47422,16883,688,170590,133176,71200,35944,17189,688,186175,138600,80864,29660,16501
Raw Data (Em Spectrum),693,931,58931,38759,24690,12107,6678,654,156501,107300,60952,29327,12622,753,60397,46090,24393,15773,6123,773,168985,123588,66659,32953,2061,694,65846,40463,30238,14584,4617,852,166191,114414,66064,31348,22134,753,68085,45001,24690,14089,6896,832,167637,125906,68680,35945,17576,753,171125,121547,78132,38818,13871,753,192367,140728,73455,36856,16447,614,184025,95430,64578,36896,16130,773,199382,134189,64558,32656,17140,733,180200,132584,82551,37728,18190,654,190484,136527,73990,45952,17200,812,174830,134843,72782,36619,16625,515,192763,140887,83442,29208,16447
Raw Data (Em Spectrum),694,928,61414,38564,25923,12704,6352,742,160280,109898,62301,32110,13508,825,60589,47185,23984,14869,6702,825,172014,126871,70365,33161,2433,701,66838,41988,30460,14725,4290,763,172550,116188,65951,32378,22974,742,69107,45617,25613,14539,7837,804,169436,130562,69292,35925,18767,701,171437,129717,80862,40647,14250,701,193936,144524,75149,36812,16746,887,185109,98638,68467,37843,18395,887,207567,136254,64240,35244,17034,846,190224,135079,88410,38626,17880,784,197772,140461,75830,49103,17344,804,181645,137265,72076,36667,17715,681,192245,143431,84079,29181,17880
Raw Data (Em Spectrum),695,1113,65029,37908,27484,13036,6828,771,162229,111970,63744,31487,13314,899,61904,46149,24744,16054,6871,813,176100,129586,69781,34719,2205,856,67533,43260,30609,15176,4495,792,177684,119911,66827,33328,24081,856,70615,46599,25986,15155,8048,899,173981,131577,71686,36667,18836,878,173446,128495,80312,41397,14834,706,195065,144506,80355,38401,16910,813,188279,99983,69417,38551,18794,706,208871,139476,66655,33991,17467,835,190291,137421,88146,40263,17509,749,202000,142044,77936,52186,18216,771,182693,141274,75260,38444,17360,706,199517,146325,88788,30524,17595
Raw Data (Em Spectrum),696,1003,63700,40172,27739,12923,6283,847,163985,115124,66753,33354,13658,780,62854,51424,26247,16309,6328,891,180629,132881,71454,33800,2451,914,71253,43871,29945,16354,4590,869,182033,123947,70474,34045,24910,847,71989,48795,27026,14416,7509,847,180094,134931,73214,38412,19607,780,180941,133706,82305,43224,14081,824,204625,151308,80099,38479,17602,758,191947,101711,70941,40484,18159,624,211198,142083,68067,36407,17245,802,195557,141482,91640,41331,18092,691,206162,146941,79118,53629,19184,802,188739,143888,76556,38211,17936,713,202330,153157,91707,31438,19540
Raw Data (Em Spectrum),697,1136,68510,39566,28387,13127,6563,905,175636,118652,65959,34557,13915,858,66145,48750,27784,16443,6819,858,189992,136742,73242,34696,2621,789,72639,46988,31774,15493,4894,858,188740,127906,71665,35600,24306,858,73984,48843,26138,15261,8813,974,184843,141311,75143,38314,20386,905,183800,136302,84977,43347,15469,835,211376,159772,81429,40703,18090,905,201194,106662,73195,40679,19945,603,216292,148524,69438,37734,18600,881,198689,143399,90474,40679,19528,835,218890,149289,82704,55082,19273,881,189505,146159,78901,39497,18299,719,206296,156827,92654,31542,18902
Raw Data (Em Spectrum),698,1013,69928,44688,28159,13561,6780,869,176605,123230,70290,36749,14550,941,69252,52458,28811,18242,7022,1013,191613,144150,77866,35784,2775,941,75091,46763,31972,17301,5115,1013,195281,134619,72075,38197,26929,893,78156,49562,29293,15757,7601,1013,189996,146225,78904,41141,20969,820,190431,141689,86891,45219,15950,893,219024,159231,85419,42975,18218,820,201506,111213,75936,42637,19907,651,225732,154719,73595,39018,18097,820,208528,152041,95071,43530,20462,724,220472,156915,86601,56318,21355,917,199262,151823,81365,42227,18821,772,218300,160896,97411,33033,20317
Raw Data (Em Spectrum),699,1204,72035,44846,30650,14522,6822,903,184502,129021,75948,37246,14773,878,69226,53926,28919,18460,7775,878,198748,146528,79685,38099,2583,903,78255,49612,34964,18360,5568,1079,205169,138401,78029,38400,27766,953,81089,52421,29973,17156,9305,1079,200303,150616,78807,43266,22222,978,197369,145023,92376,47630,16529,828,230050,169026,89492,44219,18285,853,213697,112517,77302,43993,20868,1053,236471,161125,75872,40607,18937,1053,211941,152021,100729,43040,20968,853,231304,161903,88915,57187,21871,878,205119,159771,85930,42438,19714,803,226990,165540,100202,34287,20893
Raw Data (Em Spectrum),700,1235,74641,48079,31238,16000,7567,920,196600,133466,76901,39331,16210,998,75666,58247,30004,20178,6962,1103,213231,154485,84283,39173,2995,1051,80448,52099,36546,18260,5754,1025,212627,145788,81157,39593,29636,972,84415,55804,30082,18312,8276,1103,208449,157874,86832,43823,23304,946,208186,153066,93742,49971,16315,893,238532,176790,91167,44743,19705,736,227261,117492,81104,44322,21412,1025,246203,167542,80159,43166,20650,1077,224318,161132,104592,47974,20414,814,241422,172771,93873,59876,21675,893,216173,166202,88356,44086,20151,920,239661,180285,105854,35679,22096
Raw Data (Em Spectrum),701,1453,75989,51610,34306,15110,8858,1015,203615,139336,80431,42533,17496,1069,74892,60879,30823,18812,8007,878,221879,164153,89124,43027,2797,1152,86602,52679,38310,19553,5951,1042,221796,148852,83612,39626,30577,932,86602,59782,31865,17715,9324,1179,220233,167417,89042,45879,24790,932,214941,158477,100148,50211,18675,987,249082,182280,99874,48045,20677,1207,228378,123814,84874,48401,22240,823,261039,172161,83941,43246,21088,1015,232491,169940,108101,49252,22350,878,253031,180031,99161,65815,22267,1042,222537,175315,93073,47606,21116,932,249164,188615,107635,37542,21746
Raw Data (Em Spectrum),702,1224,82217,50162,33451,17167,8598,968,213315,144478,84836,41166,17252,1110,79940,60837,32910,19985,8484,1025,231877,174427,90445,43927,3274,1139,89904,55514,38860,19843,6235,1253,229884,159310,87199,43045,31714,996,93263,59158,33593,18305,9110,1196,228916,168192,91384,48283,24825,968,222767,163837,104337,54916,18618,1025,261029,193558,102117,50760,21266,1281,244403,129532,87626,48795,22974,1053,271761,182085,84979,45464,22206,1110,248929,178897,114045,50788,23145,911,263932,184761,102088,67528,23287,1110,234268,181516,94971,47400,23202,968,254481,191110,112906,39315,22376
Raw Data (Em Spectrum),703,1275,85678,52107,35114,16519,9194,1038,222040,154245,87280,44129,19010,1038,83899,64741,33186,21294,8512,1186,241288,179513,97541,45553,3055,1008,90275,58305,38761,20582,6198,1127,241851,166849,89979,44871,34343,1186,95643,64177,35618,18595,10706,1186,235386,180046,96147,51988,26306,1157,233073,177259,108603,56111,18091,1008,271122,200599,104273,51158,23192,1097,254188,133515,91165,52196,24467,979,288442,184406,89712,45820,23103,1127,259052,186185,115958,51573,22213,801,277439,191909,105104,67944,24052,1157,245855,186245,99765,51366,23785,890,268987,198018,118390,41520,23933
Raw Data (Em Spectrum),704,1329,87074,53969,36968,18701,9273,1144,232877,160485,92607,47262,19133,1236,85374,67013,35145,22224,8809,1175,247064,185090,96934,46272,3586,1175,96409,60491,41018,21235,6151,1113,253648,170129,93658,45561,33816,1051,96872,64015,36134,20462,10571,1422,246724,188706,101045,51867,27139,1298,243108,180948,115727,56967,20401,1020,281776,206541,110689,54031,24110,1329,263601,143176,95079,50074,24883,1020,297355,195785,95852,50723,23244,1113,262674,192632,123548,54062,25284,989,284960,198721,114522,70877,25223,1205,255843,193188,103611,53938,25563,989,279365,206789,122929,44047,24944
Raw Data (Em Spectrum),705,1904,89214,56420,37215,18172,9167,1130,240884,165582,96347,47996,19399,1388,89859,69460,35989,23014,9489,1356,257313,188531,103351,49545,3615,1388,102028,62230,41702,23336,6810,1227,265350,175394,100672,49578,35473,1162,101641,64522,38377,20851,11394,1420,256248,192242,103739,55872,28501,1130,254311,188724,115003,58680,21690,1130,297401,215353,116230,57486,24434,1097,277196,146118,98736,57841,26822,936,304115,207800,96993,51805,25499,1097,276195,202829,126688,57066,25402,1001,301726,213223,119458,74076,27371,1162,262736,203217,110710,54516,24789,936,288912,215611,129367,46059,26048
Raw Data (Em Spectrum),706,1478,94259,59873,41673,19510,10376,1175,249768,172299,97886,49833,20282,1242,94158,72130,39759,21961,8999,1276,263603,202655,108296,50874,3996,1276,104870,62660,45098,23338,7455,1276,271192,180996,104165,50941,38751,1175,104434,68268,38751,22264,11787,1310,270353,204032,107322,55004,28912,1377,265584,196577,121828,62492,20820,1209,304201,228210,119813,57287,24950,1108,285128,152520,102318,58530,26830,1142,315014,215349,103158,52620,26327,1108,283348,206987,131331,59269,25756,1041,313301,218069,123944,79182,29886,1343,276263,207390,110411,56649,25957,1075,308097,228042,133481,47314,27166
Raw Data (Em Spectrum),707,1680,95620,60725,41475,19600,10290,1295,256690,175980,102165,54355,20965,1260,96985,74900,40250,25200,10150,1435,277900,205555,111300,52045,4305,1330,108780,65380,47460,24605,6825,1365,281330,190960,111265,52920,38570,1120,113540,71960,40040,21980,12740,1505,275625,210700,110565,55580,30450,1400,275905,199885,130095,63420,22365,1225,315700,233100,124285,60340,24675,1575,294735,157605,105035,60410,29155,1295,332395,223195,105700,56175,27545,1260,294385,216825,135030,61495,29365,1120,315630,227990,124950,81235,27720,1435,288085,219940,117775,57575,26530,1015,311465,232435,136080,49630,28000
Raw Data (Em Spectrum),708,1609,101303,61930,42700,19997,10346,1280,272359,187325,106312,52461,21533,1316,98707,80282,39922,24604,10529,1280,283729,210137,114135,53668,3802,1462,110296,68912,46795,24969,7202,1426,294258,191200,110150,56300,39629,1389,115122,74213,42005,23799,11772,1535,284606,215219,118230,60175,30855,1316,280073,210978,127259,65512,21569,1097,332278,241139,128831,61966,26724,1060,312902,164256,108871,62039,29137,1060,341491,230646,108907,60065,28040,1426,307382,223846,139872,61089,28735,1280,336300,236094,129745,84267,30234,1243,291699,231560,121227,62149,27748,1170,322773,242637,141481,49061,28954
Raw Data (Em Spectrum),709,1869,101997,64997,44590,22505,10947,1449,272539,190949,107070,54355,22848,1449,105773,77776,43065,26167,10795,1526,297104,217688,117369,57674,4654,1373,113440,71787,50198,26968,7476,1411,300956,204261,117636,57712,40509,1297,114966,75373,44056,24221,13465,1716,296455,218413,120573,60878,33757,1373,297027,212767,134343,68278,23878,1335,338452,247326,128965,67629,28532,1411,316633,168024,114356,64044,30134,1488,352031,231877,110122,60191,29028,1259,325750,230771,145634,63662,30820,1221,343487,243054,130605,87159,31469,1373,306182,230924,123854,63472,29981,1182,337613,248623,146931,51685,29752
Raw Data (Em Spectrum),710,1804,107235,69553,46221,20966,11465,1443,283101,198876,110683,55602,23812,1403,106995,82621,44097,29024,10944,1764,308316,229102,120424,57045,4811,1644,118259,71878,51473,27460,7737,1644,314931,211063,116776,58127,42654,1523,125154,80336,44738,23371,14351,1604,305229,229423,122669,65704,31710,1523,302543,224973,140227,70074,24494,1323,353615,259369,139506,65985,30226,1203,324271,174342,117217,65544,33714,1163,364880,243414,114291,62136,30066,1604,327318,240367,151452,68190,29665,1283,352172,245739,137181,88314,30226,1483,313407,241530,126678,64461,30306,1283,347362,256442,152975,54199,32231
Raw Data (Em Spectrum),711,1929,111223,66264,46637,21976,11030,1552,293072,199170,119108,57667,22605,1510,105729,84172,47349,30909,10904,1552,315384,229366,124560,59218,5033,1594,121876,73100,50747,25877,7968,1510,315174,214184,122421,61735,43785,1426,123050,81614,44414,26548,12750,1594,312825,236705,126699,64419,33258,1468,312741,227688,142887,73603,26170,1300,359168,260611,138693,68948,29735,1887,334088,181304,122211,69703,32671,1258,372337,251720,116130,63077,31496,1636,338199,241486,159873,70500,31916,1216,363278,253355,139448,92728,33551,1636,318948,252726,130222,69493,32042,1300,356358,262792,158405,55612,32461
Raw Data (Em Spectrum),712,1750,111710,69748,46294,24504,11289,1444,300870,206662,116567,61259,24154,1707,112454,86813,46382,29273,12296,1619,324717,243242,127550,58765,4769,1619,124181,77974,53295,28398,8489,1707,322835,223158,123875,58677,43581,1531,127681,82569,46382,24941,13477,1838,327911,236679,130307,62134,33124,1663,317672,231209,144659,74386,25072,1488,361560,266215,144134,67429,32030,1882,341870,182202,124662,70185,32555,1663,379763,253175,121249,63578,31942,1444,340251,247137,156429,70623,32511,1356,368605,258601,145447,94602,34611,1488,334518,251862,133851,68216,31198,1488,362391,268927,160368,54871,32117
Raw Data (Em Spectrum),713,2019,113796,72040,48225,22989,12986,1560,301650,213458,118246,57953,24916,1881,111547,87457,46252,26935,12114,1698,327070,238741,129397,61073,3946,1698,122697,79060,55521,28311,8259,1744,336064,220525,125221,61027,46161,1514,132150,81401,50061,26751,13399,1973,325051,243146,134260,65754,35194,1514,323767,238833,145043,75665,27761,1422,373323,272192,144768,69654,31890,1468,349462,180467,129901,71535,33726,1377,383831,256269,126506,66029,30193,1606,349692,254159,158534,72958,33037,1422,381766,264896,142749,93468,33496,1698,337349,264621,135866,67910,33496,1331,367037,273385,162572,57632,33772
Raw Data (Em Spectrum),714,2113,115021,74151,47785,24493,13063,1777,309811,205356,119247,62625,25261,1681,114204,90384,45528,30352,12391,1921,330030,246658,131541,62193,4658,1825,129140,77465,56862,27615,9701,2161,331855,223414,125202,67043,45096,1969,134519,84284,48698,27518,14456,1633,330558,252757,130773,68628,36499,1681,335361,241231,150847,80202,28479,1585,379592,275905,149263,73335,33137,1345,352025,189844,129812,72950,34674,1729,401540,260009,125010,65843,32369,1777,352698,260921,164535,74583,34674,1345,381273,266444,145325,98980,36259,1633,344053,270719,141675,74199,34050,1537,369843,279315,165207,55901,32273
Raw Data (Em Spectrum),715,1914,119324,73488,49815,23472,12995,1662,315411,209384,122900,60846,26393,1864,115244,89959,47548,29869,11837,1813,331327,245448,130556,63818,5087,1813,129751,81799,58781,29617,9671,1763,333795,228726,128491,64926,47296,1813,131262,87289,49966,28559,16370,1763,328607,256429,134183,69963,37575,1763,336415,248873,158511,76359,27753,1612,388144,276022,145315,74244,32639,1914,360239,190344,126829,71977,35409,1662,397210,263531,128189,67394,31027,1662,363815,262020,165361,75352,34755,1713,386330,273554,149596,96306,35309,1713,341401,275166,141688,72229,35611,1763,375753,275216,163296,57924,32941
Raw Data (Em Spectrum),716,2372,115643,75743,52182,25458,12861,1898,316886,220218,122917,60721,26723,1898,113799,90659,47438,28621,12597,2003,341501,253951,132089,62460,4849,1845,129611,81066,57400,30887,8592,1845,337969,234291,132247,65306,45646,1634,136094,83860,49125,26934,15075,1687,329747,254531,139415,69154,36316,1792,337337,246888,157758,79801,26934,1739,389624,286157,146373,68996,32416,2266,366116,190174,131509,76481,33786,1739,391100,264441,125342,65992,33312,1898,360423,262385,167667,77482,35526,1529,389624,278039,149061,98618,34419,1739,353782,268236,143684,74689,34050,1634,387147,278883,167983,60352,33839
Raw Data (Em Spectrum),717,2530,115321,73141,49769,26287,12374,1760,315718,217884,126210,62253,27057,1870,115871,93049,50319,30026,13198,1980,336285,248681,134184,65772,4674,2035,132039,82985,58513,28542,9569,2200,336890,234877,131599,65662,46250,1815,137044,88595,48064,27662,15618,2310,333701,252805,134569,70942,35746,1980,342610,245216,147878,80455,29147,1925,386164,280082,152882,75891,31621,2255,358228,192092,130445,76936,37561,1870,399528,268368,126045,70172,31071,1925,362297,270513,171800,73526,33051,1815,387649,274638,153872,98493,35911,1815,348164,274033,144028,74791,34151,1705,383250,280027,170425,58678,34316
Raw Data (Em Spectrum),718,2421,119439,75168,49632,22827,11183,1787,309090,210921,124397,64043,25998,2190,116211,90963,45827,28995,12394,2190,336529,246776,130507,65138,4612,2190,128835,78224,57702,30206,8762,2018,333819,228676,129815,63236,46461,2075,135753,85429,50900,26401,13489,2018,333128,251503,139211,69173,34875,2018,336298,253521,155525,81048,28822,1902,386161,278999,148780,72286,31935,1614,361777,188555,128951,74361,34644,1845,391925,269892,126184,65427,34587,1845,359990,257786,165267,72401,31993,1845,380454,275080,152009,97016,35567,1845,348230,268969,144572,75630,32800,1845,380569,280613,170397,58855,34990
Raw Data (Em Spectrum),719,2301,115347,75263,50438,24159,13866,2119,308258,208230,121644,61397,24704,2119,116679,91066,48076,28640,12836,2180,336595,245710,133209,65212,5268,2119,129636,77988,54616,28034,9143,2180,335989,231662,128789,59762,44686,1877,129758,81500,50559,27187,13684,2119,327633,249040,132119,67331,36511,2483,332417,250675,149678,77927,27853,1998,373469,278043,150587,72175,31304,2059,366324,191155,127396,69874,34029,1998,385276,267023,126670,68360,29972,2180,357424,259697,168085,76898,33423,1877,387396,265449,144411,94276,35845,1938,344163,267205,142170,73689,35603,1877,369957,269445,160698,58370,32333
Raw Data (Em Spectrum),720,2299,112265,69543,48150,25991,14241,2363,298416,209907,120631,63157,24458,2427,115394,87296,46618,31100,13091,2299,326451,242411,129188,63668,5684,2299,129699,79122,54664,28290,9579,2235,327792,226127,129507,59964,46234,2235,134680,82571,47575,27460,14752,2299,318213,247967,131040,68905,34931,2107,327409,244583,152050,79633,27651,2171,368215,273511,141130,71587,32249,2171,354932,190366,121461,72289,34165,1916,389225,253395,127272,64115,33462,2171,358828,261186,162459,72545,32888,2107,379071,264826,145983,94832,34612,2107,342607,265082,134808,72034,33143,1980,370769,266997,156903,60284,34165
Raw Data (Em Spectrum),721,2553,112377,69858,47221,24383,13703,2149,300725,199834,117079,62536,24921,2351,111840,88935,47624,28816,11285,2418,311540,236711,129775,61999,4903,2351,120975,74090,53670,29018,7725,2418,318459,214948,126954,60387,43796,2284,126080,80404,48699,26062,14643,2418,313018,242555,128431,64753,33518,2284,321011,231606,146769,73754,28346,2149,360911,265796,140388,70463,30899,2149,345260,188751,125677,74291,35937,2217,380323,252698,118020,64417,31638,2217,345932,253303,160472,71806,35534,2015,363799,251355,140321,90547,34324,2149,333572,252832,131051,69522,31503,2217,350029,258609,155165,55954,33787
Raw Data (Em Spectrum),722,2944,107448,68197,45839,21938,13738,2313,288560,192957,111793,55581,24181,2383,112494,86281,44227,28386,11425,2874,307694,229053,124900,58385,5397,2243,118802,76188,52217,28176,9042,2313,307694,208517,110742,59086,40792,2173,124059,76538,46119,28176,13668,2523,300966,226811,128545,61679,34624,2383,304680,228423,140951,71632,25513,2313,350309,250501,136395,67076,29928,2383,333838,177187,122096,66796,34274,2383,361804,246366,109691,60137,28807,2383,336431,245875,155810,67286,34064,2313,353883,248538,138007,89294,30559,2313,333838,252954,140250,66305,31610,2173,344351,254917,146277,52497,28807
Raw Data (Em Spectrum),723,2947,106036,67055,43844,21443,11643,2579,276253,187092,105299,54676,21369,2653,107141,77150,40823,27485,11495,2726,288633,214946,122100,56150,4863,2432,116205,67719,46423,28443,8842,2432,297033,196966,109647,57329,38170,2358,121731,74866,44581,25275,12969,2653,281485,217230,120773,59171,31538,2358,293275,214651,138532,75603,25348,2505,331666,247073,129984,63592,29549,2653,321866,175891,124163,67055,29401,2284,348540,228209,112668,59760,29401,2358,327024,235504,154817,69487,31759,2211,335719,233367,132121,87614,34707,2505,311918,238010,121731,63150,30064,2211,320908,247884,142511,53055,29328
Raw Data (Em Spectrum),724,3020,99132,64590,44299,20291,10533,2401,263628,183548,102230,52122,21453,2633,100216,76982,41047,28036,11462,2556,273464,198805,112685,53593,5266,2478,112530,69005,47862,26177,9836,2788,274858,194933,107651,54600,36865,2556,110052,72490,41047,23544,13476,2633,279427,207325,111678,56691,31985,2788,287017,211662,131892,67611,25635,2401,320939,232804,122598,60950,27106,3175,302042,161011,115473,63196,30591,2478,332091,220258,105250,58162,28500,2866,312420,226376,145212,64978,31598,2401,324656,227693,123295,79538,29275,2633,302971,233037,122908,60331,30437,2323,311258,230326,140101,52586,29197
Raw Data (Em Spectrum),725,2988,92291,59428,43521,20025,10255,2745,242556,168836,95843,49092,24869,2826,93825,72831,37950,22770,11950,3068,260723,194674,106502,51596,5006,2826,99961,63626,45217,24546,8478,2907,264195,175457,106179,49012,34801,2826,106986,69602,40937,21882,12354,2988,245624,192817,106017,58217,27776,2745,274773,194916,129917,64676,22366,2342,295766,221320,114415,54099,25838,3311,295847,158824,108359,59831,29714,2503,305778,209208,99719,51353,26242,2665,292133,208482,131936,59266,27937,2745,299642,211954,119098,80018,31652,2503,279375,211954,110054,62657,30441,2665,300207,217848,133147,46912,26080
Raw Data (Em Spectrum),726,3531,91558,57591,39011,19169,11771,2690,226498,160331,89792,46241,20010,2859,85672,68605,36068,23289,11182,3111,246508,183536,96014,50025,5045,3111,102656,61123,42458,22616,8323,2774,244490,168823,94080,49688,34050,2943,99797,64906,36068,22028,11939,2774,244490,181434,95257,51370,26400,2943,258194,190934,119218,61879,23877,2606,280306,210188,110475,55910,24298,2018,274085,150999,102992,57507,29342,2774,288461,195895,91810,51538,26568,2606,277868,203209,129728,57339,27156,2606,280558,198333,110222,74154,25895,2522,265677,204807,115099,55153,25727,2943,273412,199930,123422,46493,26315
Raw Data (Em Spectrum),727,2728,78855,50604,35907,19098,9857,2992,217819,154717,85015,43828,20594,3168,83519,64950,33267,21914,11353,2816,230932,172935,91528,47436,4840,2904,92144,55885,38283,21562,8625,3080,229612,157093,89240,43388,33883,2904,95312,60197,35819,21474,10737,3080,227411,169238,95400,49108,24466,2904,245013,172583,111153,56765,20506,2728,253726,193705,102177,48316,23234,3080,255750,138084,100417,54125,30187,2816,280128,180855,87919,48668,23762,2728,256102,188688,120218,55797,24818,2816,266663,189568,104289,65302,24994,2904,254606,194761,104025,54477,26578,2728,256190,194233,119074,40219,22002
Raw Data (Em Spectrum),728,3707,76833,50048,35033,17795,9732,2966,197226,134295,80911,41150,16961,3244,78501,58111,32809,23356,9824,3151,213908,159412,86286,46804,5283,3058,86286,54404,38555,21317,8063,3615,217245,145046,81467,42726,33273,2780,86008,56350,34107,20668,11678,3337,208718,165343,89252,47082,27804,3058,221786,167660,103803,52828,20853,2966,245327,178133,95554,46341,22151,3429,242083,128642,86101,48287,25117,2966,248756,167846,79799,44858,22522,2780,239117,175353,112237,52828,25024,2780,237820,174055,101115,62745,23819,2966,229479,177763,100652,50604,25487,2873,239210,179894,103247,39297,24375
Raw Data (Em Spectrum),729,3411,74164,45999,34597,16665,9941,3119,184387,130006,72020,36059,17542,3021,73482,57986,32355,19881,9356,3021,195107,149303,81376,39860,4678,3314,79329,49508,38690,22123,7309,3216,203488,137316,81181,40834,29529,2924,81181,53503,34110,20076,11207,3508,198031,153980,80206,43563,24851,3216,211285,152031,95702,50190,18906,3216,214306,162557,87710,46097,21050,3021,227170,118117,85469,49313,22805,2631,232433,155442,75821,42296,20563,3314,229022,168014,105350,48143,24949,2729,223856,164018,84787,54770,23779,3021,225513,167819,86833,48241,23000,3021,222784,163434,96481,39957,22220
Raw Data (Em Spectrum),730,3390,67177,44682,30404,16127,10066,3492,169174,116378,72312,34513,17565,3595,67279,54132,29172,19824,9861,4109,181192,133737,75908,36875,4930,3492,72621,47763,33486,19413,7498,3595,182527,122849,72210,36362,25987,3184,76729,49304,31739,19619,9655,3390,186739,138154,71593,39546,22700,3184,196908,142160,93678,49304,17770,3287,217348,150274,82790,41189,19105,3801,212110,116583,74675,41703,23728,3081,212418,145447,71491,39340,20132,2979,210158,156129,100251,43038,22187,2979,210261,150172,83919,54132,21570,3184,202454,151610,82584,41087,22084,3287,209131,155821,95013,33177,22803
Raw Data (Em Spectrum),731,3469,62014,40362,25331,14505,9775,3469,156296,108472,62644,32163,13979,3469,59807,49085,25436,17028,9565,3363,165440,124238,69161,30692,5361,3679,64852,43830,29746,19025,7147,3574,169119,108156,65272,33319,27013,3258,67900,43935,24806,17868,9565,3469,157872,126235,66744,35421,22703,3363,173533,128127,78200,41097,15871,3469,191192,140950,73260,36893,18289,3574,188984,107210,72630,40256,20601,3363,195816,125079,68005,33424,17343,3363,192768,136956,90393,43410,19971,3048,191822,136115,71579,52239,19025,3469,178053,143052,76414,37629,20181,3153,182888,133382,83876,32268,18709
Raw Data (Em Spectrum),732,3842,56306,37537,26342,15147,9110,3622,138295,97465,58830,32818,13829,3842,59159,47196,24915,16464,8890,4061,155197,109319,61025,31830,4939,3512,59598,39842,26671,18439,7683,3402,155197,100099,61354,29635,23817,3622,67172,42147,26781,16683,10537,3512,146197,114367,61464,36879,18549,3402,156953,121282,75184,41818,14817,3402,170563,127977,69147,35781,17012,4390,171441,93953,71672,42915,16683,3842,179454,118319,56415,32818,17012,3732,176929,131929,86818,39622,20964,3183,172978,120294,70574,46098,18659,3622,166502,134892,71781,38305,17890,3183,170673,130831,73318,28756,17122
Raw Data (Em Spectrum),733,4511,50659,37705,25214,13879,9484,3932,130117,91024,52047,27296,14920,3817,49618,39440,24404,14920,8212,3585,145731,102012,56673,29378,4973,4048,60374,36086,27296,14226,6940,3932,139833,98311,56558,31575,22438,3701,55864,42794,23595,14573,9947,3701,137404,107679,57252,31922,17812,3701,147350,110455,71131,37242,14689,3932,164237,121905,66042,32500,16424,2891,160536,87786,61184,34929,18043,3354,169557,113578,54476,29956,15961,3585,157182,120402,78302,33773,16077,3585,160767,109414,65579,41522,17580,3701,152902,123062,68702,33079,18043,3932,150705,112768,74601,30650,16539
Raw Data (Em Spectrum),734,4273,48350,30158,24785,13308,8425,4273,128078,85955,49327,26861,14774,4151,51280,35530,24541,16727,8547,4640,128445,94990,52379,27594,4884,4395,57507,34675,24785,14651,6105,3663,136137,88641,49937,30402,21733,3785,56530,39681,22954,13186,9768,3907,131741,94624,55676,28692,19291,4151,142730,106956,63856,34553,14163,3663,145050,111962,60926,29059,15506,3663,146026,86688,59461,33943,15628,3785,153596,108055,50792,30646,15872,4518,156771,109276,73013,36140,14407,3663,149933,107078,57263,35530,18925,3785,142730,111473,60926,33576,15140,3541,150788,110374,67763,29181,17215
Raw Data (Em Spectrum),735,4611,44444,27538,23055,12296,9350,4611,114249,78386,44572,26129,12168,4355,44572,35350,21262,13064,8069,4099,122318,88120,45469,27666,5636,4227,50592,34710,22798,13833,6660,4611,125648,78642,50080,25744,20749,4227,53666,35735,21646,13833,8453,4355,118219,93628,48927,27538,17035,4099,130899,89913,61479,34838,13064,3842,136919,98367,56740,27281,14473,4867,138712,76337,59814,31124,16266,3842,143963,96958,47390,26513,15242,4483,147294,107076,65962,30355,16266,4099,145629,92219,60198,37912,15754,3842,128081,101953,59686,31124,15882,3842,132948,101440,58661,24335,15626
Raw Data (Em Spectrum),736,4555,43411,25323,20901,11389,6833,4287,106115,70475,42875,20231,12862,4153,42607,33898,22375,13934,9245,4823,106785,82132,46760,23313,4823,4287,46090,27735,20365,12862,6699,4555,110134,70475,47430,25323,20231,4019,47028,31084,16748,12996,9245,4287,106249,84945,45420,28538,14872,4421,115628,90975,58283,28404,12192,4019,123935,95396,51718,27199,13264,4555,127418,68331,50914,29878,18624,3886,130768,86553,46492,27199,12728,4689,131438,93386,66054,26931,12862,4019,121255,93654,47430,32290,15140,4153,120585,94726,51048,30012,16480,4287,123533,90171,57613,20767,15542
Raw Data (Em Spectrum),737,5042,37957,24091,19469,10925,8824,4762,95662,68910,40058,24651,13866,4762,38657,32494,18068,12606,6863,4482,99444,76334,42019,23390,5322,4762,42299,28012,23951,12466,6303,5042,104906,70171,41878,22970,17368,4202,43979,31374,18208,11485,9104,4342,99864,85018,42439,22690,13726,4762,109949,78435,53644,27312,10925,4342,110509,87539,47901,24231,13026,3642,120173,61207,48742,26472,15407,3922,121714,83057,37537,24931,14286,4762,114991,86978,57705,28012,13586,4482,110649,85718,45380,33195,14146,4202,112049,90200,50142,25771,14706,4062,106587,78715,48181,23390,15547
Raw Data (Em Spectrum),738,4852,37932,25141,19554,12203,8527,5146,87186,66602,38520,21466,11615,4852,37491,31904,18819,13085,7645,4411,90714,69690,41902,20583,5587,4558,44254,24553,21613,11615,7057,4705,98948,62485,40285,21025,16026,4705,43078,30581,17349,12938,7204,4558,97330,71895,42490,24847,14849,4852,101888,74836,49694,23818,11321,4852,113209,78070,39844,24847,13085,4411,117179,58075,38079,24700,14702,4117,113650,74394,37344,23818,12350,5440,105123,80422,48518,23818,14849,4705,108357,78805,43078,31169,13526,4411,104240,82775,45284,25435,13379,4558,111445,80569,48518,18672,12791
Raw Data (Em Spectrum),739,5252,35995,22091,17766,12050,8497,5407,77242,55769,33832,20392,11123,4789,35068,26880,17766,10968,9887,4943,89291,60712,37539,19774,6025,4943,38312,24563,19001,11432,6797,5098,87129,63956,39084,21319,14521,4943,39239,26571,17302,10659,7415,4943,84348,65810,39393,22864,13749,5252,97788,68745,40938,27344,12513,4943,101650,70599,43101,21628,9887,4789,95316,57622,40629,25644,12668,4326,107366,74461,36458,19156,13131,5407,103658,71680,48817,23018,15139,4635,108447,72298,44800,30124,13904,4789,94235,78478,43101,25181,12822,5407,96243,71526,45573,19619,12513
Raw Data (Em Spectrum),740,5364,30608,24297,15462,10413,8204,4575,73365,52381,30766,16882,10413,5364,31397,28557,16566,11360,6942,4891,85040,55694,30924,20037,5522,5364,35815,24770,19091,11675,7258,5207,77782,55852,33921,17355,12937,5049,35972,23351,16093,10886,7100,5049,74469,59323,31239,19248,11833,5207,86302,64529,39917,22088,10413,4891,88669,70209,36446,20668,10571,5207,90404,52854,39286,21142,12149,5680,88511,61532,31239,17513,10571,4733,90562,70683,42914,23035,14673,4891,87249,67843,37077,24139,14200,5049,82516,65949,41021,23193,13411,4891,89931,62005,39443,17513,12937
