Well,580,581,582,583,584,585,586,587,588,589,590,591,592,593,594,595,596,597,598,599,600,601,602,603,604,605,606,607,608,609,610,611,612,613,614,615,616,617,618,619,620,621,622,623,624,625,626,627,628,629,630,631,632,633,634,635,636,637,638,639,640,641,642,643,644,645,646,647,648,649,650,651,652,653,654,655,656,657,658,659,660,661,662,663,664,665,666,667,668,669,670,671,672,673,674,675,676,677,678,679,680,681,682,683,684,685,686,687,688,689,690,691,692,693,694,695,696,697,698,699,700,701,702,703,704,705,706,707,708,709,710,711,712,713,714,715,716,717,718,719,720,721,722,723,724,725,726,727,728,729,730,731,732,733,734,735,736,737,738,739,740,,
A1,180,169,176,176,197,169,157,173,187,199,213,194,222,220,215,258,228,273,255,277,276,287,232,269,267,283,297,253,297,256,238,253,243,258,262,209,230,241,207,207,232,202,220,198,210,197,221,175,188,214,203,239,208,247,228,262,272,318,378,325,383,400,413,439,526,504,565,661,705,628,579,741,708,692,651,588,650,625,660,640,589,543,600,476,540,468,420,535,477,517,552,528,554,544,474,602,506,578,576,480,608,455,497,501,548,525,635,643,554,677,564,680,726,832,701,749,624,905,796,677,893,1069,911,801,1051,1162,1310,1190,1097,1335,1243,1468,1225,1377,1249,1410,1687,1760,1787,1877,1724,2149,2173,2211,2169,2665,2438,3080,2873,2826,2773,3153,3512,3470,3663,3842,3886,3502,4558,4480,4102,,140305
A2,934,963,979,1022,1085,1107,1250,1308,1342,1414,1437,1452,1685,1661,1763,1884,1908,1952,2084,2207,2251,2271,2327,2250,2417,2453,2536,2475,2580,2662,2727,2654,2644,2824,2859,2785,2931,3002,3280,3430,3678,4233,4707,5277,6008,7315,8554,10333,12853,15525,18983,23573,29499,37432,45999,57238,68598,84826,103436,123361,145716,171661,198299,223573,248934,277458,295858,317517,334301,346627,355500,360004,360765,361506,351702,339786,327672,312793,298641,278371,259247,248440,233206,214640,200067,187795,169415,158999,146856,133825,122609,115842,103864,97442,89906,85909,78847,75980,70396,68653,64983,62955,60580,58423,58718,57024,56030,56086,54877,55509,57663,55773,59111,60219,60033,59806,62074,65263,65560,70881,73485,75468,78459,82268,84446,85857,92647,95200,98086,100853,107476,109462,112848,113750,112379,117712,116434,118401,112119,111956,109392,110497,104224,99551,95569,84701,82814,79471,77481,66757,62554,56443,54110,44066,51524,38040,40463,38517,34257,33677,29977,,14117804
A3,904,963,984,983,1037,1096,1197,1181,1236,1278,1378,1331,1420,1438,1408,1583,1660,1660,1692,1821,1817,1807,1946,1918,1780,2028,1963,2049,2036,2042,2116,2255,2176,2157,2132,2224,2251,2388,2461,2588,2840,3045,3372,3839,4352,5398,6368,7445,8956,11225,13452,16936,20840,26600,32447,40110,48333,59728,73021,86926,102568,120899,140103,157647,174947,196128,210401,222973,236188,244366,248974,253481,256754,252401,249040,240233,232417,223315,209540,194952,185176,175576,163976,152350,141157,132237,119156,112215,102938,95531,87352,82177,75621,69410,64997,59441,55440,53567,50600,49554,46021,43992,42861,41128,40537,38829,39557,40315,39438,40218,39623,40534,40604,41176,41967,42404,45720,46431,48814,49311,49630,54873,57991,57238,59687,64522,65884,67655,71581,71863,76167,76539,75874,81768,83852,81950,79590,82050,80529,78957,81038,73015,71632,68676,67998,65807,59777,54037,58853,48143,45195,43305,36549,35161,33332,33942,25457,26752,27788,26571,20668,,10010791
A4,479,441,473,530,565,627,559,648,656,701,743,790,751,797,853,896,893,947,1040,1042,1122,1126,1184,1165,1110,1227,1240,1170,1280,1193,1331,1265,1170,1277,1404,1351,1321,1463,1428,1510,1653,1767,1980,2301,2601,3029,3549,4241,5143,6367,7972,9434,11706,14709,18470,22868,26960,32796,40859,50247,57657,67951,77782,88681,98613,110071,119118,125833,131737,136738,141260,141853,145521,141933,138607,133893,129898,124538,117285,109718,103381,98800,91618,84638,78385,73776,67002,62837,57894,52641,47585,45156,42216,39126,36276,35199,32043,30390,28727,27028,25758,25243,24371,23575,22411,23536,22690,22425,21374,22251,22586,22721,22957,23362,24232,23674,26180,25790,26253,28041,30056,30302,32255,34016,34619,35343,37778,38360,38752,40089,41371,41813,44413,44004,43703,45030,45013,45645,46173,46441,44830,42385,41283,43181,37174,33590,34219,32915,31975,28847,26398,25436,24147,23132,20634,19468,17150,15827,15291,15139,14515,,5643967
A5,313,293,321,292,284,324,339,328,363,404,416,432,444,445,519,483,487,594,555,587,647,595,675,668,681,665,711,723,792,795,727,739,790,768,779,810,745,824,906,855,923,936,1120,1208,1373,1631,1881,2178,2781,3114,4006,4746,5987,7451,9038,11246,13628,16509,19817,23754,28750,32991,38207,43310,48325,52747,57311,61739,64091,66722,69086,69640,69119,68642,67729,65023,62736,60502,57186,52715,51281,47769,44259,41986,38605,35336,33188,30086,28219,26575,23784,22470,20392,19076,17304,17033,15985,14600,13980,14011,13383,12103,12022,11801,11971,11192,11028,10875,11347,11041,11064,10772,10886,11235,12002,12180,13012,12362,13223,14246,15054,14671,15430,17082,17217,17946,17394,19355,19668,21590,20926,21305,23804,22667,23004,22616,22928,21832,22712,22827,21521,22099,22289,19085,21762,19782,17404,16193,16034,15398,16743,13979,10976,13648,12332,11143,9781,11345,10439,8342,7573,,2804596
A6,171,177,151,184,195,178,169,178,187,210,205,255,239,235,270,338,274,305,299,297,337,373,382,388,379,409,338,347,359,340,362,366,389,407,366,367,383,351,470,395,423,426,494,516,571,636,807,909,1058,1171,1388,1746,2096,2670,3198,3912,4902,5738,7052,8414,9795,11706,13373,15491,16720,19017,20191,21412,22538,23690,23990,24090,24412,24137,23531,22731,21819,20875,20057,18351,17149,16466,15600,14306,13308,12100,12061,10810,9881,8875,8362,7678,7139,7227,6578,6290,5894,4943,5296,4900,4777,4485,4365,4236,4173,4567,4205,4127,4125,4623,4281,4485,4488,4240,4331,4602,4634,4383,5140,5468,5596,5512,5808,6228,6955,6552,7287,7805,7312,8010,8098,8010,7876,9911,9605,9016,9962,9239,9396,9264,9515,9068,8201,8990,8519,7348,8239,7041,8063,7796,7909,7252,7354,6130,6349,6916,6163,7143,5734,6643,6311,,1056802
A7,1272,1182,1107,1118,1094,1069,1051,1093,1049,981,947,889,888,938,908,916,882,818,882,818,821,781,841,848,772,801,779,750,790,810,755,759,785,759,725,652,700,717,684,658,668,631,604,519,543,567,544,529,585,576,520,524,496,501,554,439,518,518,495,472,502,465,467,498,427,539,493,500,440,440,470,477,417,410,465,392,524,437,466,472,487,470,429,371,440,445,390,503,421,459,474,447,573,516,454,511,453,589,463,526,523,493,536,568,590,540,575,612,620,711,599,643,668,733,722,749,847,765,941,853,893,1069,826,890,958,968,1142,1085,1206,1182,1203,1300,1356,1422,1489,1662,1581,1760,1902,1877,1788,2015,2173,2211,2246,2503,2438,2728,2873,2826,3081,3153,3183,3585,3663,3714,3886,4202,3970,4789,4418,,169118
A8,1311,1378,1454,1610,1641,1791,1894,2178,2423,2638,2804,2981,3200,3548,3677,3927,4201,4498,4624,4801,5237,5196,5427,5701,5894,6065,6305,6454,6591,6602,6886,6961,7098,7204,7253,7370,7506,8134,8545,8742,9654,10544,11751,13611,15648,18912,22856,27107,32887,40407,50733,62637,77735,98035,121398,149169,181390,223168,272508,324360,384837,444345,509475,576683,637934,701355,748077,802369,839577,865855,880793,896760,894364,878555,864072,834236,799004,763782,722160,679411,640511,609584,575191,531993,500661,466417,427189,396039,364628,339992,315174,293995,273078,256761,241441,228797,211606,204960,194971,186637,179573,174400,170085,167096,162202,160917,156775,158199,157734,161175,164305,162265,167668,168826,175664,177213,184461,192497,196753,205144,218407,226568,236517,249117,255225,268933,281165,288365,301277,307746,315973,319955,333906,338083,344726,344171,341817,343489,347942,328118,334561,315906,298583,289443,278730,253698,238773,227851,214464,190819,182014,160710,148283,136131,123561,122574,104641,100844,89832,83112,78887,,37347398
A9,935,1004,1049,1107,1227,1330,1464,1564,1694,1939,1950,2172,2439,2436,2550,2800,3154,3179,3387,3561,3556,3772,4082,3890,4279,4343,4338,4409,4807,4691,4787,5104,4954,5063,5142,5247,5493,5524,5940,6207,6719,7407,8033,9479,11070,13029,16008,19320,23012,28469,34945,43784,56018,69277,86293,105729,128198,157838,192534,229220,270561,313587,360834,407460,451207,496836,532633,567823,594452,612755,621586,629806,632185,621857,606194,583570,562558,535641,507775,474299,452114,427476,401053,372378,350295,326891,296904,278816,261707,241408,221288,208292,193809,179398,168365,158226,148933,143602,136974,131656,125955,122588,120259,114627,114331,113421,111758,111811,113096,111712,109601,113459,116713,118178,125324,127382,131589,133959,139541,142941,154012,160150,167168,173552,180268,188982,196107,199885,210685,214827,221165,225256,229940,234061,240223,240059,245307,241641,236054,238504,222998,226703,207606,201682,191216,176991,164535,156125,151256,139849,122541,108156,103282,98311,94258,75824,78380,69050,68955,60866,54116,,26254946
A10,609,591,680,687,751,791,903,927,1041,1097,1225,1237,1498,1475,1586,1698,1826,1978,2086,2079,2141,2155,2463,2426,2387,2530,2544,2699,2661,2708,2716,2867,2918,2881,3061,2999,3161,3149,3312,3470,3961,4031,4608,5511,6159,7469,8767,10381,12749,15556,19144,23987,29994,37384,46410,57720,70727,86689,105205,125911,148913,173705,199014,223020,247920,271484,291426,311828,326594,336854,341313,346947,345344,339941,332803,319794,308080,293186,277179,261264,244538,233913,219139,203935,189151,178181,161197,152615,140577,129512,121661,114401,104002,97976,91447,86572,79817,76362,74912,70980,68387,66202,64893,61888,61838,62131,60160,62740,60828,59928,60729,63218,63618,64558,68942,68496,71677,73682,75115,77603,81866,85642,88082,94368,98634,101867,105710,111545,114537,117560,123030,120953,128907,128204,130389,131312,130823,128025,127221,126912,124526,116273,112985,112741,109587,98992,93996,88184,79335,72800,73648,60017,62342,51584,51036,44700,41669,41038,38226,37385,31555,,14364712
A11,2565,2606,2495,2533,2702,2640,2542,2667,2668,2779,2593,2708,2577,2660,2610,2708,2652,2539,2591,2673,2756,2784,2732,2683,2820,2770,2832,2818,2888,3018,2815,2936,2848,2995,3131,3084,3049,3046,3200,3185,3422,3318,3933,4176,4391,4748,5576,6208,6930,7987,10032,11817,14652,17359,21018,25848,31029,37791,45721,53988,64236,73652,84770,96422,106153,117110,124541,132360,139462,143477,146565,148658,149103,144962,144377,138026,133248,127387,120228,113950,106263,101871,94978,88674,84005,77881,71264,66493,61536,57929,52594,49156,45670,42668,40029,39059,36050,33882,33109,31683,30851,29614,28448,28731,28326,27535,27168,27902,27194,27568,28259,28879,28228,28217,29738,30930,31549,31611,33830,34061,36309,38392,39742,41312,42223,42573,46978,47985,49317,50159,51914,54018,53777,54236,56910,58227,57031,57413,56665,55403,57665,54745,51937,48118,47552,42633,39852,41188,38463,35766,32150,29746,29854,24289,22832,22286,19964,22410,19554,19001,14831,,6388382
A12,283,301,313,289,298,321,332,346,375,434,426,430,480,528,539,587,605,616,626,692,750,702,780,749,731,781,801,850,858,821,877,750,891,884,857,878,911,866,990,1067,1029,1196,1118,1469,1499,1788,2105,2476,3021,3786,4514,5694,6780,8747,10447,12891,15917,19385,23605,28381,33357,38539,44840,50261,55982,60921,66497,69867,74122,76480,76553,78039,78636,77502,74816,71765,68641,67376,61976,59085,55988,51898,49254,45973,42965,40087,37175,34771,32370,29277,26784,25415,24493,21864,21521,20392,18852,18168,17164,17029,15668,14580,14805,14183,14191,13687,14567,14296,13825,14174,14253,14669,15260,15535,15508,16439,15507,16884,18387,18510,20230,19086,19985,22094,22564,22110,25319,26810,26980,26930,28222,26715,27654,31156,29872,31229,29570,31126,30379,30275,26949,28951,25793,27485,23311,23577,21187,22266,21873,21245,18900,16082,15366,14920,14529,12168,14604,14006,12056,11277,11675,,3329612
B1,127,125,144,140,136,125,137,116,142,123,173,153,169,187,164,199,205,211,199,203,280,239,215,241,220,244,229,249,259,239,255,229,191,238,225,228,209,210,184,182,181,181,167,192,176,200,163,208,206,189,263,262,327,321,381,379,550,562,567,689,798,925,984,1077,1307,1330,1488,1624,1472,1734,1678,1822,1869,1741,1690,1674,1606,1652,1496,1491,1383,1330,1199,1121,1023,1069,1054,1014,1044,876,871,841,748,754,790,766,717,884,745,749,839,632,706,758,632,744,787,659,864,847,810,790,783,991,846,1027,958,1020,1013,1028,1182,1069,1139,1305,1391,1485,1511,1575,1572,1716,1724,1845,1838,1835,2017,1964,1898,2200,2075,2664,2491,2553,2453,2874,2943,2826,3111,2992,3151,3021,3184,3363,3512,3470,4029,4099,4019,4342,4411,4943,4891,,185761
B2,847,852,883,915,1090,1041,1224,1279,1324,1324,1452,1499,1604,1696,1688,1877,1864,1980,2095,2114,2163,2128,2163,2387,2497,2382,2338,2580,2743,2658,2585,2716,2828,2685,2899,2966,3080,3095,3327,3508,3652,4186,4699,5198,6268,7260,9070,10639,12974,15708,19677,24304,30877,38359,47951,58238,71683,88042,105822,127702,151382,178227,204432,230440,256983,283860,306415,328291,346481,359945,369504,373848,374297,372156,364816,354145,340156,325466,308433,287394,274354,258572,240907,225008,209988,195508,176733,165713,150992,141557,128376,119466,110670,102951,95229,90187,82506,77475,75646,72266,68156,66076,63769,61468,60362,59986,57891,58691,58464,58811,58262,58586,59703,61051,62404,64857,65728,67583,69590,71759,77663,79499,83413,86983,88928,95314,99531,101115,105836,106727,109881,111391,116174,119118,119727,115194,122759,120436,121918,116679,118013,111639,107167,101836,99209,93017,86177,82375,75350,66952,67690,58650,56525,49271,49693,45981,42607,42159,36756,33214,32028,,14693252
B3,608,626,693,733,781,809,805,862,922,936,1039,1112,1136,1229,1160,1265,1417,1359,1384,1486,1564,1624,1662,1799,1720,1696,1773,1794,1820,1891,1929,1888,1944,2029,2044,2043,2212,2200,2346,2484,2762,2927,3538,3877,4293,5008,6167,7299,9040,11166,14051,17100,21379,26911,33233,40929,50465,60645,75021,88806,105235,123137,142805,160735,179006,198479,214454,229476,241059,252670,255946,262575,263413,258620,255750,244657,237683,226454,216371,201172,189671,178878,167752,155279,145884,137285,121707,114801,105196,97224,87395,83045,77284,71072,65027,61605,58413,53851,51673,51180,48245,45356,43031,42860,41028,41295,40101,41617,40497,41623,40380,41619,41674,42167,44545,45721,45831,48031,49273,50540,54280,55806,57108,60618,59997,63683,67294,71610,71654,72435,76528,77336,79331,79703,81643,80187,86812,82710,83757,82045,82251,76642,72963,69413,68308,62335,55742,55533,51994,49703,44374,45091,39183,36895,36995,33301,32156,27032,25729,25644,22562,,10221177
B4,407,401,391,412,453,545,542,556,571,593,681,675,680,720,828,825,859,892,879,961,969,1008,983,1109,1098,1174,1178,1153,1123,1198,1087,1212,1201,1170,1268,1342,1294,1366,1383,1487,1622,1672,1840,2142,2595,3143,3648,4253,5250,6125,7661,9137,11931,14791,18363,22946,27644,33772,41925,48726,58029,67995,78410,89069,98764,108618,117331,128419,131931,138346,142190,142330,143225,143051,140505,134918,131751,124632,118423,109451,104713,98502,92783,85528,80100,73449,67216,61634,58607,54084,49939,45621,41246,38667,36089,34606,31959,29779,28422,27473,25818,25521,24305,22682,23409,23887,22418,22566,21846,23352,21441,22905,22823,23640,24417,24958,26202,27877,26253,29195,30266,29918,33052,33571,34836,35924,37945,40250,39300,40814,42373,44707,45419,42811,44664,44023,46858,48999,44905,47592,47639,42788,43456,41339,38723,34155,36236,32123,30770,27580,28247,23965,22171,21860,22954,19340,18758,17648,15144,15294,13884,,5681481
B5,292,295,328,290,320,330,304,364,349,393,413,447,406,472,487,538,554,517,567,566,623,614,605,647,655,673,678,681,648,773,692,766,765,715,742,732,784,776,791,842,861,920,1005,1156,1348,1574,1724,2071,2447,3160,3962,4410,5878,7444,9045,10920,13487,16794,20059,24303,28410,32975,38298,43673,48619,53865,58256,62119,64735,66987,67913,69879,69993,69127,67532,66204,63749,60932,57876,53604,50909,47716,43645,41041,38807,35693,33318,30982,28025,26350,24370,22274,20171,18875,17946,16604,15753,15277,13968,13707,12982,12722,12140,11368,10636,11061,10861,11958,11021,11024,11187,11085,11497,11909,12291,12458,12321,12733,12716,13996,14608,15412,16369,15807,16073,18172,18503,17815,20363,18996,21407,21347,22885,23585,23292,23321,22559,23867,23288,22161,21776,21831,21447,21296,19981,21316,20767,16809,15478,14911,15099,14295,14488,11913,12332,11271,9915,9944,11468,9578,11044,,2819934
B6,232,193,224,210,212,213,227,249,246,297,267,299,320,305,307,365,399,354,398,403,419,450,435,471,475,472,443,535,531,493,515,504,506,519,480,525,489,473,525,506,573,552,626,681,755,867,1098,1198,1328,1667,2108,2499,3151,3925,4642,5552,6966,8463,9903,12515,14268,16821,19440,21818,23772,27306,29060,31034,32516,33665,34902,35269,34190,34483,33862,32968,31057,30770,28693,26932,26454,24692,22470,20317,19533,18158,15979,15409,14640,13279,12698,11338,10547,9996,9195,8659,8003,7562,7250,7181,6892,6393,6429,6198,5943,5983,5536,5963,5885,5656,5585,5901,6093,5964,6558,6850,6484,6911,8276,7625,7383,8090,8057,8956,9860,9231,10007,10990,10529,11443,11024,10820,11508,13857,12775,13499,12756,13528,12163,12170,11559,12427,11775,12822,11462,10577,10341,9945,9917,9453,10374,8409,7024,7865,8425,7044,7503,7003,6616,6334,8520,,1481907
B7,157,148,128,157,142,142,110,170,165,169,180,187,189,218,215,224,219,226,262,271,259,273,294,324,289,315,305,315,323,308,310,320,295,327,329,325,297,278,241,271,279,250,261,277,291,334,274,345,379,384,441,546,605,646,772,1020,1115,1257,1494,1930,2142,2554,2930,3243,3563,3950,4066,4362,4729,5106,4889,5029,4956,4979,4708,4682,4495,4354,4360,3722,3586,3249,3414,3139,3199,2739,2658,2476,2395,2260,1940,1933,1958,1804,1807,1634,1603,1364,1513,1380,1337,1440,1424,1299,1251,1182,1452,1350,1549,1236,1550,1397,1528,1466,1815,1584,1716,1508,1665,1756,1708,1837,2249,2254,2380,2163,2317,2415,2742,2632,3127,2684,3238,2983,2737,3274,3004,3685,3805,3209,3001,3762,3785,3242,3563,3472,4036,3432,3337,4288,3903,3679,3512,3585,4151,4483,4019,5042,4705,5098,5364,,318854
B8,1127,1289,1257,1474,1552,1666,1820,1908,2228,2325,2616,2791,2963,3183,3414,3694,3728,4227,4265,4477,4731,4994,5213,5203,5451,5695,5805,5850,6047,6180,6432,6526,6518,6582,6991,6843,6986,7185,7716,8231,8813,9992,10991,12927,14885,17826,21086,25142,30891,37829,47449,58796,73474,93528,113925,140687,171534,209576,256260,305151,359545,418942,483369,540097,599107,661408,707370,754586,790048,812659,826127,839381,834476,826867,806990,778632,749379,718019,682336,636135,601858,569227,538272,498414,465874,439076,400761,373767,345603,319948,297373,277556,258800,241638,226606,211805,199301,190567,183656,176438,168269,163193,155371,153265,150667,151579,150074,148674,149974,151404,153029,153882,157871,161158,164054,169036,175972,180321,189248,192352,204902,213240,221258,233874,242397,255150,259540,271915,280000,295044,295889,313287,313078,321197,318456,327801,329009,323142,314797,318188,306271,298576,285265,277653,258362,240456,227675,203033,195743,187700,161984,151251,137307,125838,116968,109510,101827,91180,90420,80795,67843,,35087172
B9,982,966,1049,1074,1168,1358,1400,1538,1648,1813,1955,2189,2286,2462,2538,2868,3027,3196,3242,3444,3672,3647,3815,4083,4000,4408,4494,4578,4472,4599,4632,4977,4950,5189,5045,5197,5254,5480,5733,6101,6726,7386,8060,9597,11263,12647,16020,18898,22766,28299,34942,43066,54815,68065,85192,104995,126909,155036,189146,225007,266875,310245,358565,404757,446031,491353,525125,561107,585136,608480,617706,623823,621450,613012,601716,579034,558500,530366,504547,473099,446120,421183,399377,369512,348688,323981,296240,276308,256948,236270,218090,206171,192451,177183,167575,157776,147857,141289,135856,130475,123427,119391,116287,115209,111830,111451,108959,110666,112558,111424,109266,112558,116560,118555,121963,125327,128403,130944,138697,147932,151174,156393,166570,174352,178382,189918,193522,197750,206518,217917,221726,223369,229809,224654,234604,243333,238508,233777,241415,231420,226510,225897,205013,200134,192919,177476,167057,155157,143841,133417,118946,106369,104160,98773,91083,82356,73155,70591,64838,61330,55063,,25994244
B10,602,609,611,712,751,772,868,933,1030,1137,1235,1287,1382,1456,1657,1753,1866,1923,1965,2107,2135,2215,2494,2339,2575,2610,2628,2780,2801,2742,2867,2980,2790,2966,2922,3277,3310,3310,3377,3817,3869,4241,4898,5626,6329,7634,9172,10806,13159,16241,20682,25096,31932,39428,49121,60357,72751,89814,109841,130808,155424,179944,207676,233249,260442,285526,305117,324299,339385,351902,357069,363557,361296,356085,350406,335200,324046,309353,293850,274674,260080,247110,231114,214934,202127,188262,170981,162309,146921,137662,127299,119449,109821,104173,96819,89768,85015,82397,79971,74629,71851,70308,66801,65664,65083,66232,64108,65188,63485,63383,64411,66252,64821,69671,67581,72221,73838,75143,78880,81892,85781,89508,91811,101871,103827,107257,109538,116060,119728,119772,126718,128586,133239,127882,135191,135644,136674,135669,134485,138840,130721,125610,122797,115984,110052,105290,92903,88624,85823,76308,72004,63590,59598,55979,58118,43804,44750,43979,40138,36613,33290,,15053606
B11,352,348,379,469,493,507,535,598,611,679,725,804,830,943,996,1030,1149,1187,1239,1366,1405,1412,1482,1503,1573,1641,1652,1596,1650,1641,1774,1760,1840,1883,1912,1930,1934,1934,2078,2150,2424,2506,2953,3182,3739,4537,5421,6318,7739,9635,11683,14330,17779,22458,27639,34522,42735,51867,63882,74298,88691,102696,119881,135222,150381,164435,174393,188030,195828,202967,206867,208570,208257,206496,200676,192307,185175,176950,168051,158102,149821,142300,134057,124908,115672,108080,96990,90620,85879,80241,73421,68933,64298,58879,55782,52160,49820,46802,44819,43694,41061,40189,37895,37744,36378,37165,37726,36643,36617,37186,37174,37887,37682,39175,40297,41226,42957,43973,45002,48483,49892,52158,54432,56822,57369,62037,63030,66465,70411,72741,70475,74568,76530,78923,77465,79936,83544,83645,79665,77806,77590,68649,65814,66392,64823,59347,53472,52804,46989,49410,42422,40677,35891,37705,30646,31380,27065,24371,23524,26108,19722,,8705963
B12,230,230,197,225,251,234,256,259,285,315,336,367,425,401,489,535,554,547,561,617,672,623,700,674,731,720,735,733,777,763,757,810,792,772,867,866,844,876,811,817,972,1047,1112,1365,1477,1677,1989,2274,2766,3346,4361,5196,6529,8284,9945,12366,15265,18513,22872,26938,31875,37266,42521,48923,52786,58314,62530,66504,70571,72615,73569,74299,73279,73104,71748,69676,65982,63157,59802,55605,53157,51329,47203,43969,40284,38966,35373,32350,30355,28635,26534,25066,22821,21806,20701,18891,17882,16510,16758,15321,15036,14731,14257,13330,13882,13030,13917,13559,13303,13124,14411,13254,14190,13573,15034,14727,16020,15562,16915,17658,19205,20046,19529,20137,21143,23465,22264,23485,25627,26319,27300,27596,29492,29091,26990,29768,27672,30631,29168,29185,28737,28884,27405,26822,22924,22608,22364,21562,20483,18127,17462,16502,16025,13301,12576,13449,11657,11485,11321,10968,9782,,3181055
C1,112,119,116,113,136,118,120,121,131,151,124,134,157,174,187,184,199,238,225,207,227,189,236,223,240,260,274,257,242,254,218,222,227,224,183,226,189,215,219,220,196,216,218,209,221,220,268,232,249,270,304,349,360,369,547,542,673,795,915,971,1150,1386,1562,1664,1928,1957,2058,2128,2499,2468,2474,2634,2447,2588,2696,2447,2412,2148,2126,1982,2011,2005,1942,1744,1535,1537,1489,1502,1424,1243,1095,1065,997,1002,938,939,1002,1048,1005,889,1070,872,928,866,829,1080,832,973,913,1050,1163,1029,1089,912,1093,1134,1159,1206,1231,1254,1576,1536,1338,1572,1607,1840,1612,1855,1755,1831,1924,2055,1925,2386,2353,2569,2583,2530,2594,2543,3065,2821,2874,2800,2788,3149,3195,3168,3615,3703,4109,3258,4061,3932,3663,3971,4153,4062,4705,4789,5049,,222498
C2,871,836,938,986,1068,1020,1205,1284,1300,1304,1401,1545,1568,1705,1771,1814,1899,1996,2133,2184,2182,2201,2393,2375,2451,2532,2628,2730,2682,2807,2843,2843,2810,2863,2989,3140,3089,3334,3397,3713,3928,4404,4820,5780,6656,7429,9471,10948,13335,16544,20175,25578,32143,39695,49557,61586,74492,93267,111255,132437,158210,183924,213144,240259,267396,296625,322653,342602,361033,375051,382737,392036,392222,387134,384098,368347,355449,339368,322410,301606,286111,268889,251723,232155,219096,204825,184760,171326,157790,146061,134221,124540,116516,105853,99644,92291,87483,81905,78108,77658,70295,68817,65860,64094,63833,63343,61566,60715,60290,59607,60517,62134,62090,63825,64879,66591,70139,70319,71665,73690,77847,81583,84552,89297,91772,96509,97483,102795,105727,114852,114812,116675,117267,120357,122753,123505,122759,125715,126069,125580,118907,114661,110742,101173,99519,96974,88867,83255,78594,75139,65225,63275,56306,55748,48838,42395,43545,37537,39109,32596,30608,,15260780
C3,621,608,634,667,706,753,759,801,850,890,1014,991,1102,1147,1174,1288,1308,1326,1321,1469,1463,1559,1625,1532,1597,1662,1703,1851,1771,1764,1868,1833,1872,1958,1972,2093,1934,2076,2215,2345,2419,2840,3213,3674,4086,4965,6033,6963,8501,10432,13005,16357,20520,25906,31762,38597,47808,58116,70812,85955,101568,118608,136768,154484,172095,189059,203992,220299,231388,239714,245446,249335,249861,247837,242653,234818,226909,215827,206827,192180,181583,170400,161032,151054,139262,130396,117720,110470,100534,92378,84688,80253,72952,68895,63782,59818,55566,52214,50036,46899,45753,44535,43149,41480,40565,40828,39360,39734,40285,38626,39094,39027,41444,40344,41534,43281,42311,45735,46208,47028,49919,53530,55400,57119,60182,62004,64910,66290,70119,70452,71116,73058,77361,78831,78810,78878,79380,79356,78397,79804,75738,76508,71912,68382,68385,59589,57423,54741,49955,46487,44065,41938,37866,34814,32966,29715,29744,27872,27053,21628,23666,,9793370
C4,403,402,394,488,495,445,481,535,571,560,646,654,699,772,811,809,786,833,999,894,1046,1056,1038,1042,1074,1098,1053,1115,1149,1144,1191,1134,1174,1254,1240,1200,1280,1249,1316,1490,1511,1651,1808,2120,2458,2954,3672,4158,4807,6079,7496,9283,11260,14337,17760,21961,26840,32596,40428,47159,56018,66500,75777,85471,95840,104977,114482,122345,129583,134149,137454,138991,141299,138674,136283,130942,127394,121812,113239,106263,101050,95650,88503,83335,77694,71757,65887,61210,55450,51965,47033,44995,40369,37970,35881,33463,31294,28906,27779,26631,26049,24624,23966,22113,23100,22165,22766,20777,21683,21032,21617,23346,23396,22035,24232,23610,25199,25303,26567,27038,28348,29562,30205,31169,33043,33116,35796,37450,39849,38716,40208,41142,44807,44279,43943,44476,46015,45590,42599,44201,44957,41109,41353,39423,37949,37304,34050,34411,32160,26313,27117,25541,20305,19662,19291,17675,20231,17228,18084,17148,13726,,5510842
C5,395,337,368,374,354,381,412,409,431,434,485,503,549,509,562,562,524,626,680,647,667,700,690,720,746,769,760,681,754,745,790,732,765,791,723,704,786,773,824,845,918,920,1024,1227,1270,1540,1785,2155,2535,2962,3620,4307,5518,6730,8117,10155,12300,15023,18255,21978,26079,30527,34797,39754,43990,47763,51404,55915,58335,60944,63395,63982,64433,62385,61330,59350,57424,54932,51893,48663,45831,43315,40585,38224,34462,33094,29277,27696,25184,23430,21827,20457,18868,17625,16652,15348,14192,13891,13054,12479,11767,11105,11133,10515,10088,10608,11088,10342,10793,10211,10166,10221,10428,10997,11301,11687,11965,11550,12668,13017,13373,14507,14718,14917,16475,15364,16689,17815,18754,18843,18641,21473,21309,20786,20651,20752,20925,21667,19772,21737,21329,21226,18994,20780,18277,18410,16983,14697,15570,14229,14688,12403,10317,11450,11233,11015,10585,9804,8527,8188,7889,,2577044
C6,208,239,238,239,240,235,230,252,260,237,289,323,296,300,332,324,355,354,431,348,415,421,394,439,421,437,453,476,420,472,484,442,382,487,452,424,391,471,478,460,477,492,545,601,666,716,783,954,1119,1245,1636,2021,2456,3069,3617,4248,5446,6722,7887,9563,11111,13059,14626,17273,18717,20895,22746,24340,25302,26376,27162,27109,27026,26629,26041,25335,24559,23595,21995,20426,19454,18861,17543,16506,15246,13697,13031,12232,11289,10210,9698,8564,8367,7686,7536,6985,5978,6023,5533,5392,5555,5003,4887,4669,5016,5093,4704,5257,5168,4792,5285,4853,5329,4815,5341,5137,5637,5404,5960,6195,5938,6390,7060,6821,7604,7940,8194,7315,9140,9193,8900,8891,11508,9728,9749,9570,10963,11219,10837,11626,11303,10613,9883,11643,9371,6783,8492,10737,8341,7699,8115,6517,7464,6246,6349,8325,6163,6723,6763,6797,5995,,1185973
C7,159,135,159,137,147,164,161,181,192,197,185,211,200,221,253,249,255,266,275,288,316,291,312,310,329,281,315,311,333,317,253,335,281,308,306,261,280,317,311,306,276,287,258,264,288,291,373,377,382,415,526,598,664,782,928,1169,1390,1601,1917,2464,2639,2865,3496,3864,4478,4692,5156,5389,5666,5802,6047,6237,5930,6022,5775,5942,5635,5322,4875,4866,4521,4388,3946,3811,3610,3355,2956,2869,2800,2811,2517,2398,2207,1881,1807,1920,1908,1691,1750,1836,1471,1794,1594,1570,1307,1663,1558,1318,1630,1693,1409,1673,1776,1684,1712,1648,2139,1879,2196,1781,1839,2276,2648,2224,2596,2518,2351,3080,2961,2746,2686,3481,3588,3396,3314,3929,3268,3795,3805,4057,4087,4097,3645,3463,3795,3230,3952,3696,4449,3314,4622,3889,4281,4164,4273,4227,4421,4902,4999,6179,4733,,363509
C8,1284,1374,1507,1584,1683,1849,1993,2295,2519,2678,2855,3284,3439,3511,3732,4079,4379,4552,4901,5057,5285,5523,5642,5877,6151,6163,6608,6525,6808,6776,6894,7012,7208,7179,7503,7554,7897,8100,8386,9033,9754,10902,12039,13894,16297,18853,23191,27065,33942,41838,52178,65091,80185,101274,124718,154116,186748,229372,279094,332801,392415,455828,525465,585434,652967,720897,769548,820002,860160,888559,904314,914908,919672,905759,884705,857924,819839,786398,744827,699228,660471,624501,589053,550762,518061,478310,435446,410134,381946,354722,324846,305942,283792,266614,249559,233698,222645,210874,202672,194122,183499,181614,174384,170276,167457,166316,165685,163660,161664,167576,166507,168938,172539,174137,180119,184640,189586,196602,202713,209007,223477,228405,243065,254277,266569,277293,288553,298515,307675,312094,321184,331740,341038,348637,348904,354799,353466,349264,350248,343740,330346,324101,307764,298212,280047,270170,247181,232428,212055,201636,182630,168068,148063,134165,120630,122190,113216,103226,89979,91300,74785,,38359104
C9,844,871,950,1108,1112,1260,1368,1556,1699,1859,1955,2147,2436,2563,2718,3027,3149,3366,3496,3640,3921,4078,4117,4249,4453,4440,4748,4871,5011,5088,5223,5235,5301,5346,5420,5440,5740,6007,6375,6579,7260,7836,9030,10220,12144,13879,17050,20366,24932,30781,38064,47615,59238,73750,91956,112206,137286,167403,204081,243871,288654,336639,387606,435342,479595,528728,566972,608284,633832,654676,666494,677980,677022,667299,650479,625643,601984,576076,545655,508334,486143,454981,431068,403007,372149,348642,319934,302290,275666,258758,237150,221420,208762,192754,182192,172838,161786,152615,146019,142697,135655,130977,127472,125251,122776,119667,118580,119265,118933,117926,120277,122282,125441,126798,130047,133696,138630,143932,145622,155407,165362,169885,176705,183872,189757,200925,207592,216230,222238,228750,238563,243122,245561,245808,251797,252349,253424,259954,256403,257517,243178,231405,218890,217304,206860,192171,178743,156741,157280,142383,136510,127286,110526,97964,93769,90682,78246,74093,67484,67664,57430,,28050956
C10,524,567,602,638,670,657,786,859,987,1094,1166,1285,1375,1316,1537,1626,1745,1833,1926,2013,2209,2192,2229,2318,2415,2425,2540,2697,2720,2777,2801,2807,2792,2908,2936,3034,3027,3102,3394,3531,3835,4131,4610,5308,6228,7272,8668,10366,13016,15463,19306,24055,30084,37997,46383,56820,69289,86053,106377,125477,148186,171895,200820,221588,248817,273168,292308,310981,325951,336023,343208,347292,347927,344365,334569,321300,310256,293581,278602,261668,247913,236243,221354,206800,193669,180512,165970,153016,143239,131406,120851,114393,106219,100783,91456,87992,82021,79407,74190,72898,69615,66316,65363,62889,62343,62146,62187,61861,62230,62435,62332,62979,63332,64301,68983,67683,71699,72383,77166,79008,81709,89234,91242,98075,95234,104061,103695,109515,117023,118437,119702,123218,127244,128295,127075,127434,124867,129510,132813,128547,127592,126483,119573,113257,107031,98427,95425,89680,75906,74067,71593,62539,56306,54823,53844,48159,43545,43419,39550,34913,34552,,14456500
C11,353,370,418,440,421,463,511,529,627,603,703,761,799,837,906,950,1020,1119,1196,1148,1244,1316,1266,1455,1395,1395,1551,1458,1482,1456,1492,1598,1701,1727,1583,1723,1819,1817,1826,2079,2184,2340,2523,2820,3530,4001,4755,5804,7006,8399,10415,12597,16080,19971,25095,31351,37496,45992,56100,67288,78892,93726,106119,119460,131927,144181,156473,166789,174228,180359,183010,187845,186193,183381,178779,173424,165053,159066,148927,138595,132352,124140,120045,109986,103784,94903,87786,82687,75844,71150,65602,61326,56808,53275,50173,46635,44717,41738,39986,38525,36418,36020,34550,34456,32963,32554,31691,34148,32069,32936,32893,35001,34588,35767,36172,36988,38724,40888,38993,42037,46135,45879,47628,51010,52269,54064,58429,60585,59809,61641,63219,65425,70667,69929,71702,75654,68574,70612,70903,66907,67819,66835,66375,60866,55994,51999,51370,46028,44487,41126,37800,34581,33257,29031,30890,25872,23715,23951,21172,20392,19564,,7763214
C12,217,218,221,239,298,281,256,304,337,365,357,393,430,502,484,551,582,580,619,681,644,702,727,726,822,740,779,754,796,877,862,870,873,868,908,812,906,920,933,992,1034,1107,1198,1354,1633,1768,2227,2559,3336,3668,4849,5652,7478,9102,11156,13819,16594,20155,25178,29917,35419,41311,47286,52141,59062,64491,69220,74534,77672,79765,82299,82489,81338,81624,79787,77533,73016,70532,66918,61173,59356,54956,53214,49265,44924,43020,39344,35943,34005,31588,29586,27178,24613,23831,21985,21689,19569,17721,18316,17765,16848,16437,15746,14873,14641,15190,14794,15049,14934,14614,15627,15092,14954,15654,16044,16675,17223,17858,18411,18937,20256,21829,21522,22480,24697,24272,25823,26110,28113,27769,29785,30406,31023,31799,30544,32236,32363,31071,31647,33423,30206,29690,27896,27191,26177,25111,23205,23498,23356,20661,19722,16082,15915,16308,14651,13833,15006,14146,12791,11277,11991,,3509170
D1,150,145,145,145,169,156,142,160,160,162,153,190,182,187,198,211,201,255,228,226,189,277,242,273,257,271,266,261,289,291,249,286,263,228,220,226,266,227,209,210,217,189,234,187,243,200,274,232,267,322,323,365,469,552,582,772,920,1117,1221,1497,1656,1960,2385,2504,2778,3203,3306,3377,3754,3657,3612,3842,3853,3871,3658,3606,3396,3322,3161,3033,2773,2700,2658,2508,2162,2457,2055,1934,1902,1401,1733,1512,1478,1403,1136,1123,1181,1200,1005,1193,1094,1087,1019,1177,1082,1138,1044,1130,1011,1338,1128,1324,1184,1189,1279,1456,1381,1577,1568,1405,1655,1755,1651,1957,1855,2163,2082,2205,2193,2479,2405,2139,2494,2707,2785,2972,2741,3080,3113,2664,3576,2620,2523,3095,3408,3553,3531,3256,3337,3996,3595,3889,3512,3932,3907,4227,4421,4202,4264,5252,4575,,268573
D2,1868,1927,1903,1914,1920,2096,1967,2012,2086,2105,2093,2257,2298,2387,2338,2392,2502,2581,2573,2686,2622,2627,2724,2727,2880,2858,2962,2978,3007,2960,3009,3051,3289,3084,3179,3277,3389,3527,3755,3918,4047,4418,5008,5722,6419,7486,9262,10943,12813,15702,19607,24149,29803,37557,46355,56537,69941,84881,103103,124750,146293,171952,199378,223493,248304,274555,297478,316213,336460,347511,356287,362283,365623,361692,352790,341528,335557,317507,300354,279937,267521,251193,238222,218248,204469,190052,172272,160123,147180,139155,125446,116254,109673,101681,92888,88727,81283,76078,72541,70009,66673,64042,64383,59465,60461,58965,57452,58691,57306,58760,57223,56582,59875,60278,60074,63381,63745,68139,69759,72236,76323,78951,84096,84344,85992,89537,97315,101255,100462,103485,108999,111265,112454,114117,116942,119223,119438,119556,117364,114499,111563,109019,107027,104194,93710,91322,86429,76655,74330,72215,67793,60332,54879,53782,47495,43163,36979,38097,34698,31515,30924,,14361669
D3,712,706,765,756,837,888,884,888,1031,1081,1088,1198,1300,1245,1349,1356,1467,1482,1551,1614,1744,1688,1847,1712,1850,1883,2062,1924,1962,2048,2062,2204,2135,2212,2238,2272,2600,2461,2667,2868,3048,3476,3699,4231,4864,5852,6866,7864,9677,11377,14485,17796,22179,27652,33285,41864,50103,60501,75365,88640,104800,121780,141210,159278,176538,194564,209297,225332,237533,244656,251240,253958,256285,251576,246404,239522,230005,220654,207760,195095,183716,175403,165012,152483,141978,132845,118850,110894,102331,94980,88179,81720,74762,69114,64118,61217,56874,53785,50736,48712,46616,44446,42678,41425,41998,40565,40343,40848,38590,38948,39482,39633,39535,41037,42586,41804,44294,46478,49393,50013,49892,55312,57080,59017,61975,64005,67798,67270,70631,72321,73561,78217,77930,80896,79962,82001,80012,80346,80645,80712,80080,78993,72753,68161,67998,65726,58937,58965,52921,50385,47352,46037,40830,34582,35164,32277,28538,27872,27053,27035,20826,,10045437
D4,424,452,458,457,446,486,497,530,568,618,633,678,671,767,758,787,833,840,1001,927,927,1016,1077,991,1036,1023,1149,1067,1102,1101,1185,1216,1251,1156,1177,1306,1208,1322,1336,1358,1594,1683,1714,1955,2349,2812,3433,4080,4919,5871,7277,8875,10956,13701,17040,20611,25236,31265,38023,44985,53919,62403,73161,81552,90957,100443,108158,115851,122407,127748,130353,131379,130907,130080,127314,123544,118289,113834,109218,101248,95518,89469,83467,79433,72549,67236,61717,58600,52796,48971,45663,41612,39113,36214,33995,31768,30177,28197,25949,25906,24104,23057,21809,22032,20655,21391,21435,20463,20510,21658,20542,21030,21238,22708,22437,24166,22659,23308,24733,26236,25774,28876,30063,30517,31621,32438,34957,37065,37107,36466,41291,40975,39600,41526,42502,41907,42589,43720,41158,43111,40934,39698,40862,39717,39188,36416,30351,30011,28453,25826,25679,24070,21403,20009,21367,17035,17552,16107,15732,13904,13884,,5232961
D5,344,314,348,323,364,341,387,383,401,469,458,481,561,561,595,640,667,648,702,702,747,789,802,753,828,844,921,906,875,877,932,948,882,955,943,932,975,968,963,1057,1078,1204,1405,1543,1773,1990,2475,2803,3384,4263,5081,6382,7957,10290,12361,15690,18661,22266,27617,32810,38987,45101,52671,58928,66257,72294,77782,82865,86316,91445,93532,95917,96624,95202,92983,89226,86771,82545,79108,73122,70050,65181,60942,57750,53074,49159,44370,40526,38181,35667,32904,29970,27965,26122,24415,22557,21784,20373,19886,18151,17978,17473,16596,16524,16468,15949,15687,16007,14983,15308,15416,15386,15508,15892,16416,16996,17267,17696,18652,18460,19153,20595,22519,22272,23986,25176,25890,25935,26030,27464,28903,28225,31373,32579,30352,29919,33470,31896,32050,31183,30269,30093,30559,28517,28191,26484,26315,22530,22151,20466,18284,18604,17451,16539,17338,13577,13130,13586,11468,12204,9782,,3832492
D6,236,224,215,219,262,265,284,277,270,292,312,311,310,391,364,410,409,440,444,444,520,514,495,560,547,545,523,566,524,569,611,546,520,548,556,570,606,495,607,599,668,634,760,810,968,1081,1205,1424,1668,1980,2472,2871,3643,4568,5580,6732,8313,10212,12043,14570,17536,20292,23697,26066,29112,31684,34868,37316,38888,40360,41647,43105,42306,42412,40998,39867,38137,35886,35257,32053,31429,28795,27029,25151,24008,21944,19867,18781,17205,15881,14819,13692,12450,11925,10923,10793,10460,9570,8718,8468,8278,7631,7292,6821,7897,6639,7185,7250,7271,6875,6589,6838,6914,7034,7569,8048,8177,8326,8108,8127,9695,9433,9793,11270,10479,12330,10645,13055,12832,13198,13189,13379,14133,14637,14264,15161,14864,15398,14353,15137,14496,13636,12756,13337,11927,13081,10846,12321,11400,11110,9964,8934,8781,7634,8058,8581,8039,7143,8821,9578,7889,,1757443
D7,187,174,195,182,159,223,185,202,241,230,208,252,239,291,283,302,308,347,346,371,383,385,425,390,419,450,433,428,393,418,415,437,396,402,431,374,446,417,413,364,418,421,476,489,515,553,670,692,864,1035,1024,1261,1752,1946,2271,2976,3537,4285,5184,5846,7160,8400,9621,10799,11806,12866,13890,15015,15418,15680,16281,16823,16806,16470,16187,15327,14809,13948,13293,12453,11546,11720,10577,10187,9525,8530,8402,7791,7211,6756,5922,6309,5846,5032,4444,4442,4334,3677,4031,3614,3793,3436,3319,3329,3302,3531,3434,3170,3440,3353,3365,3511,3648,3805,3774,3703,4278,4476,4271,4465,4755,4909,5067,5249,5471,5164,5809,5845,6434,6217,7015,6123,6957,7204,7588,7455,7801,7424,7206,7508,7535,7859,6799,7148,6893,6863,6810,5897,6488,6724,6882,6096,5927,5783,6959,5764,5627,6723,6028,6025,6153,,799894
D8,1326,1384,1469,1499,1691,1797,1983,2149,2447,2539,2816,3063,3331,3562,3781,3894,4325,4572,4694,5194,5212,5567,5780,5855,6125,6204,6626,6536,6566,6667,7062,7026,7321,7350,7540,7770,7784,8097,8413,9066,9690,10899,12176,14240,16213,19605,23534,27805,33775,41733,52523,64325,80641,100627,124894,153896,188186,228577,277692,332163,392554,458063,527899,587904,653890,721516,771257,822403,861873,890559,907179,922083,919958,909971,891508,857056,825825,787902,749200,700266,663635,629253,594028,551056,511533,482883,438501,410771,378726,356607,325872,306631,283607,263979,251900,236976,218733,212042,199793,195221,186684,178645,174345,168246,166713,165018,166819,163550,162430,165036,168709,170280,170743,175960,181954,187444,191390,198852,207587,215628,222926,232327,249271,254663,265270,282909,292012,299110,312062,311522,332369,337695,342963,347260,347511,355001,361899,353168,349210,347312,341777,326519,302367,292907,280512,257251,248358,228908,212703,201636,181808,162182,150039,148044,125514,124751,109196,103506,95419,82803,80307,,38498890
D9,905,985,1040,1082,1241,1327,1408,1540,1722,1906,2068,2118,2284,2568,2690,2875,3116,3196,3429,3636,3757,4016,4068,4222,4281,4324,4509,4687,4756,4862,4953,5128,5262,5257,5350,5416,5630,5858,6047,6685,6958,7747,8678,9800,11520,13369,16567,19493,23801,29008,36587,44693,55780,70444,88380,109013,131855,160848,196882,235534,277686,323171,372774,417553,461525,506985,550019,583833,607157,629387,641093,651754,646852,638284,625526,601087,578351,553820,522303,490655,462975,437251,415147,387777,361982,334700,307483,285883,265211,247797,228478,214539,200015,186129,173214,164373,153572,146548,140599,135235,129723,125481,121370,117834,117956,115756,115917,115436,113601,117384,116754,118790,121984,120160,126974,128366,136803,136186,144174,146553,159608,165278,171637,179542,183544,196535,192615,205625,214268,225698,222688,230708,236985,238328,240127,249175,251474,248241,248333,238141,234748,222874,215666,208682,195862,180302,170840,167390,150422,137316,133018,121820,107892,100855,91328,84918,82266,75913,66749,63493,53643,,26997633
D10,483,496,580,587,640,670,826,802,899,1056,1051,1220,1334,1435,1581,1610,1652,1893,1954,2103,2062,2248,2270,2444,2503,2431,2534,2692,2737,2813,2758,2863,2704,2966,3005,3100,3135,3171,3369,3617,3827,4144,4755,5503,6382,7503,8997,10550,13247,15779,19911,24837,30570,38616,47792,59258,71440,87769,106933,128611,149968,176510,201965,227243,252242,278792,299106,317772,334078,344801,350289,353742,352227,346847,340962,327191,314578,301806,283331,267267,251185,237957,226425,208615,194389,182769,167147,157749,145335,135568,123075,117301,108001,100039,94805,89268,83181,78916,76798,73845,68958,68097,66291,64283,63805,62730,63261,61971,62018,63027,61680,63439,65222,66421,67993,69288,71989,73682,75695,77929,85439,90715,91583,101189,99871,104352,108463,113575,116804,119772,124513,123637,122343,130544,130389,134485,134724,131544,129354,133391,129763,125140,121676,113552,103159,97055,90465,82815,83598,71143,69745,65167,59708,58871,52135,44572,44348,41318,37638,36458,35341,,14675936
D11,344,348,353,389,442,433,511,560,629,653,660,726,818,840,865,979,989,1038,1107,1215,1265,1245,1410,1360,1387,1450,1502,1416,1489,1503,1560,1635,1687,1643,1562,1605,1721,1724,1879,1892,2063,2227,2388,2834,3479,3967,4705,5658,6669,8303,10390,12952,15673,19565,24022,30582,37449,45363,55068,66418,77283,91285,104322,117302,130568,142436,154176,162728,173300,177306,180675,182745,181289,178647,176111,168580,162809,153892,146250,136551,130802,122784,115976,106679,100700,93203,84998,81477,74444,68872,63050,59044,55146,51700,48128,46329,42671,41662,39060,38151,36406,34150,34629,33806,33174,33152,32084,31747,32297,31124,32928,32887,33461,35331,34502,34933,37855,38685,40441,40783,43639,46098,47713,47718,52764,54258,57724,56910,62076,63090,64421,66558,66685,65845,69204,69560,70419,70227,67963,70359,69671,66164,59997,58434,59324,53210,47334,45060,44024,41029,37389,34791,33037,29840,28815,27538,24519,22970,22348,22400,17355,,7620595
D12,265,296,344,307,334,303,348,346,383,383,445,478,479,511,530,547,625,637,667,719,659,666,774,753,719,779,770,817,883,821,886,934,821,893,869,873,966,898,928,1040,1109,1165,1284,1384,1480,1794,2096,2529,2927,3427,4041,5264,6202,7827,9633,11916,14555,17711,21288,25170,30113,35573,40401,44826,50987,55822,58546,63839,67627,69074,70709,70990,71665,69973,68155,65684,63404,59605,57210,53523,50423,47444,44736,41993,40075,37504,33417,31863,29279,27242,24801,23777,21870,20451,19289,18309,17397,16193,14962,14970,13979,13556,13290,12775,13180,12345,12646,12962,12684,13107,13090,12960,13541,13573,14044,13678,14304,16003,16312,17633,19074,18291,19045,20018,20586,21981,22935,24395,24275,25442,24173,25289,27348,26613,26558,28056,28357,27992,27612,26400,27971,25861,24251,24759,23234,22931,19253,20066,18351,18029,15305,14505,14927,14457,12210,12296,12996,12886,11468,12204,11360,,3041641
E1,114,116,113,127,119,112,129,126,133,138,131,161,176,190,185,197,207,224,208,246,213,262,244,243,263,264,274,238,274,252,212,235,225,244,229,228,240,207,241,190,199,237,218,200,232,228,265,315,318,325,349,488,549,524,820,893,1072,1268,1463,1722,2114,2457,2777,3070,3524,3742,3989,4464,4587,4724,4800,4902,5008,4734,4938,4396,4144,4431,3967,3697,3477,3355,3251,3090,2832,2502,2505,2437,2185,2010,1922,1942,1810,1747,1630,1460,1666,1233,1378,1485,1337,1188,1307,1353,1208,1328,1180,1177,1321,1355,1568,1250,1356,1229,1567,1520,1560,1600,1520,1781,1839,1865,2107,2224,2195,2195,2351,2520,2340,2403,2365,3020,3019,2753,2930,3274,3163,3630,2998,2967,3321,3493,3294,3390,4492,4683,3111,3256,3800,3801,3903,3679,4281,3817,4151,4483,5225,4622,5146,4943,5207,,309958
E2,3243,3201,3265,3302,3439,3487,3556,3823,3852,4055,4184,4479,4644,4798,5014,5177,5520,5836,6028,6167,6641,6720,6954,7249,7311,7544,7658,7768,8046,8280,8077,8368,8147,8437,8451,8507,8956,9141,9336,9999,10438,10947,12329,14479,15903,18912,22606,25698,31664,38322,47595,59177,73302,92269,113032,140378,168804,207657,255073,299511,353697,412202,474004,534754,588893,647278,696406,742536,781527,806795,820991,830870,830545,820610,803687,775440,746024,713252,672701,631524,600104,568102,532888,498540,464829,434177,399654,372934,346331,321066,297347,274585,256583,239146,226429,214286,198130,189749,184865,174813,167199,161260,153712,151519,150287,149536,149227,150557,146094,150134,150774,149268,153382,158701,163641,166275,173321,174013,181696,186910,202485,209264,217329,229544,237482,249728,255712,263270,276454,286042,291680,297727,304808,307844,312309,318483,318994,312748,314912,307047,306399,291926,281621,269474,252166,232866,217670,202417,193704,181561,165579,149674,131490,121558,122828,107716,99416,96783,85127,82185,73049,,34751627
E3,1175,1224,1286,1420,1447,1646,1665,1789,1987,2080,2246,2388,2582,2643,2939,3200,3497,3555,3857,3930,4144,4262,4445,4419,4557,4985,4896,5036,5151,5264,5243,5279,5532,5502,5376,5473,5790,5637,5848,6354,6920,7281,8267,9360,10709,12579,15137,17617,21860,26248,32476,40354,50785,63957,79339,97568,116949,144476,176143,209571,247660,289420,330856,372770,410681,455210,485467,520627,543128,562351,572012,578313,580096,570526,558087,538797,516605,494799,468618,440786,415126,394876,371182,346225,323117,303685,275609,257519,238311,220972,203978,192721,178709,165649,155189,147412,136533,131872,123672,121025,116121,113201,108943,105993,105451,104185,101865,102521,102303,104312,103347,104267,106285,109460,113755,114860,121741,122270,127525,133711,142741,144519,150599,157151,165771,174232,179216,187985,191968,198768,204689,208271,212657,214330,215826,215680,222801,222834,216743,215375,211312,209574,189313,187902,176346,163668,157388,143452,134388,124451,114426,105739,98123,89521,83513,74671,72217,63028,67337,55923,50330,,24174430
E4,733,775,736,795,813,913,1015,1071,1089,1210,1356,1397,1474,1611,1733,1832,1906,2014,2192,2269,2264,2480,2477,2650,2694,2791,2775,2864,2911,3048,3026,2945,2985,2915,3100,3147,3183,3280,3439,3554,3827,4078,4591,5357,6119,6927,8269,9682,11633,14729,18162,22167,27971,34559,43233,53497,64785,78947,95575,114289,136743,158064,182926,204243,227456,249246,268137,285170,300189,308107,311751,318397,316501,313066,306876,294319,285432,269762,255190,238377,224904,212511,200513,186812,174863,163483,150129,139549,131820,119303,110644,104495,97214,90501,85817,80262,75030,72052,68002,65506,63403,61439,57575,56880,57299,57127,57089,56400,55431,55813,55990,56821,57392,58079,61353,63680,65349,66701,69373,75296,77400,78731,81733,86390,90938,95960,98121,101570,105032,104438,112406,115794,117442,116182,118190,118820,118806,117851,119728,117284,115011,114124,101560,98520,97815,86558,83402,74630,75350,73092,66355,57179,54220,51816,48350,39833,40999,37957,34551,33059,28084,,13210992
E5,494,481,507,505,553,534,638,663,722,759,765,816,840,938,1010,1070,1123,1176,1282,1324,1322,1436,1513,1568,1521,1674,1642,1692,1754,1624,1789,1769,1663,1752,1770,1831,1881,1902,1881,2084,2159,2275,2485,2718,3065,3693,4516,5335,6062,7324,9002,11682,14073,17447,21644,27067,33596,40753,49415,59114,70329,81184,93011,105109,115893,127860,137318,146302,152845,157616,159594,163426,162541,159781,156998,150811,145617,138515,130081,122159,115990,110004,102788,96822,90296,84295,77826,70903,66003,61549,57447,53487,49835,46878,43862,41091,38538,37101,34825,33870,32054,32166,31218,29070,28874,29110,28590,29769,28433,29532,29774,30479,30195,29346,32563,31829,33465,34812,36315,37196,39698,41217,41991,44574,46303,47544,50538,53270,54143,54508,57727,56576,61259,62312,62865,62155,65095,61703,64158,60065,59645,55215,57474,52907,49798,48204,43299,39427,39668,35084,32664,32163,30732,26833,24297,23439,21839,21429,20289,17302,15462,,6823754
E6,307,340,308,358,342,366,360,374,434,444,478,496,508,589,608,642,674,743,697,777,750,752,819,821,896,832,931,854,973,991,967,987,902,964,1043,996,999,910,973,1073,1052,1133,1220,1474,1516,1911,2233,2603,3045,3647,4390,5548,6840,8399,10287,12681,15855,19341,23492,28555,32966,38224,44691,49463,55335,60620,64593,68937,72716,74968,75757,76993,76793,75532,73832,71748,69378,65517,62224,58326,55226,52884,48879,45013,41927,39642,37007,34614,30930,28935,26482,25182,23726,23267,21096,20137,18167,17470,16272,15824,15644,14984,14505,14413,13714,14241,13917,14076,14494,13818,13671,14908,13637,16031,15385,15626,16243,16513,16867,18034,18365,20293,19102,20285,23152,22303,24077,24990,25847,26853,28422,28686,29011,29137,29632,29617,31731,33161,30206,28034,28609,29287,29017,27780,25402,23012,21775,22354,21039,18712,15510,18919,14927,15498,13919,14345,11255,12466,11909,11277,10098,,3295528
E7,192,192,179,195,169,178,203,223,180,225,242,260,270,291,279,284,306,316,346,361,318,352,369,392,371,397,408,338,378,394,393,397,367,350,355,363,355,310,351,339,348,352,414,428,445,522,641,666,625,855,1055,1290,1355,1908,2160,2502,3230,3586,4647,5153,6279,7402,8431,9490,10249,11603,12239,13137,13771,14400,14494,14808,14343,14483,13961,13199,13434,12373,11609,11316,10201,10159,9555,9101,8603,8092,7409,6942,6563,5789,5465,5262,4876,4650,4168,4146,3827,3656,3580,3322,3610,2843,2979,3194,2993,2699,2753,2919,3016,3116,2590,3566,3228,3388,3444,3403,3453,3711,3644,4063,3836,3784,4498,4715,5100,5293,5238,5425,5484,6027,5813,6584,6914,7204,5907,7152,7063,7094,7378,6600,6641,7590,5958,5821,6118,6621,6053,5985,5654,5263,5649,6201,5817,5667,5250,5764,5895,6023,5881,6334,5522,,718185
E8,926,993,1156,1226,1263,1497,1512,1721,1914,2130,2306,2570,2668,3018,3232,3333,3565,3721,3920,4150,4287,4574,4673,4550,4962,4924,5205,5372,5663,5684,5876,6100,5951,6141,6328,6320,6644,7041,7318,7912,8452,9406,11080,12746,14499,17421,20908,24878,30730,37432,47179,58314,73044,92364,113347,141736,170177,208959,255360,301496,356798,414800,480621,537795,595570,657025,704303,751977,785408,816388,826860,836371,836574,822596,809752,778520,747393,714821,676414,639118,601506,573350,537230,500544,470038,438393,400448,376220,347933,324602,295364,278451,258791,242296,228888,216492,201262,191178,183532,174357,168427,162814,155986,153116,150723,151739,149923,150902,152191,148915,150422,154029,156457,159018,165951,167795,173477,178326,186208,193155,205402,214584,225130,232569,244468,252116,260010,270235,277770,292641,300579,303179,311109,312984,318312,323822,318573,321822,314970,319459,310997,302875,292695,261295,253947,244655,226498,214210,194909,181268,164860,151356,139392,126069,119287,114249,107053,95802,86303,78787,67843,,35025511
E9,831,914,968,1008,1127,1153,1355,1436,1596,1709,1984,2045,2181,2361,2510,2583,2857,2924,3182,3292,3462,3577,3801,3907,4114,4040,4272,4405,4419,4489,4889,4720,4774,4972,5119,5176,5385,5622,5915,6331,6842,7373,8452,9915,11252,13306,16360,19225,23461,29176,36301,44463,55252,70055,87369,107653,130305,160205,194345,231963,275655,320064,369587,414521,457811,504935,543674,576025,603720,624837,637085,640843,641458,635302,622349,596052,576838,551672,519814,487777,462309,438773,410479,382536,360728,335717,305673,283069,265518,247731,227547,212892,199831,182166,175792,164240,155649,146046,139391,135142,128070,123876,118299,117198,117156,117595,113966,116111,116340,115945,114058,117264,121316,120556,126438,127810,130119,136023,142799,149011,152829,161247,170641,177348,185090,193663,198962,205485,215548,220396,226216,232008,234360,238191,248579,242476,246414,244446,242626,242985,228426,231136,218190,206472,197024,186681,171933,158325,150051,137413,126547,123292,103611,96576,91205,83253,83070,71572,71454,60712,54905,,26827234
E10,424,447,525,542,645,624,718,870,902,933,989,1101,1203,1247,1353,1556,1574,1814,1837,1838,1897,1917,2071,1962,2006,2256,2317,2421,2355,2458,2431,2505,2675,2605,2681,2721,2763,2993,3090,3579,3706,3981,4430,5017,5898,7252,8653,10292,12110,15590,19293,23877,29459,37635,46525,57880,70133,86382,105338,125918,148774,172449,199221,222116,248377,271710,292037,309635,325345,336932,341041,348815,346505,340585,335488,318942,306791,294826,278971,259580,245511,232530,219828,203633,188697,180408,163137,151876,142915,131155,120316,112522,106228,99934,92197,87307,83023,79025,73456,70688,70283,65937,65415,61928,61992,62234,60825,61233,62621,59420,61310,62777,65757,65113,67003,65949,71031,71015,76056,79158,83259,86080,93149,94071,98078,104029,104434,107345,115195,116492,119502,125482,125931,127745,125298,128239,133564,131819,131257,130666,123696,121311,112564,111857,107186,95036,94753,88712,80911,74261,69128,69266,56635,54823,47739,48415,42607,42299,38667,33523,35341,,14380162
E11,302,302,299,326,379,415,462,492,534,585,644,625,732,788,828,871,982,994,1077,1116,1188,1141,1254,1260,1317,1326,1331,1366,1444,1467,1499,1500,1516,1645,1631,1676,1611,1785,1891,1976,1919,2196,2499,2935,3376,3930,4775,5673,7021,8325,10472,12781,16215,20347,24811,30898,37854,46181,56346,66925,79480,93600,106334,119676,130689,145507,155958,168769,175487,180485,184406,184699,183798,183812,179687,171688,165341,156175,147952,138981,131372,125391,116998,109264,102112,94940,87763,80014,76459,69306,66197,60476,55552,52635,48731,47197,43694,41007,40844,39192,36418,35982,35073,33008,33314,32291,32825,33347,31628,32919,33016,33199,34110,34340,36647,37031,37498,39242,39959,41711,46293,46180,47372,51247,51867,55775,57657,57120,59590,61679,64381,66935,67648,69287,66851,69358,69681,72261,69750,68300,65903,63678,63151,59760,54135,53372,50277,44708,42355,42101,39340,35527,31830,30187,28570,26897,24117,23951,23377,22709,21299,,7719758
E12,193,186,192,212,206,212,249,260,283,297,317,325,370,422,392,410,451,477,522,529,556,585,610,621,579,639,636,654,739,679,692,739,718,768,769,591,736,773,849,873,861,960,1099,1315,1320,1722,1994,2158,2660,3380,4098,5290,6483,7722,9965,12139,14950,17821,22256,25920,30836,35796,41153,45620,51284,56586,60966,64043,66941,68712,70699,70731,70754,70452,68779,66608,63381,60968,56853,53747,50346,47875,45533,42435,38850,36992,34303,31808,29837,27034,25146,23356,21962,20097,19457,18309,17134,16455,15696,14713,14210,14251,13603,13912,12828,13322,12994,12680,12554,12954,13372,13070,14324,13692,14580,14448,15463,15585,16770,17858,18312,17359,19900,20552,20648,20431,23405,24640,24202,25900,25376,27722,25991,26981,28623,28962,28937,28157,27669,28458,30780,28749,26985,23948,24705,22770,23709,20506,18722,18419,16948,15346,13720,16308,13919,11527,12192,11625,11615,10659,10886,,3075404
F1,153,190,165,150,178,190,169,180,177,171,191,201,200,225,224,224,225,250,279,316,312,314,289,318,319,319,307,307,338,308,297,311,308,313,301,322,288,271,261,268,273,292,277,269,249,345,341,422,406,511,574,640,674,873,983,1283,1484,1760,2110,2499,2971,3338,3996,4489,4719,5231,5848,6120,6462,6821,6621,7100,6737,6661,6590,6356,6107,5977,5250,5257,4944,4811,4648,4239,3739,4053,3666,3577,3253,2886,2836,2479,2678,2492,2262,2236,1814,2030,1807,1766,1738,1882,1568,1624,1672,1605,1573,1585,1565,1812,1815,1654,1738,1526,1774,1926,1760,1879,2075,1931,2154,1974,2761,2699,2442,2840,2451,2555,3436,3776,3648,3649,3544,3441,3890,3173,3742,4234,3977,4178,3385,4366,4346,4053,4105,4925,4372,3608,4727,3898,4314,4835,4281,4395,4518,4611,4823,4622,4705,4789,5680,,393885
F2,1540,1640,1675,1851,1992,2058,2220,2345,2498,2759,2912,3265,3644,3701,3974,4358,4656,4730,4869,5303,5536,5742,6085,6201,6395,6515,6750,6918,7149,7156,7202,7363,7418,7402,7538,7737,7820,7856,8363,9051,9548,10360,11652,12971,15458,17532,21537,24863,30579,37498,46210,57997,72373,89383,111017,137558,166755,203150,249019,293940,350729,406961,465834,524530,579196,636767,690210,731527,768040,792447,803216,817280,820055,807112,790781,761670,736999,699652,661849,619270,589864,560717,527123,488073,460571,428193,392695,365473,338513,315869,293287,272831,249768,235289,220453,208517,194282,186672,176937,172099,162094,158531,153111,150815,150554,147829,147064,143228,145719,146646,146651,148698,152332,153945,160548,162829,170068,173502,183843,182972,196653,207728,215194,224324,234639,241465,251279,262535,275686,279100,283341,290178,297938,300595,307554,309518,317413,321822,309493,308500,298672,286821,272649,264169,248449,233109,220277,195289,192684,176590,159519,147151,135660,129423,116479,105667,100755,92721,86450,83730,73523,,34160659
F3,1086,1093,1182,1271,1350,1497,1518,1679,1866,2000,2128,2235,2374,2655,2709,2979,3143,3322,3531,3610,3864,3985,4273,4214,4449,4556,4608,4789,4875,5053,4975,5233,5017,5200,5332,5087,5347,5515,5813,6372,6520,7089,7839,9078,10373,12137,14590,17133,20904,25486,31601,39710,49433,61325,75791,94284,113871,138068,170739,202716,240077,279565,322020,361409,397403,440068,471215,502194,524822,543391,557359,558684,562770,551356,538028,519286,501198,479004,455198,421248,403504,380661,356542,333229,310710,290389,265229,249485,230502,215225,198228,186842,172235,161391,150607,142173,131957,125881,121323,116277,111782,107869,105036,101770,100196,98173,96525,98362,97135,100332,101092,101124,101090,102366,109589,110750,113408,118629,124316,130049,136172,140734,150656,154660,159403,165001,173911,174930,187544,187630,195348,195605,204693,210476,210735,210492,210045,207875,207405,209380,207608,194662,188401,178470,168834,153818,144861,138084,123729,120651,107544,101534,89233,86282,78996,70701,66322,63308,57340,53297,52854,,23287974
F4,638,710,782,837,870,927,994,1003,1175,1216,1328,1406,1649,1625,1752,1916,2025,2180,2278,2391,2575,2500,2672,2588,2832,2783,2913,2960,2875,3007,3183,3244,3267,3153,3133,3281,3379,3527,3392,3584,3858,4318,4613,5450,6080,7252,8615,10541,12473,14809,18463,22490,28986,36071,44791,54585,66643,81469,98929,118889,139303,163103,188195,210126,234686,258048,277617,297095,309619,320961,326962,330023,328840,323758,320580,307490,295343,281657,267077,250227,236168,222590,209809,197938,185447,174982,155552,144895,135454,124591,116928,109068,100566,95160,87871,83927,78911,73820,71649,68232,65141,62892,61168,59547,59098,59841,59086,57891,58154,59048,58474,59137,59989,62478,65003,64472,66218,71618,71906,77703,78136,82516,89164,90097,93318,98219,101143,104650,107518,110579,112567,116633,118711,121734,123425,125368,126343,122636,124224,118193,119226,113990,112494,106846,103004,91241,84664,83959,77018,68024,64198,61383,58391,49155,51158,43035,40731,38797,38079,31360,29346,,13732280
F5,488,482,509,554,581,597,702,632,827,839,915,989,1019,1166,1272,1254,1366,1455,1534,1546,1546,1703,1664,1681,1770,1810,1825,1917,1896,1822,1817,1957,1957,1807,1858,1827,1951,1893,2020,2067,2203,2324,2644,2996,3457,4018,4571,5810,6887,8077,10434,12713,15382,19514,24794,29944,36250,44901,54682,63768,77501,89669,102611,114489,126794,139754,151873,159873,166388,174050,176562,178594,179732,175846,172419,165617,158705,151685,143525,134053,127594,119799,112698,105614,99965,92171,84349,78851,71959,68539,62206,58579,55220,50392,48227,45584,41996,40614,37422,36607,36369,33783,33400,33008,32415,31066,31479,31370,32248,31226,31342,32997,32201,33686,34502,34912,37743,37664,38221,41109,40828,44836,48539,51514,51002,52418,55105,57750,59846,61908,62297,63664,63359,63368,68436,68502,68363,68742,69635,65757,64562,63813,58735,57402,56381,51515,49016,44092,44487,38495,35848,33004,33696,30303,27349,23183,23983,22410,22642,17920,17040,,7471496
F6,232,245,241,244,248,300,286,370,378,404,403,410,472,532,530,544,542,666,700,702,729,772,807,805,810,860,812,877,953,1006,943,939,961,914,934,920,992,1015,951,1057,1042,1165,1295,1411,1591,1759,2175,2544,2972,3798,4735,5574,7065,8720,10713,13652,16000,19585,23915,29093,33831,40155,45286,50654,57336,62587,67194,71601,74799,77856,78473,79257,79584,78871,75757,73809,71226,67936,63678,59948,55584,54221,50501,46989,44420,41142,37358,35007,32710,30587,27301,26471,24548,22847,20859,20004,19569,18201,17119,16537,15668,15881,14413,14602,15077,14081,13886,14830,13907,13835,14447,13897,14591,14723,15529,16054,16688,17696,17542,18009,18076,20732,22319,20789,22904,23917,23170,25130,27053,26243,29024,30029,29142,30147,29199,29919,31836,31731,31935,31183,29503,31167,27055,27264,27261,23820,23121,21826,21502,18614,17667,15766,16793,14110,14774,13705,12058,13026,11762,11277,11517,,3380545
F7,172,148,145,162,144,152,168,180,167,196,193,235,219,227,258,279,266,218,284,312,345,302,351,346,343,315,352,351,335,314,332,393,382,356,320,325,314,312,271,324,263,334,368,357,375,428,454,505,600,682,751,831,1025,1178,1360,1772,2118,2370,2991,3617,4137,4845,5178,5921,6893,7286,8254,8377,8663,8903,9006,9393,9528,9265,9023,9123,8449,8443,7921,7382,7006,6684,6120,5794,5317,5211,4797,4560,4062,4070,3888,3553,3039,2998,2756,2726,2446,2717,2767,2246,2480,2325,2339,2260,2318,2057,2284,2244,2201,2218,2044,2298,2426,2378,2475,2633,2696,2250,3113,3060,2916,3373,3473,3500,4049,3583,3559,4130,4204,4501,4329,4236,4944,4267,5235,5541,4691,5059,5361,5571,5045,5172,5117,4569,5344,4118,5885,5192,4819,4386,5341,5150,5049,5320,4518,4867,5091,5182,5146,5561,5364,,512791
F8,1269,1418,1410,1524,1778,1871,2020,2120,2405,2695,2813,3075,3321,3544,3818,4054,4294,4669,4828,4931,5376,5584,5679,5903,6088,6267,6484,6525,6784,6876,7357,7379,7325,7697,7668,7900,7988,8337,8856,9665,10422,11283,13317,14987,17276,20581,25421,29645,36326,44881,55997,70548,86618,109144,134732,167279,202408,248491,302526,360130,426859,495483,569416,636891,706986,779114,839546,895013,938107,969864,993204,1002664,1005581,989204,969758,937782,901085,861845,813846,762178,722728,689893,649287,602809,563872,530609,479343,448538,417780,384942,357915,337003,312810,291103,272117,260329,243079,229938,219012,212379,199557,196092,189347,185975,183742,179157,182597,179322,178635,178397,179491,183093,186290,189097,192162,200737,204982,214785,225153,232408,242551,254676,265356,274088,286629,300661,313201,322245,331876,343410,350970,362691,363835,375388,378055,381898,385249,388804,382875,369534,379327,353656,338183,316781,313271,291810,275262,242373,233001,223564,197524,179840,165514,152208,148957,127185,118575,108268,107328,93617,88038,,41870812
F9,759,721,809,885,1026,1011,1165,1357,1400,1560,1710,1832,1980,2151,2308,2399,2522,2805,2844,3048,3178,3235,3347,3557,3629,3816,3823,3916,4141,4267,4060,4172,4279,4432,4493,4545,4829,4907,5193,5638,6401,6803,7536,9039,10508,12279,14992,17769,21769,26877,33474,41689,51840,65707,81689,101225,121782,148924,181950,216349,258620,298099,342233,384253,425601,468651,504274,540009,560596,579293,591079,597343,597168,586692,577435,555183,533308,507921,480009,453295,427338,404538,383327,353770,333406,311234,284049,263958,244477,228972,211383,198091,184767,171655,161352,152364,142279,134992,130052,126206,120108,116574,114314,110269,107123,106855,106327,106774,104260,106378,107575,109010,112912,112610,115858,118863,124192,125888,129528,137122,144186,151841,160392,162460,171675,182301,188014,194425,197854,204337,214150,212129,220139,219148,228264,230438,230180,226958,230405,224578,227149,218441,201228,190997,188660,165849,164114,146620,137910,129324,122335,111730,100867,95419,84612,82228,76370,69331,61897,55305,50961,,24953384
F10,453,505,490,513,564,616,695,755,817,903,1004,1022,1115,1177,1295,1449,1502,1673,1560,1718,1775,1855,1818,1997,2096,2012,2177,2229,2247,2307,2293,2352,2403,2351,2544,2483,2584,2783,2812,2937,3312,3847,4186,4816,5571,6670,8260,9688,11706,14400,18073,22707,27968,34799,43621,54312,65799,80685,98350,116018,138975,160343,186604,207989,232956,254769,274890,290633,303673,316136,320791,323796,323530,315739,312853,300221,285161,274464,261536,243274,229758,217501,206197,191744,178862,166489,152466,142513,130857,122873,114963,106079,98174,91217,87684,83162,77371,73798,70079,67237,63999,61540,59992,57097,59589,57068,57482,56306,57828,56728,57029,59193,58595,61705,64219,62374,66017,67931,71761,75321,74851,82817,84324,88021,91988,98090,98624,100380,109090,108176,114691,113697,117311,123661,119823,122497,120124,124065,121111,122068,115586,115131,110882,102278,103624,92775,92483,81143,73960,70168,64198,58020,52793,49965,48960,41755,40061,36416,34257,35995,27453,,13453112
F11,248,255,301,313,311,319,380,429,422,487,505,573,632,657,661,758,770,846,862,875,927,1012,1049,971,1048,1094,1118,1111,1217,1150,1263,1247,1285,1298,1309,1335,1378,1329,1374,1634,1645,1830,2106,2353,2746,3220,3736,4532,5635,6643,8330,10776,13250,16330,20170,25306,30117,37081,44534,54317,64256,73866,86394,96274,107883,118068,125848,134571,140887,147056,148504,149638,148957,146459,144240,138513,132385,125812,119852,112956,105187,102407,94535,88548,83069,77183,70913,66280,60654,56377,53464,49209,45282,42505,39881,38048,35385,34176,32680,30385,30219,29197,27611,27933,27680,26323,27168,27070,25955,25722,25757,27556,27903,27484,29325,29539,31015,31727,33781,34161,35574,38749,39998,42053,43181,47189,44896,49105,49939,51227,54961,52802,56315,55659,55421,59284,57874,57853,56722,55645,53451,52729,51937,52613,48559,43844,41785,37843,35775,34499,33075,29115,28208,24751,21611,22927,21169,19749,15879,17457,15462,,6278008
F12,187,207,228,228,244,248,256,262,308,330,341,352,413,474,477,487,493,574,576,572,623,643,624,607,677,734,684,731,752,730,757,752,758,795,779,791,844,778,851,959,954,1023,1131,1291,1410,1797,2117,2479,2872,3578,4285,5267,6625,8693,10318,12891,15696,19348,22751,27448,33337,38442,43257,49594,54817,60280,64738,69057,71627,73726,75816,76359,75637,73706,73307,70729,68371,64526,61455,57506,53964,51567,48348,45244,42381,39575,36052,34528,31092,28435,26611,24824,23745,21215,20464,19820,18483,16957,16419,15555,15462,14895,15080,13912,14262,13643,14250,13621,13515,13598,14482,13456,14668,14921,14601,15240,15351,16838,16384,17783,18706,19635,20213,19811,21915,23691,24547,25060,25189,25137,28743,27680,28048,26476,29440,28509,31046,31346,29168,30820,27907,29287,28386,25791,28113,23658,20262,21474,20390,18809,19208,15871,14927,15730,14041,12424,12862,12606,11762,9732,10886,,3250934
G1,220,192,202,216,181,208,213,217,237,232,233,265,270,282,265,277,284,360,351,363,392,377,357,362,413,354,379,386,446,355,412,346,385,363,401,377,331,378,328,324,351,337,325,360,372,399,434,470,494,589,678,715,843,1147,1236,1527,1828,2211,2817,3091,3853,4590,4794,5554,6005,6601,7255,7697,8014,8425,8714,8739,8788,8679,8241,8266,7856,7676,7110,6587,6839,6128,5691,5773,5202,5018,4499,3994,3771,3328,3328,3356,3039,2692,2489,2338,2425,2161,2281,2012,2042,2009,1843,2111,1770,1941,2163,1915,2022,1998,2132,2261,2215,2596,2578,1991,2562,2366,2509,2960,2654,3099,3416,3114,2689,3776,3492,3500,4058,3280,4289,3691,3938,4451,4658,4533,4375,4344,4957,4783,5620,5105,4906,4937,4647,4360,4288,5016,4356,4970,4622,4940,4939,4973,4273,4867,5091,5182,4705,5407,5680,,476531
G2,1648,1708,1762,1851,2072,2162,2220,2395,2670,2950,3113,3389,3517,3846,4044,4345,4785,5036,5274,5561,5639,5838,6204,6343,6678,6576,6880,6991,7256,7231,7606,7596,7528,7446,7624,7801,8187,8497,8503,9200,9615,10310,11845,13367,15072,18043,21255,25618,31552,37783,47050,59025,73279,91359,113056,138894,169510,207653,252664,298969,354036,412250,473851,532398,590157,651281,697691,741620,779027,808761,822292,830901,830436,820056,803972,778291,744924,712591,677728,632295,598381,571703,534422,503577,469729,436849,396369,373806,344542,321458,296045,277171,258440,242144,226211,212877,199227,189694,177084,175222,167162,161993,157253,152953,150372,149580,147714,149301,148963,147577,148906,151088,156400,156105,161723,164284,172764,174801,184640,192804,199017,203450,221543,231234,242026,250567,253495,271705,277587,283562,294285,296511,301789,314406,312020,320296,322631,320612,308802,312799,301035,288030,280289,264169,255961,230928,216998,205145,195465,176980,161470,149674,136868,126647,115014,110534,100889,96503,87186,73225,69105,,34732235
G3,1250,1235,1416,1433,1491,1647,1742,1866,2074,2350,2388,2568,2889,3084,3361,3631,3902,3959,4431,4494,4586,4878,5067,5220,5213,5378,5421,5437,5750,5708,5858,5927,6081,5943,6101,6144,6315,6410,6900,7093,7614,8196,9022,10190,11674,13660,16503,19362,23297,28342,35379,42685,53433,66793,83749,102752,125316,151804,186306,220295,261461,306229,352846,395943,440539,484177,515613,554871,581169,601108,610877,623518,619597,614695,601349,580697,557758,533417,508811,474336,446786,424955,400896,373597,348782,328309,296874,277283,258656,241225,220685,203532,192608,180992,168809,158348,149354,140285,137675,128194,125189,120238,116692,112029,112055,110882,109852,108892,109754,111068,108949,112907,114956,116514,121488,122245,125908,133519,133968,140232,148311,150716,160591,172899,172942,185045,188652,201075,206664,209525,216876,218630,223027,224930,226247,238245,236505,229873,236112,231783,224148,214478,213003,199545,188273,174165,164283,151725,148012,137608,125417,112571,104050,96460,88397,77617,76370,71291,61456,60866,54905,,25870494
G4,636,732,748,794,884,843,980,993,1170,1283,1366,1460,1592,1754,1807,1991,2054,2178,2445,2449,2506,2715,2779,2944,2854,3000,3016,3089,3370,3153,3458,3424,3451,3313,3545,3451,3413,3612,3757,3893,4207,4536,4970,5681,6609,7537,9372,11162,13317,16259,20564,25028,30543,39167,48273,59889,72523,88815,107674,128677,153488,177689,205313,229895,257789,282018,300997,320889,336327,348574,351729,359558,357152,352512,343696,330770,319574,304367,285439,269597,257506,240286,226057,208412,199375,185479,169163,157442,145869,135626,124230,118097,109072,99151,95437,89697,85226,80203,77431,73752,70611,68982,65807,65109,63931,62307,63094,62661,61333,62841,64746,64248,65452,66560,69705,70294,71721,74494,77239,80437,85912,88603,90986,98372,100180,103448,107154,112490,118156,115462,124553,125860,128819,131278,134807,131967,133090,138474,135234,130060,135510,124938,120554,116868,109277,99315,93491,89240,80818,78939,67896,66323,60037,55632,55553,47262,44884,42859,37638,31978,32975,,14841053
G5,783,824,834,840,877,995,975,1011,1077,1112,1188,1234,1300,1363,1455,1440,1560,1585,1715,1821,1794,1894,2015,2019,2060,2152,2076,2139,2196,2128,2273,2461,2281,2344,2324,2375,2406,2476,2483,2535,2646,2929,3068,3542,3957,4608,5587,6556,7482,9459,11322,14517,17597,22248,27459,33831,40838,49379,61273,71625,85119,98797,114806,129068,141969,157348,167654,177414,186777,193320,196634,199238,199229,193998,190619,184120,176547,167923,159833,149271,140728,134418,125081,116221,108503,102750,93904,87915,80635,75395,69145,64825,60641,56464,52760,49719,46688,44903,41804,42221,39639,38546,37151,36540,35815,33736,34520,34508,33389,34375,34690,37317,35008,37292,39142,39471,39214,42280,43602,44796,48368,49690,51329,55547,56658,57324,61384,61950,64745,64120,69432,70668,70229,73416,74679,73639,76217,77376,74016,71993,70820,69925,64973,66024,60253,54502,55658,49988,47916,41419,41806,37103,33696,35045,30524,25872,27065,21990,22789,22091,23193,,8289210
G6,275,257,296,289,295,340,310,353,321,380,374,408,418,476,473,474,511,523,594,611,587,639,638,651,617,716,667,660,669,698,655,688,673,633,739,636,695,678,732,825,756,834,897,920,1136,1335,1424,1676,2020,2355,3046,3718,4486,5695,6850,8479,10203,12471,15374,17846,21084,24680,27685,32072,35639,38422,41363,44323,46666,48162,48609,49473,49340,48040,47910,46072,43990,42087,39715,37521,35144,33156,31827,29684,27618,26287,22968,21564,20555,18759,17232,16349,15617,14455,13491,12774,12189,10934,10818,10409,10174,9463,9487,8973,9836,9280,8834,9431,8755,8873,9478,9614,9645,9492,9507,10745,10717,9741,11365,11136,13005,12998,13437,13879,13848,16106,16488,16345,16086,18157,19082,17153,18684,18997,20411,19996,20135,20183,19657,20466,18775,18674,18293,17611,16341,16553,16311,16457,14366,12182,13867,10090,12403,11682,10378,9606,8977,8964,9557,8806,8678,,2155908
G7,224,228,215,235,231,268,243,243,236,257,269,243,270,270,318,274,341,321,346,357,324,358,402,380,341,372,338,374,386,414,380,353,391,327,352,358,333,327,333,319,307,318,309,346,327,382,376,446,470,536,602,627,850,924,1073,1403,1506,1771,2182,2604,2920,3451,3897,4456,4633,5214,5694,5902,6258,6512,6750,6765,6930,6752,6442,6306,5934,5576,5450,5232,5065,4838,4566,4021,3790,3786,3315,3294,3108,2611,2983,2488,2327,2225,2153,2185,2172,1855,1841,1766,1860,1807,1882,1841,1728,1518,1679,1585,1744,1524,1374,1802,1528,1962,2104,1969,1760,1925,2003,2232,2076,2221,2534,2728,2844,2937,2921,2765,3656,3395,3608,4026,4026,4176,3746,3979,3742,3630,4093,3936,4470,4769,4346,3979,4879,3553,4624,3872,4356,4288,4314,3889,4390,5205,4762,3971,5091,4762,4999,4789,5364,,398911
G8,1031,1087,1153,1320,1372,1434,1624,1826,1982,2191,2486,2527,2814,3037,3200,3474,3728,3777,4119,4327,4540,4572,4866,5017,5171,5319,5479,5708,5487,5885,6037,6069,6131,6287,6414,6864,6931,7449,7619,8153,9091,9858,11074,12708,14952,17897,21601,25710,31925,39524,48359,60322,76753,95203,118466,146717,178247,218198,264730,315690,372169,433892,498263,558185,618268,679338,730650,774800,817617,846247,859411,871823,870691,858906,843439,811533,780298,742559,704447,661986,624841,593171,557403,523880,488131,457502,417176,388122,355799,337481,308967,289046,267971,250756,235071,221843,207799,200584,190590,184169,175720,169738,164140,158813,159266,157386,155852,153695,153561,155180,154808,157063,162722,163120,170818,174002,181342,185238,194460,200629,213283,222893,233158,243542,253772,265415,271192,282870,289322,294929,303987,316348,324017,330099,333680,330068,342397,334800,328401,324485,329069,317720,298723,287749,268972,249823,232047,219843,205845,190721,171948,162918,147404,133356,130398,113480,105713,96222,90714,83267,76994,,36419493
G9,778,816,846,997,1069,1197,1326,1525,1621,1730,1895,2082,2222,2568,2644,2798,2924,2987,3385,3554,3485,3829,3842,3994,4110,4341,4379,4409,4548,4816,4804,5020,5069,5358,5049,5513,5615,5734,6099,6534,7123,7883,8825,10368,12091,13968,17344,20595,25014,30709,37908,47321,59916,75147,92887,115455,141367,172162,208815,248138,294151,344239,396545,445132,490340,540574,581640,618946,649160,669801,688698,689205,689767,678076,669368,641962,613789,589434,557536,522881,491542,471691,441693,412192,386285,363868,327870,309161,284390,267032,245908,228355,212003,199065,188226,175258,165339,158257,148210,145059,136968,133276,129302,125995,124743,123241,121756,121525,121949,121889,122585,124930,127351,129533,134027,135880,138920,144210,152210,160674,167463,171009,179438,187342,197794,202991,216020,220570,226223,235806,243173,250336,252212,256866,260345,264387,263070,261329,257844,257396,256588,244503,229754,223567,209183,193382,179668,169766,153943,153103,146474,123922,119197,106985,99142,87864,81462,79135,72924,63338,59796,,28737470
G10,383,426,451,500,546,646,662,763,828,923,978,1098,1160,1184,1351,1472,1591,1561,1746,1800,1744,2047,1964,2021,2132,2229,2249,2364,2289,2290,2461,2452,2502,2577,2586,2665,2696,2927,3016,3190,3469,3863,4363,5192,5890,6930,8493,9816,12434,15091,18555,23027,29224,37289,45770,56530,68515,84467,102271,120932,144610,168824,193142,218163,240850,265586,285650,303492,316748,328690,334623,338980,339503,331341,324507,313415,298670,285639,269996,254558,240068,227805,215411,200859,185606,176273,159058,149085,138869,128086,118377,109363,103069,95943,89906,84356,77751,76035,73061,69366,67159,63119,62632,60264,59744,61022,59570,58581,58072,59607,58773,60682,60982,62557,65642,68111,70785,72523,74922,79559,82208,83750,90616,92411,94801,100672,102352,106925,111174,113173,116736,121288,118755,126047,124914,130405,127028,129565,127856,122128,123377,116945,114106,110678,107883,95763,92314,79647,70252,74261,73340,63906,59159,55054,49082,46237,41133,38797,35580,34450,32028,,14027027
G11,302,284,362,377,397,428,487,479,573,603,695,770,868,873,918,966,1074,1119,1191,1196,1299,1357,1275,1467,1401,1495,1520,1458,1567,1635,1700,1782,1757,1704,1840,1824,1889,2005,1943,2185,2360,2700,2996,3309,3941,4494,5500,6434,7958,9654,12114,14747,18963,23832,29858,36383,44437,54814,67319,79250,94341,109335,126928,142355,156618,171814,185375,196514,205703,212469,216606,220069,217878,215271,212619,203261,194050,185187,177438,162824,156013,148270,139434,129336,122179,113678,102008,96822,89172,82510,76766,72306,67383,62708,58874,55356,51539,49530,48500,46045,43298,41578,40365,40465,39384,39573,38301,38761,37057,39489,38883,39486,40871,41077,43906,43987,43804,45619,47197,48734,51469,51418,58560,59195,61418,65490,66723,68565,70887,69041,73762,78259,79287,81768,84092,82454,85019,82985,82605,84103,78420,75097,71632,73540,67533,61769,60450,56325,53570,50872,46325,39205,41159,33194,34187,31508,28806,27312,27053,21628,22404,,9124136
G12,349,348,377,384,375,376,352,429,419,426,458,456,446,441,572,596,600,591,635,681,691,706,692,700,711,649,694,721,773,726,740,712,783,768,790,793,786,854,814,840,864,962,1061,1203,1373,1546,1764,1997,2426,3030,3794,4740,5676,7295,8930,10967,13168,15858,20025,23139,27710,31824,36917,42246,46268,50829,54873,58113,60730,62248,64296,64565,64251,63291,61281,58902,56929,55233,51166,47943,45210,43540,40762,38098,36127,33495,29972,28270,25807,24923,23137,21200,19616,18942,17175,16379,15394,15342,13980,14175,12447,11964,11904,12288,11901,11980,11315,11958,11429,11244,11152,11967,11994,12880,12930,12757,13413,14356,14671,14221,15869,16701,18106,17735,17619,18850,21290,19950,21679,23230,23812,23318,24329,24732,26126,25537,25458,25737,23692,25189,25033,22368,23130,24096,21065,20025,19169,18834,16683,16373,16640,14295,14598,12954,12698,11271,12058,11065,9116,10659,12622,,2767713
H1,1176,1259,1248,1303,1374,1333,1306,1392,1323,1405,1364,1394,1332,1287,1286,1277,1283,1350,1445,1351,1238,1312,1275,1307,1208,1196,1283,1224,1174,1247,1091,1143,1091,1037,1166,1047,1102,1073,1058,1037,967,989,940,1021,948,964,929,999,1040,1078,1185,1209,1359,1367,1693,1920,2031,2311,2874,2921,3596,3948,4463,5022,5470,5890,6102,6906,6992,7217,7482,7455,7055,7151,6945,6664,6475,6355,5971,5910,5565,5036,4723,4561,4359,3994,3697,3852,3383,3153,2896,2756,2808,2845,2370,2308,2320,2084,2315,2035,1945,1756,1725,2030,1995,1751,1724,1805,1907,1812,1797,1710,1814,2140,1939,2569,1983,2296,1906,2107,2417,2633,3018,2877,3029,3325,2955,3290,3363,3395,3287,3481,4113,4038,4034,3828,3795,3520,4150,4844,4534,4635,4766,3905,4260,4441,3867,4752,4356,4483,4520,3994,4500,4048,4518,4995,4689,4902,5293,5407,4575,,472214
H2,2734,2979,3210,3554,3881,4125,4457,4756,5067,5212,5590,5663,5872,6023,6425,6413,6749,6927,7297,7536,7764,7709,7988,8155,8265,8484,8556,8470,8562,8696,8965,8954,8988,8855,8963,8945,9338,9590,9677,10128,10211,11309,12286,13685,15287,17974,20477,23534,28741,34619,42622,51608,64971,80578,99190,122432,148880,179109,219561,260828,308672,359634,415150,463566,516019,571520,616458,659537,689322,716736,726123,740663,738680,732607,717880,689210,669468,641026,607286,567369,538852,510910,481228,450283,422390,394208,359637,335938,311120,289486,265744,250083,233864,216041,203584,191402,178888,170631,163037,157223,150303,144394,139664,136077,135436,133966,131544,132510,132497,132794,134795,132503,136327,138866,145019,146261,151107,157013,161885,165690,174347,183953,190142,200361,207561,215030,230090,230090,242418,244274,261654,262288,265952,266318,277298,278541,278830,272988,276751,279254,275235,260423,245244,235210,224285,213972,195474,186840,170904,161485,153767,132752,122160,116354,109031,93371,91511,84737,73806,71989,64529,,30968769
H3,1300,1394,1474,1556,1652,1682,1910,2041,2246,2400,2462,2592,2871,3072,3380,3481,3763,3893,4094,4131,4460,4809,4870,4971,5219,5286,5477,5587,5754,5777,5790,6074,6072,5974,6236,6075,6428,6454,6783,6956,7624,8222,9263,10379,11500,14344,16957,19772,24343,29204,36444,45061,57367,71192,87629,108159,129856,159672,195014,233940,274181,319971,367037,411409,456810,506468,538242,578213,605619,624532,637535,642954,645061,633156,621419,597155,577333,550586,523024,486789,464832,434055,412094,383748,359820,337737,305337,286009,266149,246680,227685,212310,200884,183656,173935,162606,152032,145282,139131,133212,129468,123548,122206,116183,116411,113042,113437,113286,113862,111932,114833,117337,120437,120180,123303,127082,133149,133751,142196,145224,153513,162974,167338,178445,183328,186400,198021,202755,213976,216582,229102,224459,234929,244018,241039,237137,243093,247801,236804,236446,230406,219851,216648,204998,194933,181271,172942,160174,145046,138680,131066,114463,112502,98542,91816,82356,77978,72132,62338,60557,58061,,26782863
H4,690,733,765,809,863,922,1037,1148,1193,1256,1386,1547,1579,1752,1902,1936,2109,2273,2307,2502,2719,2667,2795,2798,2954,3073,3219,3217,3153,3330,3319,3344,3426,3388,3580,3569,3523,3693,3857,4070,4312,4681,5282,6098,6740,7968,9576,11162,13480,16789,20999,25966,32213,40088,48754,61505,75256,91581,111694,132731,156784,181447,210656,235538,261568,287152,310839,330571,345624,358341,363551,366185,369043,362938,354825,339920,328334,314899,294716,279440,263339,248956,235421,217127,202639,190193,172577,162914,151065,140322,129635,121185,112637,104221,97126,93067,86196,83411,79587,76196,73662,68843,68369,65826,66446,65663,66831,65235,65213,63688,64235,64358,66617,68898,69272,72799,73125,75746,81462,83698,88776,91428,94630,99943,102992,110710,114239,115640,122105,122137,124874,129509,134770,133205,137400,137558,131878,137924,138750,133088,133594,127491,123288,113699,109664,100123,99461,88800,84155,81083,70669,68741,62672,61184,52379,47902,43813,41178,38962,34604,35341,,15251808
H5,422,437,435,536,550,546,562,666,652,774,863,855,916,992,1070,1199,1228,1370,1423,1411,1535,1538,1648,1697,1673,1845,1802,1855,1847,1807,1844,1957,1924,1825,2092,1862,2100,2054,2127,2264,2448,2645,3006,3215,3650,4469,4999,5959,7297,8997,10878,13796,17171,21345,25999,33505,39545,48351,59015,70434,82914,97722,112112,125196,138838,152316,164425,175855,184467,189310,192076,194077,193070,192641,187885,179046,173503,164990,156030,145735,139159,132506,123248,115941,107811,101688,92858,87011,79534,74436,67964,63993,58674,55051,52266,47626,45001,44030,42402,39297,37901,36980,36680,35552,34902,34874,33975,34791,34677,34020,33210,35240,36593,35687,37471,38058,38724,40819,42927,43667,47764,47524,50389,51632,55205,57356,59739,62930,63465,66180,69312,68906,69267,72682,73719,71675,74161,71602,71076,71146,70373,67104,67076,61529,59014,55068,54649,49988,44487,46487,40573,35632,33586,27874,30402,30740,24117,21990,21466,21164,20826,,8110254
H6,268,284,281,270,306,313,368,378,403,452,483,476,510,610,623,664,714,745,778,809,830,902,946,947,932,974,1026,1069,1040,1032,1102,1041,976,1120,1147,1012,1090,1149,1194,1171,1243,1328,1480,1793,1933,2193,2650,3138,3660,4616,5556,7010,8741,10754,13555,16880,20131,25065,30128,36188,42536,49012,56490,63472,71373,77684,84123,89128,94278,96450,98213,99733,99638,98562,96750,92917,88279,84604,79738,76329,70281,67471,62653,58758,55134,50763,46914,44205,40487,37518,34172,32511,30773,28012,26459,25059,23313,22031,21715,20257,19631,19191,18307,18514,17114,17029,17593,17843,17820,17882,16790,18291,19042,19360,20004,19928,20342,21059,21620,23050,23698,25476,26333,27195,27788,29114,29819,31885,32171,35016,35157,33887,36493,37580,39045,39187,38319,37891,36662,37117,35953,35399,34765,30949,32063,27776,28081,26930,25951,22805,23830,21127,20086,17580,15995,18059,14336,15967,13085,12977,14200,,4194429
H7,192,192,191,191,192,197,198,233,219,239,250,274,253,296,330,329,388,345,373,406,406,412,441,433,465,435,437,510,457,461,447,422,452,436,482,478,434,415,425,425,454,426,422,409,540,465,527,669,694,809,881,1035,1289,1546,1696,1970,2379,3013,3206,3989,4832,5431,6245,7002,7773,8435,9177,9344,10234,10338,10674,10697,10376,10202,10636,9867,9618,8963,8242,8271,7614,7267,6638,6130,5670,5568,5186,4953,4467,4121,3957,3544,3316,3198,2943,3033,2815,2499,2608,2316,2310,2160,2065,2436,2276,2116,2088,2291,2136,2269,2343,2335,2292,2417,2867,2676,2607,2621,2896,2935,3100,3483,3359,3262,3771,3938,3962,3885,4168,4768,4169,4320,4376,4772,5187,5238,4533,4894,5419,5449,5747,6045,4976,5305,4957,5652,4540,5192,4912,4873,5341,4625,4500,4858,4762,5379,4555,4902,4852,4789,5364,,545095
H8,982,1138,1179,1189,1396,1450,1646,1769,1997,2198,2336,2580,2839,2950,3025,3283,3471,3799,3987,4156,4327,4378,4585,4773,4906,5209,5147,5320,5527,5715,5810,5830,6025,6189,6277,6339,6718,6900,7617,7867,8457,9406,10943,12367,14239,17381,20838,24916,30197,37643,46603,57632,73619,90496,112997,140446,170039,208167,254135,300900,357454,414574,479071,537246,597507,655995,702852,747610,785849,814364,826904,835981,833612,821941,807483,777753,746553,713919,676214,630294,601865,569816,538163,498904,469145,439937,398347,375913,344874,323593,297312,278496,259105,241246,225490,214562,200956,189716,182008,175900,165874,164179,157240,154428,149852,152337,148788,151059,145882,149169,149435,156309,160124,161217,163229,171647,175215,179996,181889,193506,200672,215462,219408,233340,240666,247888,259103,271600,282340,287911,301020,304312,312115,315232,318264,322513,321577,320502,317967,314615,311571,298374,284494,273822,259988,236823,225741,206730,190831,183899,171434,147362,136319,122368,118311,112968,99148,95662,84539,82185,70525,,34943750
H9,801,793,854,976,1013,1262,1336,1478,1580,1715,1834,2074,2276,2354,2448,2642,2870,2961,3143,3300,3333,3444,3662,3652,3866,3942,4134,4159,4317,4470,4501,4731,4756,4901,4989,5080,5064,5444,5741,6192,6572,7460,8412,9775,11003,13828,16136,19094,23892,29235,36460,44896,56868,70549,88370,109056,131037,162098,196632,232996,276729,324088,371740,414927,461521,507272,543864,580447,607725,625745,640598,645431,648200,635504,622256,600146,574731,551029,525010,490375,463032,439448,411406,383531,361247,338850,306399,290608,268747,248206,228150,215782,198057,186501,172355,164393,156893,147039,140949,134299,129104,125001,120416,116928,115849,114559,114329,114479,114498,113693,115327,118018,119368,121389,125242,130657,133015,136650,141568,146804,156114,163715,171523,174975,185337,197471,201849,209440,216389,221769,228220,226682,237860,237181,243969,245851,248997,248681,245969,244499,240687,236040,214545,206693,195011,181028,170504,165630,151534,141604,132710,112781,101745,100740,98775,84021,78514,70591,63956,62257,54274,,26942712
H10,572,520,567,639,709,701,865,880,994,1099,1156,1208,1310,1370,1521,1530,1728,1721,1830,1970,2064,2178,2204,2155,2295,2418,2433,2521,2595,2464,2618,2876,2873,2771,2690,2949,2955,3166,3215,3443,3827,3978,4691,5280,6298,7335,9099,10654,13098,15733,19572,24708,30976,38731,48401,59191,71473,87591,107141,128418,152180,176712,202626,227961,251988,278730,299983,318165,333108,345120,348607,354503,353789,348013,341383,327175,314992,301482,283095,265303,252889,238586,225130,207129,195398,182019,167987,154581,146152,134358,124799,114733,108758,100965,95703,89625,82738,78774,77826,73424,70344,68363,67376,64364,61290,62613,62625,60904,61496,62638,62015,63660,64840,67332,69705,69010,71699,74587,77239,80212,84467,88192,92295,98520,103054,105675,106919,110600,114062,120268,124353,125231,127463,130406,131301,133830,136200,133194,133620,128970,132381,123864,121255,114289,103624,99154,94837,86159,82208,79037,71388,67059,57403,51006,53844,49311,45688,39637,39550,39239,31081,,14701403
H11,373,414,403,440,465,482,515,569,593,658,695,707,787,844,892,955,1056,1033,1239,1155,1173,1222,1299,1321,1397,1363,1378,1416,1518,1529,1577,1571,1622,1634,1608,1622,1778,1768,1918,2019,2177,2319,2601,3056,3524,4089,4851,5789,7157,8582,10758,13162,16989,21172,25812,32513,39089,48824,58849,69482,82369,95382,110794,124875,138570,151268,162842,175036,180415,187243,190869,193234,193300,191118,186009,179668,171344,164677,153444,144934,138346,130447,123555,113313,106637,99447,90230,84637,78482,72509,67930,62803,59329,53867,51160,48892,45128,43659,41668,39928,37998,36525,35373,35471,33848,35312,33173,34053,33112,34934,34654,34780,35581,37827,37905,38379,37832,39242,40441,43943,46345,46564,49991,51366,52238,56227,59840,61390,60285,66599,66586,69871,68260,71398,70357,78273,73213,73196,73324,67149,67883,67373,68127,59760,60873,52887,53304,50164,44580,43758,38519,38470,36440,30534,30402,27666,27065,21289,22789,22555,20037,,8032491
H12,201,230,214,222,242,254,267,272,308,303,332,388,418,425,470,465,469,530,542,536,568,693,620,668,661,671,676,731,745,747,761,814,738,713,748,824,798,761,866,893,990,1047,1080,1260,1415,1745,1904,2458,2696,3476,4380,5231,6463,8043,9848,12345,14827,18306,22308,26806,31322,36353,42525,47715,53027,57625,62381,66596,69492,70789,72228,72563,72836,71943,69052,66759,65119,61369,58421,54561,50909,49231,45663,43023,40263,37445,34357,32161,28858,27492,25310,23133,22239,20584,19743,18166,16786,16728,15730,14491,14198,14201,13250,13439,14051,13439,12933,12539,13287,13886,13354,13953,13999,14089,14518,14192,15931,15608,15805,16328,19100,18977,19871,21353,21297,22303,24816,21385,25554,26014,26578,27093,27873,27990,28431,30121,27936,29147,28822,28337,27843,26801,25723,26306,22460,23174,21607,20858,20112,17640,15305,14084,14159,14804,12942,12424,12192,13306,12791,10659,9624,,3114212
